ano,cultivo,provincia_estandar,rendimiento_kg_ha,temp_media_c_ene_feb,temp_media_c_jul_ago,temp_media_c_mar_abr,temp_media_c_may_jun,temp_media_c_sep_dic,temp_rocio_c_ene_feb,temp_rocio_c_jul_ago,temp_rocio_c_mar_abr,temp_rocio_c_may_jun,temp_rocio_c_sep_dic,precipitacion_mm_ene_feb,precipitacion_mm_jul_ago,precipitacion_mm_mar_abr,precipitacion_mm_may_jun,precipitacion_mm_sep_dic,radiacion_mj_m2_ene_feb,radiacion_mj_m2_jul_ago,radiacion_mj_m2_mar_abr,radiacion_mj_m2_may_jun,radiacion_mj_m2_sep_dic,temp_media_c_campana,temp_rocio_c_campana,precipitacion_mm_campana,radiacion_mj_m2_campana
2017,barley,A Coruña,2100.0,8.396186828613281,18.488849639892578,11.37924575805664,16.293048858642578,13.109352111816406,5.725724220275879,14.444595336914062,7.654898643493652,12.916764259338379,10.32674789428711,219.22118447631237,51.47790595314589,161.01745283890918,189.41822184712052,300.1960174649595,419.24976848192773,1301.1194827228917,1080.1247818313254,1323.4138880481928,1189.6825855301204,13.462673,10.232579,921.3307825804475,5313.590506614458
2017,barley,Albacete,1764.0,5.927910804748535,25.313480377197266,11.491161346435547,21.01961326599121,13.462899208068848,1.6653035879135132,10.598527908325195,3.3817310333251953,7.325667381286621,6.692107200622559,66.12758442586468,66.32500130236149,120.31192354156124,30.69700434433837,240.63570827034212,597.8568521548386,1579.9766532,1235.4672862709676,1654.388319419355,1479.502981348387,15.112994,6.0592403,524.0972218844679,6547.192092393549
2017,barley,Alicante,1049.0,9.490596771240234,25.412364959716797,13.716068267822266,21.905790328979492,16.162822723388672,4.6934990882873535,17.007553100585938,6.554007053375244,11.208038330078125,11.193782806396484,100.47162684850525,63.2257032436237,94.60436165855641,11.75980655669251,259.0569310899366,632.0810781754386,1523.8098816842105,1247.1365917192982,1685.041050982456,1465.9529258771931,17.141745,10.308444,529.1184293973145,6554.021528438597
2017,barley,Almería,1481.0,8.008039474487305,25.045129776000977,12.68252944946289,21.221508026123047,15.049124717712402,3.443756103515625,14.293439865112305,5.1315484046936035,9.082413673400879,9.055639266967773,72.73514623697415,53.22295651828524,77.69601083980051,12.061808995296097,239.10529422898622,667.6002679534884,1595.3683183255812,1274.0889921860467,1695.8162239534886,1596.014000372093,16.175909,8.3437395,454.8212168193422,6828.887802790698
2017,barley,Badajoz,2088.0,8.649283409118652,27.40375518798828,14.61870002746582,23.27086067199707,15.998587608337402,4.4158759117126465,9.044015884399414,5.718327045440674,9.98744010925293,8.115449905395508,86.35700852689999,19.24730255218622,92.43669001598444,40.121100867233636,203.83140969449386,599.9733408928571,1683.7234713482144,1174.5042154285716,1592.9863528660712,1564.2391159375,17.65663,7.5660934,441.99351165679815,6615.426496473214
2017,barley,Barcelona,3299.0,5.8973517417907715,22.960224151611328,10.848833084106445,19.117170333862305,12.405367851257324,2.2239720821380615,16.016742706298828,5.88666296005249,12.080268859863281,8.892133712768555,114.84884758696836,97.51540061095181,142.43166805295382,72.92872806436876,295.57653435959537,535.846465082353,1450.2805216941179,1148.7981053411766,1519.7208830588233,1287.0059442470588,13.939053,8.998652,723.3011786748381,5941.65191942353
2017,barley,Burgos,1608.0,3.8628482818603516,19.836505889892578,8.981633186340332,17.020751953125,10.367159843444824,0.4869609475135803,9.833307266235352,2.3065848350524902,9.071331977844238,5.184711933135986,124.9327193907663,49.10111142022937,73.74662668019339,121.7168296450883,169.12216540119226,477.2262978823529,1441.7231063921568,1121.3859897908496,1395.92601675817,1270.792546882353,11.739343,5.344601,538.6194525374696,5707.053957705883
2017,barley,Cantabria,1300.0,5.523532390594482,17.611515045166016,9.275425910949707,15.607587814331055,11.243038177490234,2.364903211593628,13.737582206726074,5.0140838623046875,11.669473648071289,7.786093235015869,193.1460183577104,144.24551237279718,143.3585405219685,235.8515738703988,281.1195307975466,464.3934508363636,1209.6754843636363,1070.8652196,1245.0308894545453,1175.9834753272728,11.7506895,8.059705,997.7211759204215,5165.948519581818
2017,barley,Castellón,1200.0,6.93740177154541,23.416690826416016,11.669227600097656,19.688228607177734,13.623705863952637,2.105576753616333,15.25334358215332,4.7804484367370605,11.061210632324219,8.825468063354492,120.76453440122201,69.16971014503022,81.81228405069297,90.6851771619748,284.0560164501969,580.496767943662,1480.3498837464788,1200.2230893521128,1604.643882535211,1350.9898097042253,14.826493,8.475253,646.4877222091169,6216.70343328169
2017,barley,Ciudad Real,2015.0,6.715259075164795,27.29806137084961,12.889313697814941,22.818614959716797,14.445802688598633,2.4615771770477295,7.3260626792907715,3.7423510551452637,7.796410083770752,6.411410331726074,71.14071691207339,47.55945206130521,108.08857867078919,43.74198227792836,240.4266826686534,575.801797416268,1645.490034507177,1200.8195188133973,1622.3701529952154,1522.4628760526316,16.435476,5.6915374,510.9574125907495,6566.944379784689
2017,barley,Cuenca,2640.0,4.645633697509766,24.53005027770996,10.813124656677246,20.15082550048828,12.126206398010254,0.2967144250869751,8.801183700561523,1.5923633575439453,6.870975494384766,5.547898292541504,71.90501899207416,74.91283915621106,79.36892729155394,72.1779490288185,257.0702501127254,557.4621908695652,1604.8342064565218,1227.5660240108696,1616.2347953586957,1423.9607847065217,14.065341,4.776172,555.434984581383,6430.058001402174
2017,barley,Cáceres,1854.0,7.781068801879883,26.558658599853516,13.615423202514648,22.510868072509766,14.995320320129395,3.7159693241119385,9.269720077514648,5.5242767333984375,10.003519058227539,7.683099746704102,136.05799361881515,35.324120641104486,67.21730700261156,58.12631817728701,292.6913588304475,570.4300723755869,1676.3528668169015,1159.6842139999999,1548.851269633803,1493.5977640610329,16.742777,7.3132806,589.4170982702657,6448.916186887323
2017,barley,Cádiz,3020.0,11.133718490600586,26.450801849365234,15.280129432678223,22.398216247558594,17.530149459838867,7.131723880767822,15.45051383972168,8.895545959472656,12.723017692565918,12.207805633544922,121.77661093691705,14.610582216773969,108.07712346399333,31.402034055205508,356.58746505833005,664.836461859155,1662.6089862535212,1259.7161222253521,1670.4229582535213,1640.6693679577465,18.387194,11.436069,632.45381573122,6898.253896549296
2017,barley,Córdoba,1504.0,8.69436264038086,28.47714614868164,14.624452590942383,23.830181121826172,16.227802276611328,4.285873889923096,9.935712814331055,5.909740447998047,9.816478729248047,8.285415649414062,72.311469322443,39.76853671606098,111.46626726303782,39.5041438223528,247.95799936577677,618.2747826,1667.3838179142858,1210.3445008142858,1632.7527744428571,1588.2512232285715,18.013624,7.7531066,511.0084164896714,6717.007099
2017,barley,Girona,2587.0,6.127013683319092,22.503732681274414,11.338621139526367,18.989126205444336,12.716156005859375,2.064753770828247,16.080806732177734,5.846894264221191,12.876358985900879,8.56563949584961,196.3067149471064,104.36345250489282,149.39424724461603,128.23581626864728,318.2918754266422,521.0048739672131,1390.1889555081966,1146.0756063278689,1446.349527377049,1278.2095073934424,14.065135,9.000015,896.5921063919047,5781.828470573771
2017,barley,Granada,1306.0,5.611944198608398,25.21728515625,11.147293090820312,20.48311424255371,13.156085968017578,1.4162760972976685,8.865689277648926,3.1179938316345215,7.089653968811035,5.782953262329102,84.46567612886429,44.405723694163235,95.93750081598296,27.749826931964982,261.2847740981699,653.8994742945737,1635.0321887131784,1277.3141702015505,1675.5250157984497,1614.7499494651163,14.7953005,5.3425865,513.8435016691453,6856.520798472868
2017,barley,Guadalajara,1700.0,3.638176679611206,23.25577163696289,10.167701721191406,19.140506744384766,11.119256973266602,-0.5347672700881958,7.182839393615723,0.22508969902992249,6.538339614868164,4.286698341369629,83.87126676914261,71.91085911970438,68.36208971748202,93.18575827765653,215.62969179369333,531.8353512125984,1581.415173968504,1206.978687984252,1550.6618583307086,1385.1467796614174,13.073445,3.6641495,532.9596656776789,6256.03785115748
2017,barley,Huelva,3877.0,10.495748519897461,27.798465728759766,15.743560791015625,23.220199584960938,17.35355567932129,6.023797035217285,11.684525489807129,7.855170249938965,11.915914535522461,10.091841697692871,109.60395082372885,4.120134744658851,125.74126403950729,33.154879891779274,217.139369565707,649.3034721538461,1696.7271402884617,1216.5446295769232,1629.7889389615384,1632.7739626346154,18.660849,9.610515,489.7595990653812,6825.138143615384
2017,barley,Huesca,3461.0,3.3234713077545166,22.17513656616211,9.413993835449219,18.35263442993164,10.565052032470703,-0.6827925443649292,11.567615509033203,2.6423110961914062,8.784788131713867,5.4890594482421875,139.188527350595,93.96634801481602,143.92060319347496,137.51504598919456,293.74064268188323,559.993405704142,1484.5169005325442,1202.773394639053,1541.1479604260358,1350.3045619349114,12.399223,5.5483403,808.3311672299637,6138.736223236687
2017,barley,Illes Balears,1482.0,11.59489631652832,26.22817611694336,14.502171516418457,21.921138763427734,18.34393882751465,7.2523722648620605,19.084636688232422,9.02974796295166,15.028715133666992,13.68818473815918,142.60069370824237,23.03649521792351,52.224443613096724,42.0350444514391,217.5499304435974,591.3253266976744,1546.7100291162792,1264.7749753023254,1628.5670045581396,1407.8204156511629,18.489042,12.961974,477.4466074342991,6439.1977513255815
2017,barley,Jaén,2125.0,7.070528984069824,27.84679412841797,13.037799835205078,22.960023880004883,14.79753303527832,2.5883235931396484,7.850825786590576,4.112454414367676,7.612465858459473,6.407557964324951,77.1317802451275,32.64841790729099,124.7138149049547,26.260480902150825,222.149212041718,605.4816074074074,1643.018869125926,1238.002836251852,1641.9424941037037,1577.4290840814815,16.751701,5.8298645,482.903706001242,6705.87489097037
2017,barley,La Rioja,3313.0,3.800501823425293,19.63900375366211,8.872757911682129,16.89496612548828,10.281632423400879,0.30091506242752075,10.832672119140625,2.687924861907959,9.739251136779785,5.247875690460205,131.801605873383,75.79610989930538,93.30019898483386,160.32717540860176,185.88261622018538,500.87422515384617,1415.6170948846154,1129.785120423077,1422.9453636153846,1273.2990613846155,11.628415,5.676086,647.1077063863094,5742.520865461538
2017,barley,Las Palmas,1492.0,16.04755401611328,22.51366424560547,17.973777770996094,20.636268615722656,19.84794044494629,10.329755783081055,17.121170043945312,11.956239700317383,15.326228141784668,14.769359588623047,29.108467625159967,5.4546000050184755,20.545390244769422,12.791369311903653,98.3111012538797,884.0281295789474,1607.677143,1423.1808036315788,1598.196426631579,1994.657905236842,19.477858,14.045352,166.2109284407312,7507.740408078947
2017,barley,León,642.0,3.4435696601867676,19.267841339111328,8.665390014648438,16.1864013671875,9.829121589660645,0.2370917797088623,9.254414558410645,1.5606423616409302,8.551438331604004,4.887306213378906,179.4040982023829,49.46866831924185,75.20563161235324,140.52068057018897,181.73736247403085,476.84317526011563,1475.6819607745665,1139.0562791907514,1370.036636867052,1255.7364929999999,11.203574,4.8963666,626.3364411781978,5717.354545092486
2017,barley,Lleida,3255.0,3.1968088150024414,21.797359466552734,9.120026588439941,17.889944076538086,10.248005867004395,-1.1337684392929077,12.190025329589844,2.51657772064209,8.986366271972656,5.589531421661377,111.08859485299499,92.74936212345406,152.5143170480375,131.4573569138845,254.81799346247206,553.3451037925926,1477.8676109629632,1195.1417863407405,1525.2836626962962,1336.5921122444445,12.083359,5.6230435,742.627624400843,6088.230276037037
2017,barley,Lugo,1760.0,6.224698543548584,18.253742218017578,9.954776763916016,15.956900596618652,11.379638671875,3.675139904022217,13.24477767944336,5.822854995727539,11.928372383117676,8.387110710144043,196.12158983677358,59.00768534772031,137.35047503205033,209.4057309498658,295.8769905561799,433.1325979459459,1347.3697947387386,1082.3095601081081,1317.2727005585584,1206.298564981982,12.1915655,8.574227,897.7624717225899,5386.383218333333
2017,barley,Madrid,1258.0,5.142334938049316,25.1900634765625,11.812511444091797,21.156511306762695,12.828837394714355,1.0374387502670288,7.816716194152832,1.958762288093567,7.498178482055664,5.511244773864746,93.97243229548135,82.18537994773908,50.112466750473814,71.76574830419716,260.6276886435761,543.2358428045977,1631.3387207356323,1212.518178229885,1590.050990137931,1414.5348668850575,14.826515,4.888931,558.6637159414674,6391.678598793103
2017,barley,Murcia,1030.0,8.435087203979492,25.3905029296875,13.03425121307373,21.726119995117188,15.478337287902832,3.7267603874206543,15.57337760925293,5.824789047241211,9.810680389404297,9.786128044128418,74.18673630203821,69.05249768508747,106.90117940649523,14.446587149449417,246.00386994180425,642.5555886725664,1549.1577985840709,1241.680749079646,1694.0907718584072,1507.0030527699116,16.59044,9.084644,510.5908704848746,6634.487960964602
2017,barley,Málaga,2520.0,9.121342658996582,25.49184799194336,13.379589080810547,21.158172607421875,15.883996963500977,5.395663738250732,14.360330581665039,7.56057071685791,11.479829788208008,10.473474502563477,111.24570603729927,62.325895513675796,99.18077610943416,20.527403691375294,344.9238859241547,664.2868217534246,1653.2463374246577,1269.7509706027397,1690.756500630137,1626.4044671369863,16.819824,9.957224,638.2036672759393,6904.445097547945
2017,barley,Navarra,3991.0,4.903532028198242,20.25991439819336,10.018332481384277,17.99936866760254,11.393566131591797,1.6584819555282593,13.09304428100586,4.329233169555664,10.847442626953125,7.258409023284912,166.8259608961385,104.68135121387655,137.30826175623926,147.67069844336345,262.64540386919316,503.3593865517241,1330.827885051724,1109.1576539310345,1407.1938617068965,1244.5277226551725,12.66138,7.407503,819.131676178811,5595.066509896552
2017,barley,Ourense,1760.0,5.3107829093933105,19.14254379272461,10.036055564880371,16.498023986816406,10.92522144317627,2.5195446014404297,11.819612503051758,4.250456809997559,10.862335205078125,7.063637733459473,243.32039232495464,62.040877418050286,108.44438145205945,166.3997363229341,270.41339667914787,459.1411066329114,1502.3672694177217,1114.905569063291,1400.788104506329,1296.1685351518988,12.139642,7.2632046,850.6187841971464,5773.370584772152
2017,barley,Palencia,751.0,3.812084674835205,20.463472366333008,9.417886734008789,17.317724227905273,10.488479614257812,0.3415571451187134,9.055256843566895,1.6070080995559692,8.61823844909668,4.994384288787842,120.01911536964138,39.334844335411375,55.384314376316716,131.1705967750442,152.76731487773776,480.85292224719103,1501.6116966516852,1146.1252059325843,1408.120028966292,1285.5759736292136,11.998021,4.935138,498.67618573415143,5822.2858274269665
2017,barley,Salamanca,1254.0,5.08278751373291,22.669601440429688,10.974843978881836,19.61505889892578,11.884495735168457,1.5380054712295532,8.549016952514648,3.0057320594787598,8.363627433776855,5.925504684448242,114.83225675901971,43.24883420686973,49.97896596094719,63.76900112360043,212.58843985446413,543.2197198796993,1661.660778180451,1183.51938681203,1507.9000354135337,1397.8877698721806,13.685214,5.551232,484.4174979049012,6294.187690157894
2017,barley,Santa Cruz de Tenerife,1000.0,14.048532485961914,21.385976791381836,15.78587818145752,18.765411376953125,17.593496322631836,9.210113525390625,15.346139907836914,10.23395824432373,13.930654525756836,13.125131607055664,51.51694426933925,9.463075896899682,39.33019605030616,19.162484428224467,123.240762793459,904.7880738333333,1637.5916418333331,1417.4495081666666,1627.5610056666665,2020.3532346666666,17.5288,12.495189,242.71346343822856,7607.743464166666
2017,barley,Segovia,1200.0,3.8988471031188965,22.44539451599121,10.044297218322754,18.861621856689453,11.004035949707031,-0.05472767353057861,7.3607611656188965,0.7047488689422607,7.066205024719238,4.483946323394775,102.236560832513,51.937709383666515,53.94660506279845,91.77089672104309,196.00419294010652,521.2288970526316,1598.535387394737,1200.3967916578947,1519.0516375000002,1391.9051490263157,12.876372,4.00748,495.89596494012756,6231.11786263158
2017,barley,Sevilla,2232.0,10.332937240600586,28.751815795898438,15.950278282165527,24.367385864257812,17.538349151611328,5.743230819702148,12.326765060424805,7.397416114807129,11.207468032836914,10.17454719543457,78.70203236249131,18.74284841904653,113.86823991150922,32.5357208499475,248.27931623958364,642.4339023380282,1681.209719774648,1230.7730864084508,1651.6967860985915,1622.433022492958,19.079851,9.503996,492.1281577825782,6828.546517112676
2017,barley,Soria,1416.0,3.241607666015625,21.312406539916992,9.251901626586914,17.736295700073242,10.249689102172852,-0.7799109220504761,8.124612808227539,0.23328334093093872,7.471213340759277,3.979269027709961,100.1177458658553,59.430835694336054,61.62593014930424,126.6262810962242,165.60901674837396,532.0395122105264,1536.1280628947368,1189.5281792807018,1492.395304245614,1353.7205885789472,12.006931,3.8346226,513.4098095540937,6103.811647210526
2017,barley,Tarragona,2206.0,7.570415496826172,24.571269989013672,12.717916488647461,20.814586639404297,14.351766586303711,3.4712703227996826,16.346847534179688,6.1964826583862305,12.093595504760742,10.195343971252441,94.47328772620548,48.68093763812193,98.13743238695083,56.76289246266796,255.5454122499814,551.7098200634921,1496.0801244126983,1202.1341732063493,1605.7608361587304,1328.5709272857143,15.729621,9.749814,553.5999624639277,6184.255881126985
2017,barley,Teruel,1345.0,3.7671701908111572,22.238277435302734,9.765909194946289,18.390872955322266,10.807857513427734,-0.7552906274795532,9.952350616455078,0.8365176916122437,7.396797180175781,5.106350421905518,86.20408233831515,69.97511112071433,75.69533240420263,109.71394736736825,209.46577225897298,576.3732586918239,1508.3048709308177,1216.4350651320756,1569.1288653333331,1371.120393301887,12.629658,4.607179,551.0542454895733,6241.362453389937
2017,barley,Toledo,1312.0,6.29641056060791,26.35687255859375,12.653938293457031,22.307729721069336,13.930994033813477,2.2690300941467285,8.435001373291016,3.609372138977051,8.253591537475586,6.443840980529785,79.48931071736057,82.61345129168552,69.98175083295158,55.404654927598024,269.83346761439157,562.5684610931677,1648.8459726832298,1190.9816590186333,1606.6881317515526,1461.9769061428572,15.912823,5.909113,557.3226353839873,6471.061130689441
2017,barley,Valencia,1815.0,7.6315155029296875,24.811817169189453,12.462533950805664,21.067787170410156,14.605378150939941,2.9316253662109375,15.391735076904297,5.276966094970703,10.473968505859375,9.392180442810059,97.48299310404227,62.36231571053146,90.70049785145926,25.65127101239808,338.8841516506781,600.0745515963303,1509.7861350642202,1224.0088394495415,1650.968006917431,1386.7732120091744,15.864068,8.809776,615.0812293291092,6371.610745036697
2017,barley,Valladolid,611.0,4.871201992034912,23.016109466552734,11.225683212280273,20.073627471923828,11.66517448425293,1.1060208082199097,8.070409774780273,1.4139264822006226,7.714852333068848,5.481225967407227,92.98202419755134,32.91850634664297,34.38736052337018,69.0824138014154,156.09544497762212,503.9613753181818,1615.7674567727272,1193.205044931818,1499.3405773636364,1359.6113289545453,13.75283,4.8779435,385.465749846602,6171.885783340909
2017,barley,Zamora,894.0,4.835715293884277,22.17631721496582,10.762725830078125,19.103431701660156,11.361358642578125,1.3588039875030518,8.607993125915527,1.9527719020843506,8.281977653503418,5.699240684509277,138.10482380006994,40.1727234866204,42.72883491164872,82.63789090354528,165.63540121540427,505.64745253571425,1630.080273375,1177.9017704642856,1483.4510051785714,1324.7747113928572,13.266818,5.2666717,469.2796743172886,6121.855212946429
2017,barley,Zaragoza,1699.0,5.735088348388672,23.94788932800293,11.960485458374023,20.986408233642578,12.598176956176758,1.4563267230987549,11.568730354309082,3.0905182361602783,9.05773639678955,6.839730262756348,79.58369106244533,51.051716765507734,75.72956007592222,80.6430932541794,183.54875966304158,554.7355365106383,1511.5945541170213,1211.6911507127659,1552.2885007021277,1355.0494024787236,14.637704,6.475462,470.55682082109627,6185.359144521277
2017,barley,Álava,4800.0,4.657996654510498,18.705928802490234,9.124872207641602,16.50522232055664,10.772753715515137,1.9025968313217163,12.89267349243164,4.616758346557617,11.14792251586914,7.120502948760986,148.78052022176632,62.749576721997826,119.58977167045369,134.70246818836998,202.22621061959688,466.12679458823527,1256.4119470588234,1062.7067544705883,1314.034241882353,1200.3650901764706,11.756588,7.466826,668.0485474221847,5299.644828176471
2017,barley,Ávila,475.0,3.81014347076416,22.177196502685547,9.752904891967773,18.566097259521484,10.967450141906738,-0.07463383674621582,7.115152359008789,1.2033261060714722,7.018726348876953,4.381970405578613,119.90639584251197,62.00621500934463,56.05903909938881,84.7826827455716,269.15366747221316,556.7245981686747,1644.0963699036142,1207.5506528433734,1540.6475505301205,1437.2502892168675,12.706874,4.004419,591.9080001690302,6386.26946066265
2018,barley,A Coruña,2080.0,7.973672866821289,18.9995174407959,9.476034164428711,14.605047225952148,12.80169677734375,5.538522720336914,15.611005783081055,6.630666732788086,11.821760177612305,9.597010612487793,291.81225150464525,83.83588498848749,433.88968282722567,160.24903612251742,329.60258375449354,393.8561877590362,1283.0876977831324,852.6488856506023,1200.9880181445783,1176.5722726626507,12.776277,9.799329,1299.3894391973693,4907.153061999999
2018,barley,Albacete,2300.0,5.258831024169922,25.341232299804688,9.618878364562988,17.823232650756836,13.094225883483887,0.36693137884140015,10.040050506591797,2.856879234313965,8.213724136352539,4.370049953460693,98.37513168511852,34.926194944977766,132.5484035830344,121.08967100574124,82.19260079745324,627.4096971354838,1623.1934468,1102.3843223290323,1502.5993663741936,1639.9936447548387,14.038437,5.036281,469.13200201632515,6495.580477393548
2018,barley,Alicante,800.0,9.12894058227539,25.879486083984375,13.37401008605957,19.778478622436523,15.633705139160156,3.4026741981506348,16.779361724853516,4.646925926208496,11.520437240600586,8.965147972106934,111.22760361955878,42.19353270164707,54.06738041890295,94.0132713228987,78.35812586990365,623.7688013333334,1547.1931088070176,1191.558280982456,1577.647829614035,1586.3279258070174,16.571388,9.046616,379.8599139329111,6526.49594654386
2018,barley,Almería,1730.0,7.915733814239502,25.080753326416016,11.626688003540039,18.547348022460938,14.711238861083984,1.9486247301101685,13.16894245147705,4.3171067237854,9.494905471801758,7.68507194519043,61.934895069100136,23.877719722547415,121.74753440535345,60.541561230324035,69.76121191628451,696.9935913488372,1638.967039860465,1196.8169419069768,1601.3342590232555,1714.2029880930231,15.432167,7.3832874,337.8629223436095,6848.314820232557
2018,barley,Badajoz,4168.0,7.934409141540527,26.73179817199707,11.51417350769043,19.264732360839844,16.440872192382812,2.9628164768218994,10.947823524475098,6.381556987762451,10.472965240478516,5.760271072387695,94.43162984826735,5.249519772074044,257.47413751695836,70.05558628588915,101.67842787887014,616.6124636071429,1685.9518006160715,1024.3216633749998,1463.8696557053572,1685.816075607143,16.38781,7.0476174,528.889301302059,6476.571658910714
2018,barley,Barcelona,4678.0,5.103606224060059,22.487503051757812,9.706929206848145,16.829883575439453,11.307474136352539,1.7202798128128052,17.112852096557617,5.134554862976074,12.653013229370117,7.190959930419922,206.3938302783405,201.42338777359794,207.69856437514812,260.52385414067436,206.37268056308523,505.2796673411765,1373.8483980235294,1085.3110023882352,1347.0508743764708,1306.6402712352942,12.790479,8.500437,1082.412317130846,5618.130213364706
2018,barley,Burgos,4324.0,2.7045037746429443,19.3828067779541,6.916170597076416,13.542415618896484,9.909111022949219,0.2709308862686157,12.392857551574707,2.923469305038452,9.17263412475586,3.821986675262451,187.84735257485335,71.51289538710432,240.51327457303313,171.23962246592527,170.7761092631061,406.0552277647059,1421.8645955424836,938.2504254313725,1287.3222025751634,1308.4030001895424,10.39402,5.4006443,841.8892542640223,5361.895451503267
2018,barley,Cantabria,1504.0,4.383886337280273,18.210433959960938,8.182515144348145,13.489386558532715,10.591270446777344,2.038160800933838,15.136678695678711,4.223325729370117,10.611001968383789,7.069464683532715,304.73705387548966,178.16702732497995,281.5970991004597,241.16611478762195,378.30725756125014,405.7071189818182,1184.7007074909093,903.2222469999999,1166.7710664,1196.1481441272726,10.908127,7.691349,1383.9745526498014,4856.549284
2018,barley,Castellón,1109.0,7.10172700881958,23.768543243408203,11.212226867675781,17.821533203125,13.242020606994629,0.7366818785667419,15.586849212646484,3.138399600982666,10.646774291992188,5.7097368240356445,90.90838860122251,95.18551524550142,97.87819063747432,168.3679841446205,71.78101769530437,586.9497609014084,1454.1633725070424,1136.3659180985915,1455.0033105915495,1529.3433326619718,14.398011,6.9213634,524.1210963241232,6161.825694760563
2018,barley,Ciudad Real,2160.0,5.786038398742676,26.932008743286133,10.009994506835938,18.562776565551758,14.455528259277344,1.3120421171188354,7.8479437828063965,4.499651908874512,8.817872047424316,3.782278060913086,107.42523236594133,8.018562364246046,248.50067885640703,85.52157998797996,117.48536332140333,599.8034291100479,1691.998333311005,1030.6166740047847,1484.35660230622,1666.5374394210526,15.033646,5.007011,566.9514168959777,6473.3124781531105
2018,barley,Cuenca,2967.0,3.942498207092285,24.27483367919922,7.920260429382324,16.487367630004883,11.717567443847656,-0.63667231798172,9.052950859069824,2.5849862098693848,8.066978454589844,2.8479788303375244,109.30707324101873,26.999457395172417,229.60557932050332,142.21821200394112,95.4030582136272,567.3039586521738,1615.7314541630435,1021.9399224565218,1464.4837268152173,1589.819443402174,12.676682,4.1273665,603.5333801742628,6259.27850548913
2018,barley,Cáceres,3125.0,7.210171222686768,26.22393035888672,10.633234977722168,18.829185485839844,15.352888107299805,2.3315505981445312,11.031793594360352,5.875607967376709,10.577621459960938,5.4135565757751465,110.03916126069888,7.994720474397107,355.05640870976333,80.90867303934456,124.80446210910375,577.8946163004695,1663.8308697370892,987.7259068779342,1452.3745733051644,1637.1488809624411,15.600383,6.773948,678.8034255933077,6318.974847183099
2018,barley,Cádiz,5510.0,10.47603988647461,25.125221252441406,13.381351470947266,19.071353912353516,17.83270263671875,5.903921604156494,15.625595092773438,9.219991683959961,12.486109733581543,10.913055419921875,103.6594575509219,0.45880181108220996,420.2581605508294,37.83086723094465,142.52662427996245,694.9353670985915,1696.193685915493,1096.5421761267605,1595.1052738591547,1766.8297055633802,17.286562,10.843621,704.7339114237407,6849.60620856338
2018,barley,Córdoba,4340.0,7.82375431060791,27.470054626464844,11.632891654968262,19.79132652282715,16.367294311523438,2.8688364028930664,10.79873275756836,6.535458564758301,10.290128707885742,6.281155109405518,116.47235131434032,4.017538758854582,309.7466631940433,57.32445587632911,118.974322481342,648.2118129714286,1699.3760101142857,1025.8967800857142,1499.3863784714285,1717.9251728,16.575438,7.175911,606.5353316249093,6590.796154442857
2018,barley,Girona,3339.0,5.275361061096191,22.953643798828125,10.163956642150879,17.289932250976562,11.382680892944336,1.2444512844085693,16.536739349365234,5.500062465667725,12.217445373535156,6.834831237792969,177.1009316991587,188.68965090689113,211.35436156538668,236.4761934026343,245.7229192022417,490.8325293114754,1351.6414891803279,1052.7047046065572,1339.8641869836065,1275.4577851639344,13.07471,8.194726,1059.3440567763125,5510.500695245902
2018,barley,Granada,1907.0,4.995020866394043,24.075363159179688,8.483160018920898,16.34657859802246,13.00104808807373,-0.03770339488983154,9.150769233703613,3.4877891540527344,8.082758903503418,4.311572551727295,76.89862697900728,24.849693725946857,290.5416499995446,94.67218231531076,118.6442513155296,690.5337909457364,1677.1747941085273,1097.3664515891473,1555.185652728682,1726.009156116279,13.317037,4.88446,605.6064043353391,6746.269845488372
2018,barley,Guadalajara,2900.0,2.720055103302002,22.909862518310547,6.939118385314941,15.29019546508789,10.448427200317383,-1.093300461769104,8.043545722961426,2.10831356048584,7.714150428771973,1.8953922986984253,130.1256852581745,22.98875336812472,229.20619556284328,159.14784237812825,91.09131625259486,502.02508702362206,1593.3745936692912,997.6169843070866,1428.0544816062993,1513.841700496063,11.459348,3.427249,632.5597928198656,6034.912847102362
2018,barley,Huelva,3766.0,10.049365997314453,26.588363647460938,13.033534049987793,19.763307571411133,17.96924591064453,4.168384552001953,13.174224853515625,8.152082443237305,11.711212158203125,8.251114845275879,85.47596087593298,5.855120588890993,285.3453286725741,64.74917052170404,92.4717266275525,674.916960576923,1688.6086862115385,1050.329332903846,1503.9004812115384,1743.7760566153847,17.562178,8.951356,533.8973072866547,6661.531517519231
2018,barley,Huesca,3463.0,3.1048593521118164,21.96118927001953,7.373895168304443,15.569757461547852,9.741327285766602,-0.8967861533164978,12.723745346069336,2.597709894180298,9.896214485168457,3.5782651901245117,156.58844464311937,105.05589278827051,295.5195204231161,230.82021745986486,189.29146042395624,540.889171739645,1495.902543112426,1042.9262333550296,1396.564130556213,1432.2993781005916,11.248726,5.2462354,977.2755357383271,5908.581456863905
2018,barley,Illes Balears,1663.0,11.214777946472168,26.495044708251953,14.033609390258789,20.100513458251953,17.181821823120117,6.794577598571777,19.5931453704834,8.951292991638184,14.665397644042969,11.91089153289795,140.79196562739307,33.900882879120495,106.17583771916323,75.8990979042164,179.4255380727524,552.578020744186,1534.491875116279,1166.496985744186,1552.2395181395348,1444.5722113255815,17.701265,12.304366,536.1933222026456,6250.378611069767
2018,barley,Jaén,3460.0,6.084107398986816,26.43924331665039,10.065203666687012,18.452688217163086,14.674604415893555,1.4395161867141724,9.101079940795898,4.9618940353393555,9.175788879394531,4.350529670715332,109.6651846912172,12.417166905589747,312.52608507297657,87.36940438703255,141.07287388804747,643.0186310222222,1684.8042095555556,1013.4301422740741,1487.919409688889,1696.189336540741,15.065075,5.563223,663.0507149448636,6525.361729081482
2018,barley,La Rioja,4896.0,2.576183557510376,19.166994094848633,7.076521396636963,13.556596755981445,9.576963424682617,-0.030749976634979248,13.444440841674805,2.785956859588623,9.459136962890625,4.125753402709961,232.2057771224242,126.60718670143531,237.83092364668846,249.52457322524145,177.71887950943065,435.86594015384617,1417.7386287692307,976.9338341153846,1279.1540292692307,1289.5690847307692,10.255036,5.6517158,1023.8873402052201,5399.2615170384615
2018,barley,Las Palmas,1486.0,15.419400215148926,21.52631378173828,16.901988983154297,18.36115264892578,20.377363204956055,10.394279479980469,17.009693145751953,11.670928955078125,13.330976486206055,14.373553276062012,66.18745508476307,7.078100682720297,15.762347317741888,14.447502448664684,25.696642256979096,861.8162764210526,1590.6977968947367,1374.4815836842104,1565.0226694210528,2047.9226230526315,18.827265,13.525497,129.17204779086904,7439.940949473684
2018,barley,León,3567.0,2.454206943511963,18.817333221435547,5.435794830322266,13.420220375061035,9.693024635314941,-0.44957488775253296,11.165786743164062,1.9452582597732544,8.136148452758789,3.3406870365142822,144.1782858668035,75.74755124799434,282.5513087256106,203.5095996009132,212.83486265116343,443.49913105202313,1419.0254207398843,949.4667090578034,1309.0135893294798,1344.0431717052022,9.918934,4.579832,918.8216080924851,5465.048021884393
2018,barley,Lleida,4057.0,2.6553239822387695,21.183361053466797,7.319102764129639,15.239263534545898,9.258661270141602,-1.3563894033432007,13.55478286743164,2.2744879722595215,9.788817405700684,3.454360008239746,153.91394803479866,153.16102058026524,234.6515126934758,253.08502480012402,156.8727746365247,530.205081362963,1438.577507377778,1074.4521179777778,1371.635299214815,1394.8336797851853,10.819062,5.19507,951.6842807451884,5809.7036857185185
2018,barley,Lugo,2150.0,5.498990058898926,18.365924835205078,7.8466267585754395,13.803200721740723,11.093755722045898,3.485342502593994,14.633450508117676,5.0412397384643555,10.864137649536133,7.509228706359863,279.3347452503067,108.28885957625535,387.2419069865802,197.41517242440233,352.8620856248581,367.71244043243246,1288.9473606306306,825.7429491981982,1187.9599333513513,1192.5744234144145,11.28371,8.173772,1325.1427698624027,4862.937107027027
2018,barley,Madrid,3150.0,4.322798252105713,25.349288940429688,8.644601821899414,17.656084060668945,12.48635482788086,-0.020482897758483887,8.155450820922852,3.312541961669922,8.29861068725586,3.2455575466156006,116.82175607105782,11.10432425413238,221.00952303820642,101.0905365834291,74.12031489644927,533.6762810114942,1645.6114499770115,1013.6971326551725,1481.1175591954022,1578.2762313448275,13.490913,4.3728724,524.146454843275,6252.378654183908
2018,barley,Murcia,1176.0,8.240007400512695,25.864643096923828,12.651142120361328,19.550460815429688,14.976700782775879,2.213271141052246,14.732089042663574,3.780416250228882,9.993566513061523,7.829434394836426,71.97734670090463,27.679120042682747,66.76015158142664,62.76365234880848,59.01278736224744,663.4527748318584,1588.117632920354,1193.2094182035398,1558.5867519292035,1624.043510256637,16.043276,7.729702,288.19305803606994,6627.4100881415925
2018,barley,Málaga,3947.0,8.523965835571289,24.932327270507812,11.518792152404785,18.18433952331543,15.609095573425293,4.012531757354736,13.856395721435547,7.19812536239624,11.155719757080078,9.508899688720703,98.42815814932732,1.6354790000174806,354.12441303632033,52.95783289572964,119.9498144165702,690.4737520547945,1707.9032739999998,1083.9302881780823,1589.1722935342466,1745.5870983150685,15.729603,9.206761,627.0956974979649,6817.066706082192
2018,barley,Navarra,3849.0,4.199838638305664,20.653640747070312,8.605162620544434,15.029437065124512,10.406099319458008,1.6529468297958374,14.947060585021973,4.211717128753662,10.922313690185547,6.149090766906738,263.7919282522695,148.3783710758234,281.4164673953221,194.3154313975367,267.23397102335406,418.9773097931034,1376.6398699827587,933.3706419310346,1249.9262496724139,1229.9727701206898,11.550046,7.338703,1155.1361691443058,5208.8868415
2018,barley,Ourense,2150.0,4.3465094566345215,19.141878128051758,6.900699615478516,14.204658508300781,10.772703170776367,2.010655403137207,13.135649681091309,4.196974754333496,10.173227310180664,5.928277969360352,202.33867744856244,64.59143479998353,447.4352137227602,204.30647624142563,302.5264581704064,414.81734172151897,1420.887987772152,835.3580134556962,1270.4810595696201,1327.4733174810126,11.023192,6.89551,1221.1982603831382,5269.01772
2018,barley,Palencia,4357.0,2.772000312805176,19.997343063354492,6.707396507263184,14.136293411254883,10.23759651184082,-0.12462389469146729,11.413368225097656,2.665870428085327,8.52285385131836,3.4063079357147217,123.45626967676569,52.84491259045899,228.07011702891145,162.25020471851477,132.6236502034276,435.37419788764043,1474.5468039101124,954.8262718314606,1361.717970022472,1364.610595494382,10.681371,4.881681,699.2451542180785,5591.075839146068
2018,barley,Salamanca,3878.0,4.185718536376953,22.443893432617188,7.8168439865112305,15.578393936157227,11.965310096740723,0.6081316471099854,10.412646293640137,3.786515712738037,9.398420333862305,3.634524345397949,108.42308350702874,14.489433139674645,292.4881903300608,129.98233005964664,104.56056540640407,498.345098556391,1635.2036375187968,958.8603631353383,1405.0095863007518,1557.5518399473683,12.3259115,5.245794,649.943602442815,6054.970525458646
2018,barley,Santa Cruz de Tenerife,1050.0,13.256011962890625,20.343536376953125,14.969839096069336,16.614084243774414,18.456451416015625,8.705474853515625,15.522817611694336,10.617340087890625,12.294260025024414,13.39319896697998,95.8297449077169,9.438632109124836,31.6307641454041,25.121639761608094,61.62428988811249,865.6093061666667,1634.06357575,1395.4181958333334,1617.2205138333331,2045.0125023333335,17.016062,12.321049,223.64507081196643,7557.324093916666
2018,barley,Segovia,3100.0,2.467456817626953,22.158445358276367,6.867873191833496,14.768238067626953,10.55826473236084,-0.5586660504341125,8.837638854980469,2.3284895420074463,8.352100372314453,2.3077120780944824,163.31540641345475,22.795701378490776,244.24698178391708,151.30627544930107,109.705842903178,464.40913110526316,1615.2686767105263,994.0816311315789,1437.2593284210525,1506.2861731842104,11.229756,3.9291642,691.3702079283416,6017.304940552632
2018,barley,Sevilla,3795.0,9.702560424804688,27.504697799682617,13.128951072692871,20.478574752807617,17.97701072692871,4.152580261230469,13.115107536315918,8.146852493286133,11.52375602722168,8.136171340942383,100.68217462133353,1.924705273017589,301.29266807227066,49.99296601525914,108.34626274533622,677.1121608732394,1704.295773,1053.8045036338028,1526.9133641267604,1746.9620106197185,17.794802,8.86844,562.2387767272171,6709.087812253521
2018,barley,Soria,3445.0,2.040116786956787,20.818023681640625,6.448932647705078,14.060216903686523,9.473450660705566,-1.077948808670044,10.001502990722656,1.871843934059143,7.856246471405029,2.143585205078125,152.27801795905097,46.05356315105108,206.0281380624102,174.68504554556128,106.42814726526277,469.6921219649123,1550.0657433859649,1007.0060406140351,1418.850475526316,1432.881877017544,10.385698,3.823136,685.4729119833363,5878.496258508772
2018,barley,Tarragona,3330.0,7.868842124938965,25.090089797973633,11.902505874633789,19.028095245361328,13.769416809082031,2.7348783016204834,16.961124420166016,5.377618789672852,12.224188804626465,7.273003101348877,118.95857184273856,101.52540648314688,129.64290297220623,135.41905392919267,85.36440280198106,545.7151552380953,1469.5405254603174,1116.489434079365,1470.4282295873015,1452.0753407460318,15.238061,8.6406355,570.9103380292654,6054.248685111111
2018,barley,Teruel,2346.0,3.371558904647827,21.91470718383789,7.667934894561768,14.986238479614258,10.170245170593262,-1.2629504203796387,10.928594589233398,1.2400745153427124,8.02945613861084,2.2135138511657715,88.46869396488621,72.54998939254749,167.11375429645273,177.5993328461857,62.006353191422214,554.4361699874214,1516.0360556855348,1084.327099327044,1411.3020906666666,1538.241561616352,11.380155,3.8937004,567.7381236914944,6104.342977283019
2018,barley,Toledo,3199.0,5.540532112121582,26.543697357177734,9.8104829788208,18.598642349243164,13.830305099487305,1.1163172721862793,8.599457740783691,4.4360504150390625,8.915677070617676,4.107030868530273,116.19538950697975,4.958112810651616,237.05266125157755,83.09342705240901,90.49512586155791,571.9512156521739,1674.2540351801242,1033.7176575838507,1495.0169304347826,1636.8467389503105,14.692328,5.213594,531.7947164831759,6411.786577801242
2018,barley,Valencia,2600.0,7.487569808959961,25.3897647857666,11.892200469970703,19.24416732788086,14.229337692260742,1.5313208103179932,15.011847496032715,3.563345432281494,10.201135635375977,6.515574932098389,120.87227552308948,52.691409328798635,81.20541678382716,111.70960806925362,68.25327072121682,602.4429104220184,1514.8828996697248,1153.905487642202,1513.6751618348626,1571.6850254587155,15.412063,7.223133,434.7319804261857,6356.591485027523
2018,barley,Valladolid,3892.0,3.9397058486938477,22.854434967041016,8.17602252960205,16.064960479736328,11.486985206604004,0.5259982347488403,10.084392547607422,3.397735595703125,8.969779968261719,3.373671054840088,101.43031178821218,20.848042959072203,202.10977124625987,124.22424122013828,82.32778684862636,448.5470061363637,1619.7529168181818,988.967643,1438.9606493863637,1473.658553840909,12.334849,4.954208,530.9401540623089,5969.886769181818
2018,barley,Zamora,3866.0,4.084102153778076,21.84388542175293,7.59636116027832,15.688253402709961,11.452950477600098,0.3874642848968506,10.511739730834961,3.3784310817718506,8.867470741271973,3.6893179416656494,86.2326049549239,25.290540152894597,242.94262206767286,139.87428807041474,113.54506963265261,472.3030200357143,1592.0765623928573,971.0495113035714,1422.139465589286,1470.1213680714286,12.01975,5.0872903,607.8851248785587,5927.6899273928575
2018,barley,Zaragoza,2336.0,5.462822437286377,24.322174072265625,10.031925201416016,17.61216926574707,11.989062309265137,1.1517040729522705,12.774227142333984,3.665578603744507,9.97386360168457,4.653319835662842,113.49744857974508,41.96127088938621,192.65236267701107,121.69831764190755,78.22517229632494,516.1385852553192,1547.813933425532,1058.145982819149,1460.7369931382977,1454.2853159468084,13.56787,6.1453357,548.0345720843749,6037.1208105851065
2018,barley,Álava,4400.0,3.925912380218506,18.943885803222656,8.062358856201172,13.79279899597168,10.15585708618164,1.8029372692108154,15.040328979492188,3.964500904083252,10.725480079650879,6.354968070983887,278.236530233832,103.58238773836808,241.88308850456687,171.9623682113255,271.73571125549427,377.4393032941176,1242.9436797647058,902.250893117647,1115.244715352941,1166.1842431176472,10.839444,7.3738637,1067.4000859435866,4804.0628346470585
2018,barley,Ávila,2846.0,2.381063461303711,21.925334930419922,6.3308916091918945,14.632307052612305,10.899834632873535,-1.2164546251296997,8.512055397033691,2.115347385406494,7.974126815795898,2.002507209777832,149.73582292608467,24.55561346982617,304.0241340355701,147.480746638344,104.3088997570147,532.1808401445783,1635.4030100240964,1016.1231917951808,1438.0031874216866,1589.1245696506026,11.178211,3.5650148,730.1052168268396,6210.834799036144
2019,barley,A Coruña,2100.0,8.463343620300293,18.42293930053711,10.321008682250977,14.189591407775879,13.55706787109375,5.580195426940918,15.015373229980469,7.092707633972168,10.814987182617188,10.521269798278809,175.35116622534144,69.52252385917916,253.4806448695171,158.5988891009825,487.54403075683547,459.39232221686746,1313.105020939759,943.933022626506,1286.7983544819276,1200.0369850481927,13.08517,9.9243,1144.4972548118558,5203.2657053132525
2019,barley,Albacete,2400.0,6.206223487854004,25.455528259277344,10.601930618286133,19.61539077758789,12.81108283996582,-1.1029093265533447,10.22050666809082,1.8249785900115967,5.785922527313232,7.258483409881592,19.95683886264601,43.266572397947314,141.07670356381323,23.580062449867686,189.85548388823386,722.3820009548388,1605.2943335999998,1131.7314682451613,1675.7788361806452,1440.4062190129034,14.583539,5.2075777,417.7356611625081,6575.592857993548
2019,barley,Alicante,950.0,9.608028411865234,25.982952117919922,13.099459648132324,19.90207290649414,15.592719078063965,2.1636154651641846,16.43454933166504,5.417078495025635,10.690670013427734,10.995325088500977,8.503732528210733,29.68742209754623,163.43825002615912,21.6630086355042,255.79652432339233,718.434961614035,1566.6165601754387,1169.7147803157895,1646.837119157895,1461.5568153157894,16.62966,9.449428,479.08893761081265,6563.160236578948
2019,barley,Almería,1772.0,8.440093994140625,25.245018005371094,11.912969589233398,19.740949630737305,14.471720695495605,1.5024805068969727,13.773457527160645,4.284034252166748,8.858673095703125,9.52695083618164,12.24968038326086,25.21225641503237,102.02137510513151,21.43531578432682,249.03965488873249,758.4130006976744,1624.8684900232558,1209.517404883721,1706.5613980697676,1556.996467348837,15.713745,7.9120917,409.95828257648407,6856.356761023256
2019,barley,Badajoz,1924.0,8.675623893737793,26.63419532775879,13.299509048461914,21.83834457397461,15.890722274780273,3.6232690811157227,10.584171295166016,5.032631874084473,6.869423866271973,8.923043251037598,39.32012084232909,7.074746543100836,84.43540483846196,4.675040260978027,216.7943183640018,686.0740541428572,1658.0720231339287,1197.9910150892858,1701.4427656339285,1506.7322195178572,17.038187,7.32593,352.29963084887174,6750.312077517858
2019,barley,Barcelona,3653.0,5.512726783752441,23.002159118652344,10.031136512756348,16.789745330810547,12.49663257598877,1.040743112564087,16.78873634338379,4.624275207519531,10.050193786621094,9.52978515625,37.936024307152806,136.48576755874296,109.94438128296068,118.89833227325887,402.9731037181966,610.6910438117648,1423.270769482353,1103.8304458117648,1510.493730447059,1241.1984014705884,13.388172,8.59392,806.237609140312,5889.4843910235295
2019,barley,Burgos,3942.0,3.874325752258301,20.15919303894043,7.849758148193359,14.378996849060059,10.60370922088623,0.08015411347150803,11.038479804992676,1.9817261695861816,6.1865553855896,5.964598655700684,110.92931277222102,79.22292783700563,130.98473362907086,89.77624273300171,225.01037433490256,509.3307632679739,1435.760770627451,1046.6463634640522,1457.6669228627452,1279.4703114575163,11.244949,5.202686,635.9235913062017,5728.875131679739
2019,barley,Cantabria,1687.0,5.698244094848633,18.222415924072266,8.562664031982422,13.289602279663086,11.448014259338379,2.269968032836914,14.454434394836426,4.3529558181762695,9.103044509887695,8.119865417480469,235.02974131757563,192.66433074040845,165.8438260284337,152.75686287446456,304.30187629678034,478.6636777454545,1230.8024510545456,1008.4121728,1277.935606690909,1219.7793477636365,11.444825,7.736689,1050.5966372576627,5215.593256054545
2019,barley,Castellón,1387.0,7.238523483276367,23.99610710144043,11.185131072998047,17.88341522216797,13.528687477111816,0.10142624378204346,14.953279495239258,3.1166231632232666,8.703716278076172,8.769721984863281,8.758137473128212,63.00619364708242,112.40101135574596,56.844706741017355,328.5365754538019,690.3695130704225,1487.4305675492958,1147.3955504788732,1592.1571608450704,1369.0846121830984,14.560092,7.402415,569.5466246707758,6286.43740412676
2019,barley,Ciudad Real,1833.0,6.8870930671691895,27.24732208251953,11.724702835083008,21.39493179321289,14.073983192443848,0.5488265156745911,8.123591423034668,2.7704787254333496,4.967641353607178,7.271504878997803,35.078412929362656,18.551229227102546,128.42890782975124,7.720598437003435,200.06010033568126,703.5303189856459,1648.810332076555,1147.222916325359,1702.5357820861245,1481.55083530622,15.900336,5.1589246,389.83924875890114,6683.6501847799045
2019,barley,Cuenca,2300.0,4.877381801605225,24.64609718322754,9.359336853027344,18.291099548339844,11.825197219848633,-1.743887186050415,8.564064025878906,0.9855943322181702,4.523749351501465,5.927963733673096,37.02244096751446,39.42346175962492,155.6728336394805,22.723009819741886,230.4991606945253,687.6427362826087,1595.6128106630435,1115.5925786847827,1653.8297968043478,1414.1696521086956,13.470718,4.030908,485.3409068808871,6466.847574543478
2019,barley,Cáceres,1333.0,7.908421993255615,26.29775619506836,12.441915512084961,20.77898406982422,15.204133987426758,2.8560891151428223,10.631994247436523,4.882472515106201,6.987216949462891,8.239347457885742,40.514253724908606,16.30096009619394,121.92046409509551,11.356431939665386,260.94417389779585,642.909779230047,1620.8890412957746,1181.6417697276995,1661.1383392206571,1441.704734774648,16.305891,6.9727445,451.0362837536593,6548.283664248826
2019,barley,Cádiz,1247.0,11.343304634094238,25.11674690246582,14.826759338378906,21.064313888549805,17.30498504638672,6.381603240966797,15.567510604858398,8.27733039855957,11.379676818847656,12.569265365600586,48.16817153969281,2.7738779765015966,82.07019852332667,0.9822045255150699,292.70398149775787,738.2593423661972,1657.2913108732396,1235.6894796338029,1743.010682169014,1606.3891052816903,17.826849,11.124108,426.698434062794,6980.639920323943
2019,barley,Córdoba,1765.0,8.654156684875488,27.568620681762695,13.417462348937988,22.62963104248047,15.625859260559082,3.001617431640625,11.08265495300293,5.0050458908081055,7.290104389190674,9.383756637573242,40.71440786229712,6.038339656830898,97.38961657668862,2.7693793218965377,237.56264980009624,718.0411005714286,1673.2602992571428,1172.9231617857145,1737.1384767285715,1534.4826438857142,17.2536,7.524489,384.4743932178094,6835.845682228572
2019,barley,Girona,4108.0,6.046939849853516,23.249601364135742,10.442533493041992,16.853046417236328,13.05453872680664,0.931393027305603,16.592899322509766,4.4965925216674805,10.192849159240723,9.419774055480957,47.4521913245076,132.77388833145625,118.05648008966055,159.58235693857318,419.0445985105194,588.4943268196721,1389.30656947541,1098.670953704918,1467.63379547541,1227.6355106393441,13.783534,8.508881,876.909515194717,5771.741156114755
2019,barley,Granada,1504.0,5.964644432067871,24.640945434570312,9.773933410644531,18.989608764648438,12.511722564697266,-0.2982591688632965,10.138717651367188,2.4810233116149902,6.260547161102295,6.9265522956848145,47.02401605641195,26.105253195173518,131.68209051023157,13.366851639060318,255.15909030479054,739.9419073178294,1652.823016620155,1187.8091496899226,1733.4532044806201,1555.3633859922481,14.06543,5.4058557,473.3373017056679,6869.390664100775
2019,barley,Guadalajara,2800.0,3.9970192909240723,23.55172348022461,8.380563735961914,17.051525115966797,11.045382499694824,-2.0101513862609863,7.37508487701416,0.21160435676574707,3.4151060581207275,4.870110511779785,46.99914985191165,43.483132230953906,148.50241713941566,34.86589190616148,224.36520390435467,636.8542676220472,1568.468104031496,1112.7509286456693,1638.6280417007874,1380.9103257874017,12.511932,3.1219776,498.21579503279736,6337.6116677874015
2019,barley,Huelva,2378.0,10.685474395751953,26.524765014648438,14.970789909362793,22.483306884765625,17.193798065185547,4.881406307220459,12.687080383300781,6.669435977935791,8.947371482849121,11.009143829345703,38.989781194868,2.976269441155287,70.4903313703835,1.3467889789429206,206.77888042938253,719.200503,1679.753321,1217.9021653461537,1726.418467423077,1582.5881297307692,18.175322,9.200597,320.58205141473223,6925.862586499999
2019,barley,Huesca,2990.0,3.472557544708252,22.72459602355957,8.63188648223877,16.39963150024414,10.82292366027832,-1.721613883972168,11.659856796264648,1.1159887313842773,5.732875347137451,6.482388019561768,89.95845537725285,124.49207377839372,113.10596751769971,117.26715969863022,325.93793993782714,614.2778212071005,1514.634877893491,1154.620571810651,1584.441212556213,1325.5705309408283,12.145753,4.9586473,770.7615963098036,6193.545014408284
2019,barley,Illes Balears,1365.0,11.18575668334961,26.64217185974121,14.171554565429688,20.1276912689209,18.00811004638672,6.38371467590332,19.221961975097656,8.520578384399414,13.040178298950195,13.900379180908203,35.52093137003655,18.663424798569014,39.79431659537693,32.327826715919166,294.54457340268203,647.2606816744187,1555.5681161860466,1188.5333678139536,1617.6211818139536,1417.0349189069768,18.0239,12.494533,420.85107288258365,6426.018266395349
2019,barley,Jaén,2395.0,6.977240085601807,27.02190399169922,11.575382232666016,21.322357177734375,14.226694107055664,0.7132747173309326,9.489766120910645,3.4227068424224854,6.239959716796875,7.589611530303955,63.67089129509749,18.75807624583443,135.21795319362923,7.236254166325347,218.25786353504216,715.0292514666667,1659.582174637037,1147.1480423555554,1710.7573265925926,1519.256245874074,15.891712,5.8408217,443.14103843592864,6751.773040925926
2019,barley,La Rioja,4591.0,3.876767635345459,19.900890350341797,7.800191879272461,14.311017990112305,10.471996307373047,-0.1258615404367447,12.003561019897461,2.042586088180542,6.645387649536133,6.192309856414795,114.07936140207144,116.86598273309377,146.36417020112276,110.79598931165842,247.9507780384559,537.3905337692307,1434.7580746923077,1057.3220632692307,1442.7353198461537,1281.1027897307692,11.13881,5.491716,736.0562816864023,5753.308781307692
2019,barley,Las Palmas,1339.0,16.368907928466797,21.693710327148438,16.92208480834961,19.631641387939453,19.871402740478516,9.615823745727539,16.919464111328125,11.772298812866211,14.259552001953125,14.942342758178711,14.756782366256964,7.815006392958917,32.524015999938314,6.741515286266804,82.15141743544098,922.8715431578947,1547.503194736842,1369.1004839473685,1625.2591923157895,2017.1766418157893,19.059858,13.741971,143.98873748086197,7481.911055973684
2019,barley,León,1795.0,3.6059627532958984,19.385971069335938,7.180832862854004,13.720388412475586,10.065774917602539,-0.46086394786834717,10.47165298461914,1.3250691890716553,5.677252769470215,5.115410804748535,123.4737441002289,79.03976925087801,130.97212333348443,89.25035729590869,270.94084127100905,526.9391305433526,1429.4994362543353,1081.972527965318,1445.9425533063584,1284.0769702716764,10.670784,4.5406556,693.6768352515091,5768.430618341041
2019,barley,Lleida,2425.0,3.2883219718933105,22.003631591796875,8.36189079284668,15.878058433532715,10.400952339172363,-2.3467295169830322,12.75036334991455,0.9173897504806519,6.192187309265137,6.4384355545043945,58.64361092757295,138.55482204644767,98.00053456800956,118.08465665932054,337.3245689789454,612.2402590222223,1468.900271274074,1142.0764299703703,1551.5678705777777,1309.8257229555556,11.7223015,5.0650134,750.6081931802961,6084.6105538
2019,barley,Lugo,2350.0,6.129855155944824,18.362255096435547,8.7210111618042,13.3507719039917,11.888895988464355,3.4327783584594727,13.972678184509277,5.342080593109131,9.637451171875,8.64301872253418,187.26355505419207,69.7307375019735,230.38196844131022,135.85187419792553,405.51099977944347,465.69138980180185,1347.5983228288287,960.8472835315315,1258.3370647567567,1217.5452096306308,11.723614,8.278504,1028.7391349748448,5250.019270549549
2019,barley,Madrid,1784.0,5.393993854522705,25.73039436340332,10.407442092895508,19.555599212646484,12.819534301757812,-0.5245532989501953,7.848215103149414,1.5247786045074463,3.9956612586975098,6.136178493499756,30.016809731036766,24.476219473727816,122.00983096368012,13.788516213839081,204.27053185441028,649.3911265747126,1610.7289729195404,1147.8003689425286,1689.9381884827585,1404.6634966091954,14.454417,4.1860766,394.5619082366941,6502.5221535287355
2019,barley,Murcia,1294.0,8.713963508605957,26.008831024169922,12.549398422241211,20.16189193725586,14.785934448242188,1.0472781658172607,14.623579025268555,4.212456703186035,9.395557403564453,9.952588081359863,8.102596652026461,23.40631264260253,136.97419533581862,17.177906872622206,218.92701394948284,742.4029613097346,1590.775380336283,1165.0941798053098,1673.229270778761,1481.972636079646,16.16766,8.197341,404.58802545255264,6653.474428309734
2019,barley,Málaga,2840.0,9.397512435913086,25.033998489379883,12.798102378845215,20.089263916015625,15.386375427246094,4.722287178039551,14.506919860839844,6.7058210372924805,10.321162223815918,11.05842113494873,44.392977659832944,5.744561070538037,104.96147187931898,3.182187079292505,315.34148998742234,724.7622463561645,1664.864251589041,1205.8710650136986,1753.8729327945207,1577.9019888082191,16.348604,9.728839,473.62268767640484,6927.272484561644
2019,barley,Navarra,3894.0,5.033288478851318,21.102458953857422,9.123851776123047,15.520920753479004,11.759153366088867,1.329010009765625,13.563557624816895,3.480785608291626,8.037164688110352,7.92038631439209,167.3104147900795,112.98739879347127,131.60617187259527,143.81335635329114,261.0094184443868,514.0256269310345,1395.7494886034483,1033.1428979310344,1398.4679135344827,1247.6493981034482,12.383138,7.0418816,816.7267602538241,5589.0353251034485
2019,barley,Ourense,2250.0,5.213716983795166,19.045814514160156,8.289186477661133,13.611095428466797,11.470980644226074,1.9570602178573608,12.915403366088867,4.020930767059326,8.341058731079102,7.327446460723877,148.18055205254615,69.35270488224452,222.86362740208833,95.90325101417832,396.56264514410043,506.88882632911395,1440.6403597974684,1000.0100178481011,1379.3765476708859,1271.3844919620253,11.516963,6.981558,932.8627804951577,5598.300243607595
2019,barley,Palencia,2807.0,3.8912768363952637,20.636917114257812,8.09962272644043,15.14694595336914,10.729193687438965,-0.15796275436878204,10.285219192504883,1.4703084230422974,5.217586994171143,5.606189250946045,77.33635246887636,69.38443819793423,112.68381582150299,72.6694206042906,212.37578344947838,522.2038573483146,1463.8613337977529,1078.7822382022473,1494.5912666516851,1308.3444487977529,11.538857,4.671255,544.4498105420826,5867.783144797752
2019,barley,Pontevedra,1950.0,7.341033935546875,19.044158935546875,10.112762451171875,14.41639232635498,13.289947509765625,4.631215572357178,14.858407974243164,6.704071044921875,10.495697021484375,9.947916030883789,175.17430748045444,66.33380840159953,318.62385905782384,132.6685330234468,551.818838638564,490.4409074166666,1399.0148280833332,974.2633808333333,1356.7588746249999,1243.37436175,12.915707,9.430871,1244.6193466018885,5463.8523527083335
2019,barley,Salamanca,1599.0,5.119333267211914,22.766136169433594,9.447578430175781,17.22400665283203,12.2855224609375,0.8632649183273315,10.204917907714844,2.7468748092651367,5.394107818603516,6.214685916900635,44.999173199323785,43.04484683062349,114.35062088195542,27.345953561309585,215.1095064575959,591.2591837894737,1598.2442711729323,1152.8955955187969,1623.3764941203008,1393.6647583984964,13.188016,5.27309,444.8501009308082,6359.440302999999
2019,barley,Santa Cruz de Tenerife,945.0,14.415435791015625,20.685009002685547,14.721221923828125,18.002674102783203,17.756906509399414,8.141143798828125,15.630361557006836,10.224517822265625,13.170684814453125,13.33057689666748,20.534535159046452,10.602490960503928,69.93048013498387,14.71441024010225,107.91086534922943,933.7614198333333,1624.67528,1370.2620263333333,1665.1083243333335,2058.0853771666666,17.223026,12.304643,223.69278184386593,7651.892427666667
2019,barley,Segovia,2308.0,3.9290947914123535,22.947654724121094,8.288090705871582,16.519119262695312,11.217524528503418,-0.8388302326202393,8.14980411529541,0.7737764120101929,3.9526801109313965,4.995532989501953,68.35835322737694,33.31247907406406,123.71252428073632,39.974455966369106,208.6087596510586,589.839300631579,1584.3601185526315,1134.3136305263158,1641.6105906578946,1390.0330464736842,12.3531685,3.671416,473.966572199605,6340.156686842105
2019,barley,Sevilla,3051.0,10.465677261352539,27.409744262695312,15.143516540527344,23.23651123046875,17.13385009765625,4.46108341217041,13.050213813781738,6.366774559020996,9.003293991088867,10.999197006225586,31.66512348660281,3.0388487309912664,74.6707612611878,0.7489194117320872,241.2525871941741,730.8585709577465,1678.5204754507042,1211.475114549296,1747.4244955774648,1571.100831169014,18.420525,9.146626,351.3762400846881,6939.3794877042255
2019,barley,Soria,3174.0,3.323617458343506,21.706336975097656,7.6589531898498535,15.454780578613281,10.340988159179688,-1.9024052619934082,8.802961349487305,0.15155619382858276,3.799351215362549,4.764890670776367,64.79040632802143,67.39330630867104,128.03699063418205,70.54076132439731,191.1062160544751,603.3335058596491,1541.1818536666667,1115.3863820350875,1585.6294071403508,1349.8884721052632,11.470944,3.3968742,521.867680649747,6195.419620807017
2019,barley,Tarragona,2247.0,7.453859329223633,25.185062408447266,12.464200973510742,18.869552612304688,14.410697937011719,1.8301377296447754,16.633930206298828,4.220652103424072,9.348876953125,10.184246063232422,16.978995762647145,78.80950872458163,48.19221150827786,64.13744276099735,307.8497890300221,646.0962185396825,1493.2754432063493,1157.9516764761904,1598.6520333333333,1346.0248385238094,15.465678,8.733682,515.9679477865261,6242.000210079365
2019,barley,Teruel,2017.0,4.063085556030273,22.682662963867188,8.336824417114258,16.46103286743164,10.804831504821777,-2.4872748851776123,9.693672180175781,0.09016752243041992,4.248481273651123,5.448227405548096,30.63244522676903,63.14497767641859,100.03672587309244,46.481875470224416,235.01321205759197,666.8743169559748,1526.9879653584906,1146.6589857232705,1614.330433220126,1383.9126518427672,12.192211,3.7402503,475.30923630409643,6338.764353100629
2019,barley,Toledo,1259.0,6.445850372314453,26.775009155273438,11.567968368530273,20.928234100341797,13.93394660949707,0.6153566241264343,8.498210906982422,2.887751340866089,4.795099258422852,7.251943111419678,25.860191984206253,22.897083915214733,111.34446382707691,5.632088862706601,198.17681055020842,677.1922572919254,1634.9378473291924,1165.637911937888,1707.5084026459629,1445.423112378882,15.597492,5.2167172,363.9106391394129,6630.699531583851
2019,barley,Valencia,1450.0,7.915473937988281,25.15054702758789,12.070964813232422,19.213619232177734,14.07188606262207,0.11801203340291977,14.864180564880371,3.3336586952209473,9.09925651550293,9.371377944946289,6.986250900962483,56.487904463065874,168.94145556163352,38.030528457613165,283.2258227237868,711.7472423486239,1529.1483664770642,1135.905115651376,1622.6040676330276,1386.1379580458715,15.4157295,7.6929774,553.6719621070619,6385.542750155963
2019,barley,Valladolid,2246.0,4.808779716491699,23.29781723022461,9.695775985717773,17.673091888427734,12.103008270263672,0.331573486328125,9.609016418457031,1.572984218597412,4.326690673828125,5.848347187042236,44.167140114713796,49.00556558235125,94.22731647877531,35.66945095749741,172.38186867399648,558.7755037727272,1580.6857050909089,1144.150096090909,1613.2161175,1374.4008092045456,13.280247,4.5894933,395.45134180733425,6271.228231659091
2019,barley,Zamora,2342.0,4.860469341278076,22.332611083984375,9.378997802734375,16.773738861083984,11.891571044921875,0.4592677652835846,10.059505462646484,1.878204345703125,4.89061164855957,5.840214252471924,42.57161190094692,53.89629685266742,93.81537448375353,44.12461030908993,195.81668667229158,564.3801516071428,1571.4225560892855,1139.733898125,1583.1271952678571,1356.4566207142857,12.854827,4.828003,430.2245802187494,6215.120421803571
2019,barley,Zaragoza,2047.0,6.061670780181885,24.66994285583496,10.898796081542969,18.71405601501465,12.894355773925781,0.25520163774490356,11.619405746459961,2.0009446144104004,5.538651466369629,7.465035438537598,43.98796914232538,66.09090105174704,74.60510435716269,61.33658109581534,204.50334080720836,619.2398846808511,1547.8130482765957,1152.5323354574466,1599.6286057978723,1360.3269797978724,14.35553,5.7240453,450.5238964542588,6279.540854010638
2019,barley,Álava,7000.0,4.749204635620117,19.259552001953125,8.39054012298584,13.915264129638672,11.133894920349121,1.8790013790130615,13.845963478088379,3.7617924213409424,8.633288383483887,7.749362945556641,183.7433788285536,108.32288841289633,131.82895787849145,119.7206194435849,253.54173694463336,467.60365952941174,1295.9337850588236,985.2404304705882,1312.8550888235295,1205.3648212941175,11.430392,7.269795,797.1575815081596,5266.997785176471
2019,barley,Ávila,1240.0,4.100179672241211,22.469390869140625,8.162393569946289,16.64727020263672,11.13470458984375,-1.100821614265442,8.082297325134277,1.0587271451950073,3.7680883407592773,5.064067363739014,50.04340963047671,37.11724170396127,131.84484257360538,23.10021371870156,248.80840781402875,624.2230749879518,1608.087243493976,1170.0287014939759,1679.275520433735,1408.8389027108433,12.274774,3.656071,490.9141154407737,6490.453443120482
2020,barley,A Coruña,2060.0,9.578971862792969,18.73273277282715,11.018351554870605,15.639311790466309,12.979971885681152,7.223198890686035,14.815606117248535,8.36502742767334,12.39018440246582,10.319650650024414,225.2522039686341,96.73588098563164,250.14816708162607,115.37213210599968,788.317045424358,426.31046971084334,1385.3230116144578,851.1251353493976,1307.583582048193,1030.231880506024,13.488219,10.57222,1475.8254295662493,5000.574079228915
2020,barley,Albacete,2950.0,7.687684059143066,25.855484008789062,10.617281913757324,19.387042999267578,13.000689506530762,3.1952390670776367,10.170087814331055,5.46256685256958,8.239306449890137,7.237575531005859,62.183394125584634,22.395017710328105,184.25084084541567,76.95491116777544,252.59954691510046,649.423096116129,1622.9165659999999,978.5669655354839,1601.6955524,1426.7464028258064,14.924812,6.923725,598.3837107642044,6279.348582877419
2020,barley,Alicante,2250.0,10.672216415405273,26.048006057739258,13.354991912841797,20.81003189086914,15.973429679870605,5.970639228820801,16.359405517578125,7.931538105010986,12.537166595458984,10.607029914855957,109.65953065690242,15.859693249262737,164.15619746843973,100.38052850752547,346.02992475032806,691.2873320701754,1585.6460526666665,1074.6542564561405,1605.6842002807016,1512.0336242807018,17.138685,10.668801,736.0858746324584,6469.305465754386
2020,barley,Almería,3314.0,9.70858097076416,25.590801239013672,12.257720947265625,20.199188232421875,14.83761215209961,4.17322301864624,13.47551155090332,6.650869846343994,9.513017654418945,8.840638160705566,53.96365453825917,13.037317131349525,138.7185401639273,52.597249751174175,223.02780253180237,736.9564229302325,1633.3405499534883,1087.8729767906977,1668.0066147209302,1616.3419960465117,16.238586,8.582316,481.3445641165125,6742.51856044186
2020,barley,Badajoz,2942.0,10.22960090637207,28.383689880371094,13.311532020568848,21.444988250732422,15.945882797241211,6.232212543487549,10.016448974609375,8.010001182556152,10.197757720947266,8.5264892578125,45.227197928620235,10.493469813955016,166.62025623555695,42.59967195734914,199.69480255858173,612.5126389017857,1706.7988973392858,990.4461576696428,1588.4609800714286,1472.4656531607143,17.543596,8.5849,464.63539849406305,6370.684327142857
2020,barley,Barcelona,4019.0,7.298876762390137,22.52481460571289,10.422708511352539,17.405029296875,12.596449851989746,4.1233015060424805,17.2039794921875,6.588142395019531,13.29509162902832,8.840831756591797,156.71980320197696,151.47109227460973,204.9294801108977,208.11834381888895,394.26478841865764,565.3428524235294,1413.4777250588236,933.4649977411765,1349.5330465411764,1330.8099773411764,13.807388,9.815363,1115.503507825031,5592.628599105882
2020,barley,Burgos,5274.0,5.538787364959717,19.787799835205078,8.717952728271484,15.02725601196289,10.238770484924316,2.4714388847351074,10.917884826660156,4.836084365844727,9.32164192199707,5.868745803833008,61.68645283833048,62.94850382228303,206.5637932649625,146.0219780713125,344.3690109471091,466.13813470588235,1480.4761707320263,919.2192548104574,1360.8226623529413,1176.109279751634,11.591557,6.547424,821.5897389439975,5402.765502352941
2020,barley,Cantabria,2256.0,7.318423271179199,18.191238403320312,9.518507957458496,14.735288619995117,11.059505462646484,4.1831183433532715,14.025455474853516,6.495640754699707,11.127203941345215,7.839645862579346,108.05174737084997,120.88438407724554,276.2725045681,188.98559431379493,591.1962860367515,464.02748287272726,1266.695795418182,876.0514378909091,1229.323947309091,1086.5342016,11.980412,8.585118,1285.3905163667418,4922.632865090909
2020,barley,Castellón,1980.0,8.682412147521973,23.632110595703125,11.246009826660156,18.36374855041504,14.101052284240723,3.793597459793091,15.404312133789062,6.603006362915039,12.25570297241211,7.843039512634277,146.41068377335307,49.253934119578815,249.1304233409989,169.8699381452211,206.30580446753703,634.5438230704225,1511.299626197183,962.1640288450704,1478.6762226197184,1423.5915634084508,15.021065,8.957116,820.970783846689,6010.275264140845
2020,barley,Ciudad Real,3172.0,8.501662254333496,27.889984130859375,11.95447063446045,21.032005310058594,14.068204879760742,4.2127366065979,7.996526718139648,6.2714128494262695,7.805131912231445,7.197293281555176,38.25231423674588,33.90151796411527,160.21958406119825,58.448911493546085,248.35315767600775,632.0356470239235,1660.371991215311,995.8691279330144,1623.530193923445,1408.3954860574163,16.252422,6.7800655,539.1754854316133,6320.20244615311
2020,barley,Cuenca,3500.0,6.432361125946045,24.526988983154297,9.531439781188965,18.16271209716797,11.792652130126953,2.2356581687927246,9.446866035461426,4.906031131744385,7.705946922302246,5.956814765930176,40.74378276373381,35.41691036862524,220.47957594757492,83.61812484458737,273.64286411845166,600.9821545760869,1623.9325894130434,940.4401387391304,1579.6062746195653,1371.7823577608697,13.706468,6.034689,653.901258042973,6116.743515108696
2020,barley,Cáceres,2479.0,9.26241683959961,27.814434051513672,12.601679801940918,20.73345947265625,14.905743598937988,5.453226089477539,9.624895095825195,7.623848915100098,10.21359634399414,8.17911434173584,72.89206778835242,12.607956034284383,190.58653954888734,52.42545643574755,336.4935078178773,568.5744401032864,1679.6716001971831,967.6055810516432,1562.9727447511737,1399.968570713615,16.703913,8.212299,665.0055276251489,6178.792936816902
2020,barley,Cádiz,2309.0,12.475973129272461,26.57270622253418,14.629385948181152,20.878273010253906,17.415897369384766,8.560639381408691,16.09555435180664,9.857793807983398,13.140785217285156,11.962565422058105,55.82401442737646,2.8208962514058644,176.9696731668123,62.59805195579227,224.30216827358998,729.1272443098592,1691.302209887324,1114.57703028169,1648.1399809859156,1627.5107017464788,18.231356,11.929984,522.5148040749768,6810.657167211268
2020,barley,Córdoba,3385.0,10.397928237915039,28.99164581298828,13.580098152160645,22.225666046142578,15.964972496032715,5.864462852478027,10.80362606048584,7.740313529968262,9.7701997756958,8.672599792480469,42.68829506635666,15.091473072351489,152.70669680748665,46.55114776130234,221.70322760002955,667.5933454999999,1693.911892542857,1006.3481598714286,1638.9613971142858,1485.7357000714287,17.854214,8.5873,478.7408403075267,6492.5504951
2020,barley,Girona,2333.0,7.7295002937316895,22.442625045776367,10.473724365234375,17.41910743713379,12.831914901733398,4.242706298828125,16.804967880249023,6.868566513061523,13.094710350036621,8.879607200622559,243.7316301342894,184.0598342506612,248.88222244333048,246.12239352406047,494.267268280514,539.3665330819672,1372.7951827868853,902.4812646885246,1290.4643848524588,1286.080938590164,13.954799,9.795028,1417.0633486328554,5391.188304
2020,barley,Granada,2141.0,7.937659740447998,25.536121368408203,10.26559066772461,18.73686981201172,12.733643531799316,2.102755069732666,9.527624130249023,5.052630424499512,7.527196884155273,6.069039821624756,48.974703152064784,23.180684903434425,171.62428221776503,67.26083211046318,240.8246051830839,725.0937930387597,1657.233969131783,1045.24844124031,1661.1241759069767,1581.4513698139535,14.657254,6.058048,551.8651075668113,6670.151749131783
2020,barley,Guadalajara,3500.0,5.41433048248291,23.224567413330078,8.732864379882812,16.998559951782227,10.679203987121582,1.3816319704055786,7.673411846160889,4.258563995361328,7.456250190734863,4.8043999671936035,44.193615333888474,33.966117727240245,235.1085178138703,110.3154893362616,265.0098946164912,559.7972226141732,1610.7798570866141,923.0148576535433,1506.9889479212598,1340.1086599527557,12.621455,5.06311,688.5936348277518,5940.689545228346
2020,barley,Huelva,2818.0,12.071855545043945,27.93033790588379,14.632025718688965,21.90673065185547,17.463550567626953,7.728057861328125,13.165040969848633,9.281929016113281,11.877124786376953,10.286585807800293,49.478970927025124,2.6719541049186284,159.9773812420093,46.353656039501615,171.48261499433562,671.4735674615384,1716.3016598653846,1037.800911826923,1614.1863990192307,1574.660006730769,18.578009,10.437554,429.9645773077903,6614.422544903846
2020,barley,Huesca,3710.0,5.508571624755859,22.456687927246094,9.077672004699707,16.497779846191406,10.727478981018066,1.649580478668213,11.520654678344727,4.643679141998291,10.291067123413086,5.467696189880371,82.70094600351824,65.52803623182534,233.82882844343692,235.540176613091,379.7774585280898,579.6122925088757,1542.2085950059172,947.9484459053255,1424.770640639053,1360.5517459171597,12.499278,6.506729,997.3754458199613,5855.091719976332
2020,barley,Illes Balears,1332.0,12.69226360321045,26.23896598815918,14.706611633300781,21.244667053222656,18.212095260620117,9.404293060302734,19.01346206665039,10.35326862335205,15.235084533691406,13.408100128173828,85.45535834889512,12.457646671076152,130.8950872254926,45.155439074649365,257.11738112638164,635.8728102325582,1532.768706232558,1145.1494066511627,1589.7646515348838,1469.7029866511627,18.551117,13.470386,531.080912446495,6373.258561302326
2020,barley,Jaén,2750.0,8.788817405700684,28.053203582763672,12.079151153564453,20.966175079345703,14.301420211791992,3.9692978858947754,8.908456802368164,6.320399284362793,8.406002044677734,7.321798324584961,44.90590768081171,27.58673663398734,160.10670199659137,65.39728172686365,302.0966897311034,678.9456565925925,1657.0652952,1003.7344246370371,1625.3349032296296,1463.0269480592592,16.415031,7.041292,600.0933177693574,6428.1072277185185
2020,barley,La Rioja,5167.0,5.739879608154297,19.64794158935547,8.572324752807617,15.268135070800781,10.523111343383789,2.080935001373291,11.513392448425293,4.794483184814453,9.593732833862305,5.716480255126953,63.8328862121472,72.08714145823166,266.68895783791174,179.32505475787016,293.3736057098095,502.7927473076923,1482.4363393846152,909.7011824615386,1368.8841618076922,1252.3060571153846,11.712418,6.5692506,875.3076459759703,5516.120488076923
2020,barley,Las Palmas,1007.0,17.154525756835938,22.667909622192383,17.599029541015625,20.69211769104004,20.0052547454834,10.23599910736084,17.45014190673828,12.17081356048584,15.20833969116211,14.87814712524414,6.8343296672438125,5.505373472200805,31.303559384455806,10.179766395962552,32.675152293357414,958.0201340526316,1598.4730716842105,1362.422198263158,1621.9699941052631,2057.0769244736844,19.68735,14.136931,86.49818121322038,7597.962322578947
2020,barley,León,3960.0,5.010730743408203,19.595081329345703,7.970738410949707,14.408286094665527,9.23679256439209,1.7618931531906128,10.602115631103516,3.9529366493225098,8.513827323913574,5.142825126647949,75.85422533629946,62.42614951893429,219.87236938173373,129.1059066918544,517.473970646114,475.8915198728324,1494.6296589248554,923.6194732601156,1339.7179857109827,1160.5082017687862,10.909737,5.8527374,1004.7326215749359,5394.366839537573
2020,barley,Lleida,4546.0,5.196108818054199,21.572887420654297,8.657449722290039,16.077922821044922,10.413309097290039,1.1221189498901367,12.784173965454102,4.187919616699219,10.378143310546875,5.448729515075684,86.48605752051981,132.96101439010215,206.9479110205615,247.0188633247658,313.6673304487158,587.2804356296297,1501.9316158518518,956.8506717925926,1387.750907511111,1369.7702331407409,12.055164,6.561636,987.081176704665,5803.5838639259255
2020,barley,Lugo,2150.0,7.6220383644104,18.548425674438477,9.600481033325195,14.947373390197754,11.214497566223145,4.942831516265869,13.841280937194824,6.834364891052246,11.43072509765625,8.520236015319824,162.33183978591953,99.03458320372947,262.99567119065705,149.60397023660641,810.5500835867616,443.8451010450451,1414.7712442342342,845.1112487027027,1286.0419727387389,1019.7518715675675,12.191219,9.014946,1484.516148003674,5009.521438288289
2020,barley,Madrid,2570.0,6.801383018493652,25.69009780883789,10.562728881835938,19.274139404296875,12.424747467041016,2.6836299896240234,8.185834884643555,5.3897552490234375,7.8674468994140625,6.172098159790039,42.12291456073865,26.46035695675461,190.0349219777118,66.38023979156867,268.795234360229,562.7284313793102,1633.8735885977012,965.7241994482757,1567.6603550114942,1371.5573495862068,14.52964,6.0784774,593.7936676470027,6101.543924022988
2020,barley,Murcia,3190.0,9.591767311096191,25.981460571289062,12.67966079711914,20.558151245117188,15.130729675292969,4.976977348327637,14.403100967407227,7.18812894821167,11.054342269897461,9.640701293945312,73.29855335576345,11.553772536230035,157.22845384715933,70.31480907866386,295.6899672962923,698.5697291858407,1608.2815796283187,1042.6303257699115,1620.213185858407,1536.9810912920354,16.512083,9.483993,608.085556114109,6506.675911734514
2020,barley,Málaga,2838.0,10.776960372924805,25.765872955322266,12.762395858764648,19.854244232177734,15.591585159301758,6.948212623596191,15.023282051086426,8.359622955322266,11.580879211425781,10.167027473449707,68.68879637300763,7.669548666050454,189.8862887114695,59.09630478122463,238.16576289967315,720.9721219999999,1687.737278,1071.0729510136985,1656.966023479452,1608.1690167945205,16.723774,10.374342,563.5067014314253,6744.917391287671
2020,barley,Navarra,4147.0,6.650012969970703,20.86490249633789,9.885499000549316,16.43877601623535,11.606891632080078,3.5433950424194336,12.806439399719238,5.979438781738281,11.027588844299316,7.440502166748047,84.76641690872353,46.52656160256472,241.61275724912514,166.3011596521427,412.752234453785,490.06115346551724,1432.5425419827588,905.1564398103449,1338.6734147068964,1205.6788838965517,12.842162,8.039644,951.9591298663411,5372.112433862069
2020,barley,Ourense,2150.0,6.677849769592285,20.086261749267578,9.113851547241211,15.196268081665039,10.603028297424316,3.8734049797058105,12.698419570922852,5.789226531982422,10.610090255737305,7.398216247558594,139.3758162924006,49.108541269374044,270.63902690138997,131.09629037712193,767.0614207832119,467.9756786582279,1517.685322962025,866.0026481518987,1352.6427275189874,1104.2388584303797,12.046715,7.961262,1357.2810956234985,5308.545235721519
2020,barley,Palencia,4785.0,5.207150459289551,20.326499938964844,8.868209838867188,15.368833541870117,10.069852828979492,2.3838579654693604,10.575950622558594,4.589690208435059,8.78911018371582,5.63570499420166,51.6777823803465,60.09297922220122,194.20040666387322,129.46869785598153,327.5411065495416,458.76192462921347,1509.7494746067414,954.7064557752809,1375.5598258426967,1186.6464977078651,11.651733,6.268337,762.9809726719441,5485.424178561798
2020,barley,Pontevedra,1975.0,8.915781021118164,19.959278106689453,10.827789306640625,15.970571517944336,12.528483390808105,6.599395751953125,14.744314193725586,8.02497386932373,12.496713638305664,9.83477783203125,243.05915132910013,77.0483012769837,322.73257936040557,138.791781236728,905.8108837455511,451.41035941666667,1479.7611287083332,881.0599655416668,1359.9019074583334,1073.6354722083333,13.455064,10.255826,1687.4426969487686,5245.7688333333335
2020,barley,Salamanca,4117.0,6.570127010345459,23.753990173339844,9.82932186126709,17.432113647460938,11.640144348144531,3.3109259605407715,9.059788703918457,5.592027187347412,8.970389366149902,6.52421236038208,44.88008738303543,22.127018314387115,189.11236561599532,73.45249267762765,346.9351634912025,543.9986918045113,1647.9913901804512,938.1499916240601,1517.2000229473683,1301.3325111879699,13.477641,6.663593,676.5071274822479,5948.672607744361
2020,barley,Santa Cruz de Tenerife,803.0,15.39818286895752,21.660837173461914,15.356149673461914,18.665517807006836,18.300384521484375,8.992218017578125,15.720937728881836,10.80565357208252,13.776193618774414,13.587371826171875,9.974317681510001,6.632183343535871,55.565630077694856,30.461001090084515,64.70139736387257,972.25271425,1633.62985475,1373.4646589166668,1641.22286475,2086.1899511666666,17.946909,12.744958,167.33452955669782,7706.760043833334
2020,barley,Segovia,4000.0,5.458815574645996,22.535430908203125,8.808424949645996,16.436927795410156,10.606269836425781,1.5869574546813965,8.285886764526367,4.39589786529541,8.034550666809082,5.077448844909668,47.632323445262095,36.48521405497664,207.46563134695356,101.82021250850276,336.4512353163017,538.7903447105264,1618.136608263158,946.758660605263,1506.3248823421054,1307.5893368947368,12.40869,5.4096985,729.8546166719967,5917.599832815789
2020,barley,Sevilla,3022.0,11.963737487792969,28.88287353515625,14.921625137329102,22.7373046875,17.49517822265625,7.384335517883301,13.409126281738281,8.894083976745605,11.355037689208984,10.204915046691895,49.3514727282692,5.130878818279598,154.69239960002227,40.83720866779626,174.27685831728536,683.058524,1705.4638538732395,1049.8404153802817,1646.0603655070422,1555.7509076056338,18.915983,10.242068,424.2888181316527,6640.174066366197
2020,barley,Soria,4119.0,5.102160453796387,21.381465911865234,8.187322616577148,15.767997741699219,9.950485229492188,1.1773279905319214,8.531222343444824,3.8907968997955322,7.897912979125977,4.546693325042725,44.55123688999498,42.28595708284462,225.35390950085826,133.2729338271576,254.4575035091032,534.3740293333333,1592.8065022807018,924.6118178245613,1445.7225992105264,1315.467617140351,11.72332,5.0984416,699.9215408099586,5812.9825657894735
2020,barley,Tarragona,3382.0,9.058637619018555,24.98223114013672,12.144710540771484,19.36048698425293,14.863375663757324,5.371891975402832,16.21929168701172,7.617973804473877,13.703285217285156,9.36528205871582,144.4400323871523,55.47569789122494,220.61594644236186,135.78670695092944,293.92624132784584,594.9341553015872,1535.8251496190476,961.7360667936508,1466.6815975238096,1420.5423357777777,15.878803,10.273834,850.2446249995145,5979.719305015873
2020,barley,Teruel,3090.0,5.707135200500488,22.450284957885742,8.76690673828125,16.609594345092773,11.050127029418945,0.7796621322631836,9.747610092163086,4.104859352111816,8.63237190246582,4.746782302856445,94.7649142569716,38.35211991523421,218.40319753742818,134.98649624083777,189.56645411815282,622.5515289937107,1574.0931547672958,941.6605804402516,1485.210168754717,1422.9182337610064,12.605697,5.459678,676.0731820686246,6046.433666716981
2020,barley,Toledo,3580.0,7.943584442138672,27.16523551940918,11.718722343444824,20.63479232788086,13.714998245239258,4.024350643157959,8.710525512695312,6.37528657913208,8.24107551574707,7.308653831481934,43.6722561755906,28.098099282346897,166.4265124568288,57.68610178582047,249.68086389355037,593.8214479130435,1652.9862152298138,994.4592796770187,1603.4932641242235,1408.879510347826,15.815389,6.994757,545.5638335941371,6253.639717291926
2020,barley,Valencia,3023.0,9.383377075195312,25.15671157836914,11.940414428710938,19.6944580078125,14.751480102539062,4.429318904876709,15.311120986938477,7.088048458099365,11.74044418334961,8.757264137268066,117.04036560073632,29.749114770818196,225.52221046675237,98.18858374149428,261.5203101580296,651.6717803119266,1547.648368440367,966.2724364036699,1556.526350587156,1435.7485383486237,15.946321,9.347243,732.0205847378307,6157.867474091743
2020,barley,Valladolid,4489.0,5.9592814445495605,23.250263214111328,10.20727252960205,17.60334587097168,11.446392059326172,2.843702793121338,9.281291961669922,5.163404941558838,8.59162712097168,6.158594131469727,33.33067427812652,39.03046110204675,162.72672325643626,93.77257750251076,260.6340297189626,497.25916231818184,1618.5913045454545,985.1698034772728,1477.7306397045454,1268.0028705227273,13.318825,6.366203,589.4944658580829,5846.753780568182
2020,barley,Zamora,4117.0,6.105743408203125,22.986549377441406,9.870121002197266,17.04976463317871,11.247719764709473,2.973968505859375,9.391571044921875,5.022334575653076,8.69721794128418,6.183646202087402,38.432360019268735,25.81194993108511,173.4880991546171,102.5200851559639,315.26229697253024,491.8414530535714,1616.0507257142858,961.4941109464286,1463.2808400000001,1253.2460588214285,13.084603,6.408731,655.5147912334651,5785.913188535715
2020,barley,Zaragoza,2950.0,7.396059989929199,24.44675636291504,11.093778610229492,18.972286224365234,12.916921615600586,3.157594680786133,11.152730941772461,5.878853797912598,10.344987869262695,6.780002593994141,68.37484944262047,24.70631185467256,201.59775911049638,122.92258937625175,212.2953503375992,576.046380319149,1592.3739949787234,938.9597010106384,1470.1388647978724,1392.0731892765957,14.623787,7.349029,629.8968601216403,5969.592130382979
2020,barley,Álava,6675.0,6.446958541870117,19.10763931274414,9.370513916015625,15.176572799682617,11.146421432495117,3.6062748432159424,13.011842727661133,6.004899024963379,10.859498977661133,7.26171350479126,82.68664181758376,55.06340142690084,214.54944409342374,144.4644318573615,380.0828171670437,466.43476794117646,1327.3368999411764,879.084732117647,1278.5826351764706,1146.3901233529411,12.065755,8.000991,876.8467363623135,5097.829158529412
2020,barley,Ávila,3965.0,5.730421543121338,23.00589942932129,8.400528907775879,16.495450973510742,10.598899841308594,1.3965442180633545,7.313182353973389,4.2831130027771,7.456837177276611,4.931407928466797,49.13203496010188,22.71709838698068,234.5640246293631,81.0921499104385,344.58425708420305,578.2374977349398,1639.3699403373494,951.9549910361446,1536.7833619036144,1360.3258651566264,12.4716835,5.052082,732.0895649710872,6066.671656168674
2021,barley,A Coruña,2200.0,8.76535415649414,17.817718505859375,10.693329811096191,14.131715774536133,13.042243003845215,6.360485076904297,14.284698486328125,6.932463645935059,10.841388702392578,10.239055633544922,414.068814961307,59.93243793514837,125.63365246014423,189.49419202000263,586.8780056970666,394.7487782650602,1325.506958626506,1033.445199192771,1342.387472746988,1106.6804460963856,12.915433,9.816192,1376.0071030736688,5202.768854927711
2021,barley,Albacete,2630.0,6.179764747619629,25.74858856201172,10.11859130859375,18.85316276550293,12.749757766723633,1.9751802682876587,9.679488182067871,3.792081832885742,8.467575073242188,5.584312438964844,103.12683703707111,33.07682319507003,106.33683354854584,107.98110310723705,131.8816694799931,599.476145083871,1623.1921116,1095.5625886,1575.2683053032256,1565.9690343612904,14.399937,5.8471584,482.4032663679171,6459.468184948387
2021,barley,Alicante,2263.0,10.34141731262207,26.053905487060547,12.372711181640625,20.194664001464844,15.941762924194336,4.267167568206787,16.332103729248047,7.530991554260254,12.354389190673828,8.881784439086914,66.62518658449775,25.807590134572564,145.25299192520612,92.1509097354454,78.70576793007683,643.2956831578947,1566.2811303859648,1091.6523354736842,1572.2510367368423,1598.3172904561402,16.807703,9.708037,408.54244630979866,6471.797476210526
2021,barley,Almería,1323.0,9.200257301330566,25.666179656982422,11.721366882324219,19.458314895629883,14.744817733764648,3.1518688201904297,13.023889541625977,6.029642105102539,10.095614433288574,7.721324443817139,80.27991302484689,12.748870060952424,130.31204761044924,82.97927059752996,84.80398315953654,690.4159482325581,1632.3968054186048,1162.9401664651164,1643.8879824186047,1674.6417126976744,15.9226265,7.9572773,391.12408445331505,6804.282615232558
2021,barley,Badajoz,2675.0,8.82611083984375,27.06686782836914,13.907828330993652,21.01679801940918,15.529651641845703,5.352447509765625,9.728079795837402,6.308833122253418,8.34764289855957,8.153098106384277,132.40477405541708,4.99215734484356,69.06265433332217,35.8592830406768,220.85754038739418,535.613992375,1705.9251122410715,1135.1064274464284,1609.1435892857144,1466.8624964910714,16.979485,7.6738663,463.1764091616538,6452.651617839286
2021,barley,Barcelona,3708.0,6.0959014892578125,22.26729965209961,9.480741500854492,17.28696632385254,11.720186233520508,2.933018207550049,15.678194999694824,5.06225061416626,11.713325500488281,7.930829048156738,93.34434107471915,99.52753903374952,129.33847503101123,120.52721372492174,257.43948617262,528.7352407529412,1378.0315292705882,1029.1733523882353,1400.3517667294118,1316.705187882353,13.095214,8.541408,700.1770550370217,5652.9970770235295
2021,barley,Burgos,4419.0,4.523270606994629,19.08020782470703,7.399505615234375,14.044986724853516,9.826569557189941,1.6528865098953247,9.90003490447998,2.5025906562805176,8.216771125793457,5.280720233917236,174.93350072000538,37.35502670364443,103.12725322971157,143.87875958361656,272.7773601385503,425.8434082091503,1492.15195075817,1004.383020124183,1355.3677404313726,1199.2791110196079,10.783519,5.4722877,732.0719003755282,5477.025230542484
2021,barley,Cantabria,2270.0,6.28763484954834,16.82251739501953,8.3589506149292,13.364157676696777,11.013888359069824,3.071901321411133,13.475679397583008,4.300987243652344,10.141929626464844,7.521404266357422,221.49682475870304,127.5962113792246,141.99764137701555,228.02300640236245,454.7429193605076,411.29235701818175,1233.795751309091,932.7993268545454,1174.3027462545456,1166.2896698545455,11.143506,7.672218,1173.8566032778133,4918.479851290909
2021,barley,Castellón,1848.0,7.774003028869629,23.016155242919922,10.063705444335938,18.092140197753906,13.295880317687988,2.6702377796173096,15.670358657836914,4.700636863708496,11.272529602050781,7.1057024002075195,80.17292054774056,125.47550896103954,143.41972921431903,90.24100467604651,201.9423346960209,594.4087780281691,1463.9079448169014,1055.8627713521128,1443.5764749577465,1481.3332786197182,14.256294,8.087528,641.2514980951665,6039.089247774647
2021,barley,Ciudad Real,3030.0,6.981863975524902,27.563373565673828,12.048885345458984,20.71421241760254,13.74108600616455,3.1226346492767334,6.937047004699707,4.020898342132568,6.759189605712891,5.99897575378418,137.36860739329217,15.05342162398256,90.62336583428407,36.529304715292305,183.73467734841068,572.499549722488,1692.844391244019,1140.2908896842105,1609.3686989473686,1505.4879318277513,15.798417,5.472954,463.30937691526174,6520.491461425838
2021,barley,Cuenca,3300.0,4.646817207336426,24.293689727783203,8.971280097961426,17.498428344726562,11.168609619140625,1.365997314453125,8.690109252929688,2.5688462257385254,7.8121747970581055,4.861565589904785,153.75685424066108,31.632523819156315,103.57616498337492,97.16989327772805,195.03166692250448,550.7817704347826,1643.9397313043478,1090.2964640869563,1534.588465619565,1462.1293493043477,12.957906,5.02671,581.1671032434249,6281.735780749999
2021,barley,Cáceres,1938.0,7.959301948547363,26.379772186279297,12.885433197021484,19.974559783935547,14.45053482055664,4.482412338256836,9.303478240966797,5.8615217208862305,8.765138626098633,7.778583526611328,188.0098184973981,4.743151540782723,100.6235366922589,56.35023820805998,363.74462352112425,517.9861994929577,1688.172617258216,1130.1442129953052,1554.4664713708921,1408.1482876056339,16.01669,7.3282857,713.4713684596239,6298.917788723004
2021,barley,Cádiz,2605.0,11.602802276611328,25.63855743408203,14.938636779785156,20.945173263549805,17.318485260009766,8.3193359375,15.766680717468262,9.72447395324707,12.323737144470215,11.715662002563477,219.1574644471558,1.4327935594352106,95.59392420506813,22.593464181456767,229.73894284392748,627.5322676056338,1684.346670028169,1200.562083830986,1660.291018309859,1639.769666169014,17.960356,11.594258,568.5165892370434,6812.501705943662
2021,barley,Córdoba,2160.0,8.945674896240234,28.18141746520996,14.006402969360352,21.795604705810547,15.600196838378906,5.186163425445557,10.39932632446289,6.1326446533203125,8.644854545593262,8.097888946533203,145.54938360282353,5.904175730219244,78.64262081640108,30.781772278462135,200.53476989695002,585.5300654,1706.8001819571427,1159.1772911714284,1653.9293601142858,1535.4202058,17.354916,7.759794,461.412722324856,6640.857104442857
2021,barley,Girona,3827.0,6.273637771606445,21.800846099853516,9.542280197143555,17.139820098876953,11.856440544128418,2.968592405319214,15.58736801147461,4.600402355194092,12.037703514099121,7.960939407348633,101.75104825027654,133.8939425669244,116.71926313247837,185.63587883847657,328.9556270876869,509.2396428852459,1323.0443195081966,1033.0636584590166,1322.3376124918032,1272.245525770492,13.078244,8.519324,866.9557598758428,5459.930759114754
2021,barley,Granada,1347.0,6.6693549156188965,25.484811782836914,10.390546798706055,18.348499298095703,12.75949764251709,1.6867526769638062,8.417245864868164,3.534703016281128,7.266345977783203,5.239505767822266,130.76412690332694,13.432466248559312,116.82391981422438,83.70221079181331,148.109058084414,659.316927379845,1666.4547835968992,1164.9536825426358,1650.609098387597,1643.3951882170543,14.402035,5.2306767,492.83178184233793,6784.729680124031
2021,barley,Guadalajara,3000.0,3.768791913986206,22.801307678222656,8.090723037719727,16.019351959228516,10.02413272857666,0.5271801352500916,7.357172012329102,1.5928876399993896,7.113110542297363,4.138904571533203,137.1457600546634,31.82103416922055,118.03242810410777,113.53742916471376,222.30937516032242,522.8104238425198,1635.5547622204722,1084.9387253149607,1488.4531464251968,1350.1827561259843,11.788074,4.1446934,622.8460266530279,6081.939813929133
2021,barley,Huelva,3432.0,10.603630065917969,26.89229965209961,15.340765953063965,21.483936309814453,16.987329483032227,7.122598648071289,12.628861427307129,8.454451560974121,10.253035545349121,10.259467124938965,126.73482988832089,1.1936586506769973,70.8555846019433,26.807775071893747,230.47297779270087,577.9529185,1705.378696596154,1167.7161046153847,1645.6049022115385,1556.8000677500002,18.049215,9.829647,456.0648260055358,6653.452689673077
2021,barley,Huesca,3133.0,4.0403242111206055,21.652118682861328,8.231173515319824,16.036287307739258,9.892990112304688,0.7174817323684692,10.979947090148926,1.7835347652435303,8.0424165725708,4.7552409172058105,157.74581866080945,68.97189914774611,108.38352088674286,148.87075526721378,297.7950723248826,512.6174015857988,1501.856821704142,1095.6968553550296,1437.8325157514791,1368.4346854674557,11.624314,5.1723104,781.7670662873949,5916.438279863905
2021,barley,Illes Balears,1390.0,12.00753402709961,25.99117088317871,13.645694732666016,20.846759796142578,17.77488136291504,7.587892532348633,18.86661720275879,8.679136276245117,14.935617446899414,12.437105178833008,69.17294419504876,15.477212111790513,62.126456858113755,64.39981899982276,175.3953702519106,626.6860037209302,1551.8322369767443,1152.0213930232558,1563.4310165581396,1473.194839162791,18.00682,12.490579,386.5718024166864,6367.165489441861
2021,barley,Jaén,2122.0,7.504377365112305,27.798080444335938,12.274707794189453,20.67743682861328,14.157072067260742,3.299023151397705,7.9714250564575195,4.4395551681518555,7.451851844787598,6.122623443603516,176.77387908299764,15.505328270368693,88.18549274669753,55.702969189926435,193.52375815135463,593.8570430222222,1683.7627859111112,1153.9727535703705,1628.960493274074,1558.4151875407408,16.09479,5.901184,529.6914274413449,6618.968263318518
2021,barley,La Rioja,4433.0,4.606973648071289,18.975475311279297,7.262115478515625,14.294229507446289,9.918933868408203,1.406355619430542,10.903331756591797,2.308145523071289,8.63952922821045,5.082502841949463,157.13873883164845,48.06130010577348,129.35573724026864,195.00385093918214,237.76471757430295,460.9807858461538,1474.1824224615384,994.480888,1371.0284938461539,1235.0258697692307,10.829444,5.5703945,767.3243446911756,5535.698459923077
2021,barley,Las Palmas,1046.0,16.613460540771484,21.983320236206055,17.829666137695312,19.55426025390625,20.448333740234375,11.309022903442383,16.846172332763672,12.168327331542969,13.848007202148438,14.954851150512695,42.131363427168445,6.430372074932644,18.909307610782747,7.3530937652838855,51.323085070244574,894.5618502105262,1602.4260905263159,1392.385308105263,1567.3244518421052,1981.2644352105262,19.479563,14.013538,126.1472219484123,7437.962135894737
2021,barley,León,3300.0,3.216435670852661,18.630229949951172,7.364774227142334,13.128303527832031,8.990134239196777,0.6953895092010498,9.361982345581055,2.139354944229126,7.175965309143066,5.0543975830078125,230.32323988531368,29.652883530438288,98.98034930901031,157.5789482104296,397.8042225582751,422.538189132948,1525.523960751445,1020.9867377861272,1356.8081395953757,1189.8853396647398,10.053335,4.9135814,914.339643493467,5515.742366930635
2021,barley,Lleida,4138.0,3.727170944213867,20.922950744628906,7.742683410644531,15.800273895263672,9.443769454956055,0.21350526809692383,12.030170440673828,1.794271469116211,8.31038761138916,4.792762279510498,113.85007467004988,102.9436781042152,107.21676300587478,137.89829096330536,225.84281207897044,529.7945288,1464.3342339703704,1087.4445348074073,1443.0081579703701,1360.3257852444444,11.180103,5.32231,687.7516188224157,5884.907240792592
2021,barley,Lugo,2300.0,6.462436676025391,17.520076751708984,9.127400398254395,13.336660385131836,11.177152633666992,4.080089092254639,13.228849411010742,5.290262222290039,9.774742126464844,8.390979766845703,400.2245277971835,56.15360263714919,120.166162939222,202.1001733788499,565.3401350910599,383.9512216216216,1357.6965739459458,1014.4173866036036,1293.0963487387387,1105.519727981982,11.466813,8.192651,1343.9846018434646,5154.681258891892
2021,barley,Madrid,2345.0,5.095373153686523,24.947872161865234,10.061300277709961,18.34795379638672,11.740438461303711,1.7313158512115479,7.678713798522949,3.1691091060638428,7.415504455566406,5.4901275634765625,123.05468371681783,19.895608941028858,107.8778507887632,64.62762755121308,250.33727147387364,533.3421028505747,1671.0478443448276,1096.801248873563,1546.8061814252874,1388.5828753333333,13.655562,5.162483,565.7930424716966,6236.580252827586
2021,barley,Murcia,2240.0,9.143879890441895,26.148361206054688,12.065430641174316,19.960391998291016,15.006326675415039,3.4875099658966064,14.313018798828125,6.441497802734375,11.198196411132812,7.939390659332275,71.82995358768818,14.262992761831367,114.90279669677261,101.94309067409651,82.19088709341213,645.3450864424779,1600.7159528141594,1094.1766153893805,1599.9939602123893,1626.7051028141593,16.221786,8.553167,385.1297208138008,6566.936717672566
2021,barley,Málaga,2420.0,9.844383239746094,25.512840270996094,12.992948532104492,19.635269165039062,15.346757888793945,6.301510334014893,13.825807571411133,8.042078018188477,10.962202072143555,9.846338272094727,180.67108730094074,4.115404289222182,124.71726438443955,28.989403566371088,210.8306985179039,648.335133479452,1679.9503964931505,1153.6677092054792,1656.3464013972603,1635.4846666849314,16.446493,9.804046,549.3238580588775,6773.784307260274
2021,barley,Navarra,3698.0,5.966966152191162,19.409164428710938,8.73327350616455,15.420656204223633,11.038219451904297,3.0317182540893555,12.897154808044434,3.1866424083709717,9.746604919433594,6.669914245605469,183.9650984293428,58.58754713036891,84.30545040142948,187.90991448636714,353.99574431571466,425.13516500000003,1360.4888229482758,1005.6557117586207,1298.324604310345,1208.7195681206897,11.934417,7.0336585,868.763754763223,5298.323872137931
2021,barley,Ourense,2300.0,5.2926025390625,18.567047119140625,9.131945610046387,13.779805183410645,10.559860229492188,3.0406723022460938,11.867249488830566,4.477197170257568,8.911630630493164,7.130040168762207,393.01154154463654,34.74261697277993,134.8030460390109,165.34402580653565,519.8653378033939,397.6946855696202,1485.4587793164555,1027.6202520886077,1388.2843163544303,1152.947834607595,11.3151865,7.0928054,1247.766568166357,5452.0058679367085
2021,barley,Palencia,3607.0,4.1501922607421875,19.789989471435547,7.782658576965332,14.484189987182617,9.730449676513672,1.3809585571289062,9.030451774597168,2.2055490016937256,7.449679851531982,5.275001525878906,153.99300995301664,26.72672488197182,74.9922527570403,112.88695394724942,266.2698438850681,428.7871379775281,1542.1071025393258,1048.7022565393258,1395.319908044944,1214.2243648988763,10.944655,5.1027737,634.8687854243462,5629.14077
2021,barley,Pontevedra,2050.0,7.9343366622924805,18.375640869140625,10.766183853149414,14.661123275756836,12.556660652160645,5.668589115142822,13.999887466430664,6.878427982330322,10.861215591430664,9.603495597839355,497.70794684688246,53.55729432900746,156.1444076510767,196.05392935375374,641.8301804562409,410.80066624999995,1408.5291194583333,1043.9669038333332,1406.1912858333335,1137.1211925416667,12.8084345,9.435852,1545.2937586369615,5406.609167916667
2021,barley,Salamanca,3350.0,5.487736225128174,22.492900848388672,9.73426628112793,16.39408302307129,11.412127494812012,2.3255727291107178,8.554339408874512,3.4663913249969482,7.560579299926758,5.897008419036865,175.8916209864437,8.73845598471344,97.04788528662876,91.58095715637494,312.78823992363493,488.438365924812,1669.9770721954887,1118.6537176842103,1513.669794451128,1342.333388150376,12.822207,5.616816,686.0471593377957,6133.072338406015
2021,barley,Santa Cruz de Tenerife,924.0,14.57795238494873,21.141956329345703,15.61632251739502,18.081859588623047,18.504730224609375,10.043243408203125,15.375356674194336,10.94074535369873,12.84345531463623,13.67866039276123,97.68489304929972,9.396781760985807,35.47690995782614,14.212518090382218,114.50612198499341,907.658679,1643.381455,1417.164957,1624.9800026666667,1973.280222,17.737925,12.76002,271.27722484348726,7566.465315666666
2021,barley,Segovia,3276.0,4.102280616760254,21.993240356445312,8.134096145629883,15.571146011352539,10.09078311920166,0.9385841488838196,7.113452911376953,2.036722183227539,6.904879570007324,4.489963054656982,157.20122342360645,21.190412650742616,107.76505620836429,113.95497014491181,254.30722938399566,500.4829965263158,1646.9219372631578,1108.2177475789474,1501.7791664210527,1323.8428457105265,11.663722,4.3289275,654.4188918116208,6081.2446935
2021,barley,Sevilla,3010.0,10.603785514831543,27.808732986450195,15.383749961853027,22.353168487548828,17.149166107177734,6.843570709228516,13.33737850189209,8.045466423034668,10.441247940063477,9.781586647033691,142.2931577622051,1.3052699519259836,83.2598775667204,19.8634280423883,206.07653550362923,596.1425153239436,1704.1770993239438,1177.5080696056339,1656.2718763943662,1574.0494636056337,18.40796,9.705139,452.798268826869,6708.149024253521
2021,barley,Soria,3679.0,3.492117404937744,20.999998092651367,7.231375217437744,14.70095157623291,9.401844024658203,0.4973192811012268,7.643953323364258,1.1716678142547607,7.110411643981934,4.014104843139648,139.03877283188336,29.740333159372472,117.7369518572824,144.62275148483744,210.81065737050875,491.64425442105266,1594.2108936491227,1074.7474685789475,1447.514209350877,1280.481750877193,10.871356,4.0752606,641.9494667038845,5888.5985768771925
2021,barley,Tarragona,3616.0,8.317907333374023,24.22695541381836,11.4174165725708,19.632774353027344,14.301400184631348,4.289166450500488,15.866792678833008,5.275899887084961,11.323005676269531,8.504321098327637,86.65428956728132,68.55324755727298,91.43805494005719,60.603678009339745,137.25474085126604,552.4619288888889,1446.382860190476,1070.8154733968254,1479.9437825079365,1426.9239262222222,15.366309,8.960584,444.5040109252173,5976.527971206349
2021,barley,Teruel,2997.0,4.54305362701416,21.923786163330078,7.712272644042969,16.016357421875,10.258991241455078,0.37883079051971436,9.985563278198242,1.4017471075057983,7.764321327209473,3.9499878883361816,96.50162778185597,66.42858976987922,125.34792705114532,109.90765434578529,160.14731152383786,580.9827304654088,1548.8654990440252,1075.5069904150944,1469.7526543396225,1447.6911796855345,11.785576,4.5717397,558.3331104725037,6122.799053949686
2021,barley,Toledo,2667.0,6.467010021209717,26.630741119384766,11.47343635559082,19.995563507080078,13.146105766296387,2.909684896469116,7.707501411437988,4.227910041809082,7.502973556518555,6.382656097412109,132.92251768319503,14.186948190576263,91.91193881242171,42.959031347902666,221.32817557879855,563.4508890186336,1693.0479738757763,1123.9995943105591,1580.7404721118014,1450.9540568198759,15.143161,5.85223,503.3086116128942,6412.192986136646
2021,barley,Valencia,3250.0,8.292314529418945,24.93899154663086,10.948381423950195,19.2911434173584,14.228678703308105,3.2668492794036865,14.931379318237305,5.606660842895508,11.27336311340332,7.491529941558838,76.2971919873439,55.693656346119866,140.80787065652532,98.95940865562596,159.58743839499056,605.3738918899082,1526.0893769174313,1047.3843800183486,1504.9793802201834,1538.1544124770644,15.321364,8.343553,531.3455660406056,6221.981441522936
2021,barley,Valladolid,3669.0,5.346221923828125,22.60051727294922,9.373266220092773,16.642608642578125,11.098319053649902,2.0792651176452637,7.768618583679199,2.7356152534484863,7.403061866760254,5.551272392272949,128.88173880360344,7.311704035636715,85.0296244724569,95.06675241955301,223.97813331132585,464.51139468181816,1660.266711840909,1114.8150675340908,1501.3670493863638,1293.4940155454547,12.693208,5.1815176,540.2679530425759,6034.4542389886365
2021,barley,Zamora,3611.0,5.134055137634277,21.757389068603516,9.29426383972168,15.937801361083984,10.954742431640625,2.090057373046875,8.310830116271973,2.9432504177093506,7.217838764190674,5.762612342834473,162.93420539051294,8.61628228479198,103.92264691075044,101.09012829565576,292.95420441137895,445.80610375000003,1659.1233330535715,1086.9204332946429,1492.2515539285714,1273.5242777142857,12.338833,5.3478665,669.51746729309,5957.625701741072
2021,barley,Zaragoza,2950.0,6.673647880554199,23.756683349609375,10.297188758850098,18.429779052734375,12.288691520690918,2.7446699142456055,10.943634033203125,2.6410579681396484,8.557559967041016,5.98750114440918,105.50163379628607,23.67897970158052,67.13445205106697,92.18199935000628,180.3844321620591,527.8292715744681,1553.9395545319148,1083.4827301063829,1472.4619532659576,1382.8390103829786,13.95578,6.143654,468.8814970609989,6020.552519861702
2021,barley,Álava,6100.0,5.780052661895752,17.531574249267578,7.922860622406006,13.964522361755371,10.64132022857666,2.9362235069274902,13.02206039428711,3.504317283630371,9.92372989654541,6.731245994567871,185.12313060199514,51.56861212849617,110.24666982187944,204.90635169604244,346.59531722349277,406.3382685882353,1300.8941607058823,934.9180354705882,1225.6842249411766,1168.7925402941178,11.080276,7.1414704,898.440081471906,5036.62723
2021,barley,Ávila,3048.0,3.968761444091797,22.09215545654297,8.12100601196289,15.566826820373535,10.164608001708984,0.461212158203125,6.716845512390137,2.236480712890625,6.483767509460449,4.359231948852539,172.3725451259728,23.347789691155214,118.61911029090365,93.99266508616597,335.8835572176669,542.404434313253,1674.3969187710843,1109.300042120482,1520.7206001204818,1389.3497250602409,11.679661,4.102795,744.2156674118645,6236.171720385542
2022,barley,A Coruña,2325.0,8.617923736572266,19.880477905273438,10.229299545288086,15.623647689819336,13.131271362304688,5.903719902038574,15.67955493927002,7.107071876525879,12.546101570129395,10.494723320007324,105.61965605149786,42.961872307830546,240.08659748284214,160.94695820434984,436.8230824743409,488.3190997108434,1433.9805369156627,949.4480030481927,1266.6078039036145,1152.7103660843372,13.435649,10.370982,986.4381665208613,5291.06580966265
2022,barley,Albacete,2250.0,6.810477256774902,26.715831756591797,9.234121322631836,21.46576499938965,12.758648872375488,0.05259715020656586,10.168516159057617,4.49427604675293,7.226313591003418,6.970480918884277,22.35671919512172,26.115495762228967,242.65648846164828,40.55120961050834,201.08177905832568,665.0905278451613,1640.5126928,952.8880838258065,1695.3948559483872,1498.496505232258,14.957249,5.9804444,532.761692087833,6452.382665651613
2022,barley,Alicante,1175.0,9.968009948730469,27.061443328857422,12.090764999389648,22.10582733154297,15.850455284118652,3.3039321899414062,16.29182243347168,7.555692672729492,12.378385543823242,10.566404342651367,21.84173771477582,13.554864173657016,314.37878901498357,50.45523375220466,261.19785407525404,658.9481912280702,1594.0941976842105,996.1959832105264,1674.0999803157895,1494.8234731754387,17.154493,10.11044,661.4284787308751,6418.1618256140355
2022,barley,Almería,1063.0,9.112777709960938,25.914464950561523,10.959571838378906,21.408004760742188,14.979475021362305,2.0412702560424805,13.696981430053711,6.176904678344727,9.375123977661133,8.327596664428711,31.3005924408519,12.22721912778459,300.55079823593763,47.1820373847041,96.02221902763081,709.7303414418604,1660.1478453720931,1064.2208023488372,1701.1428499767442,1653.736544139535,16.225628,7.990912,487.28286621690904,6788.97838327907
2022,barley,Badajoz,2628.0,9.85698127746582,29.347450256347656,12.48788833618164,23.14008903503418,15.507427215576172,3.385929584503174,9.439657211303711,6.043426513671875,8.617623329162598,8.546515464782715,19.027318388589524,2.68482405746285,169.7883589054857,9.812394268860642,202.75102885014246,682.2953857678572,1714.4070485357142,1025.4697586160714,1650.2217856160714,1540.6384270625,17.64121,7.4299445,404.06392447054117,6613.032405598215
2022,barley,Barcelona,2692.0,6.238414764404297,24.269309997558594,9.766654968261719,19.99120330810547,12.053155899047852,1.8278294801712036,16.736530303955078,5.353446960449219,12.616636276245117,8.622148513793945,42.29590457747965,156.85336265143226,209.13295440393335,102.78796471988454,301.085543426696,582.4200343529412,1457.7453742117648,932.0082697058824,1550.9114758117646,1255.4792322235294,14.061982,8.963123,812.1557297794258,5778.564386305882
2022,barley,Burgos,3471.0,4.027731418609619,22.066925048828125,7.136844635009766,16.87578582763672,9.920064926147461,0.02756655216217041,10.380585670471191,2.911909341812134,8.540119171142578,5.630814075469971,42.62212777137756,28.466780434879993,177.98043123725193,62.89683416914316,293.0224553401174,542.3474504313725,1525.4007337124185,915.7552732745098,1430.299670980392,1181.0620223071896,11.657903,5.520302,604.9886289527701,5594.865150705882
2022,barley,Cantabria,1920.0,5.7931060791015625,19.626102447509766,8.516277313232422,15.438682556152344,10.960504531860352,2.5105395317077637,14.694786071777344,4.784762859344482,11.59019660949707,7.997924327850342,89.58143996217035,101.6950914019888,239.04918748682195,186.90050009814175,581.020831951228,502.5118134545454,1342.336467272727,915.7447005272727,1257.6836243272728,1080.9198767454545,11.88253,8.262689,1198.247050900351,5099.196482327273
2022,barley,Castellón,1295.0,7.692743301391602,24.78656768798828,10.017430305480957,20.018474578857422,13.1748685836792,0.9002406001091003,15.733053207397461,5.543798446655273,12.620094299316406,8.531877517700195,18.363119095721295,91.75960076862657,315.05641518848046,101.47092691357706,302.01726024209614,631.9617777464789,1520.2823206760563,940.1235976760563,1604.9457174929578,1378.1544369154929,14.810825,8.643491,828.6673222085016,6075.467850507042
2022,barley,Ciudad Real,1824.0,7.76822566986084,29.039216995239258,10.505254745483398,22.712608337402344,13.874664306640625,1.2707258462905884,7.4366068840026855,4.826594352722168,6.350494384765625,6.571889877319336,27.483546747117522,15.161898302671869,201.37334510013818,14.673621436625577,199.74551794146808,684.3486934736842,1694.7772827751196,991.6727051818182,1701.2062462870813,1521.7159574593302,16.295773,5.5047,458.43792952802124,6593.720885177034
2022,barley,Cuenca,2200.0,5.422011852264404,26.15481185913086,8.366771697998047,20.670345306396484,11.387776374816895,-1.0973232984542847,8.819068908691406,3.1190333366394043,5.973403453826904,5.592652797698975,20.860579659959868,33.96465980342549,195.23318181348884,29.35541048362527,259.97038418783444,641.7984014782608,1638.8943943695651,938.9697838152174,1692.5186676956523,1432.6921451195653,13.89825,4.6665816,539.3842159483339,6344.873392478261
2022,barley,Cáceres,1460.0,8.68272590637207,28.87539291381836,11.652181625366211,22.17820930480957,14.46367073059082,2.9635841846466064,9.495412826538086,5.6768083572387695,9.086634635925293,8.268692970275879,20.44042888031879,6.092808607295637,196.85170899310583,15.967023900976763,310.787367840608,656.4060324694835,1690.9552022910798,1000.6234402206572,1591.3618290985914,1469.4537562676055,16.719309,7.2933044,550.139338222305,6408.800260347418
2022,barley,Cádiz,2912.0,12.435646057128906,26.668926239013672,13.830232620239258,21.990840911865234,17.424896240234375,6.953195571899414,15.584684371948242,9.240776062011719,12.383367538452148,11.595876693725586,25.550838253447708,3.3194217683163694,272.477875424103,13.101119528688542,185.4534911622464,731.9633605633803,1666.1670134366198,1096.3195963521127,1698.5937974929577,1661.1748968028169,18.295906,11.225629,499.902746136802,6854.218664647888
2022,barley,Córdoba,2094.0,9.9360933303833,29.55124855041504,12.49759578704834,23.712108612060547,15.737387657165527,3.2761220932006836,10.48855972290039,6.292660713195801,8.367074966430664,8.215840339660645,24.79423018092556,6.007131332741118,193.19778904574258,12.512352650293282,180.54204941732542,696.2786935428571,1714.8359231285715,1041.5980591285715,1706.2286297571427,1578.9346201142857,17.86197,7.4760165,417.05355262702795,6737.875925671428
2022,barley,Girona,3375.0,6.4059600830078125,24.231781005859375,9.822711944580078,19.868444442749023,12.191438674926758,1.5559927225112915,16.8465633392334,5.698966979980469,13.205802917480469,8.249320030212402,45.22745403696279,124.67430979563076,250.14118524457587,111.66215851170118,327.176702572674,583.135459409836,1417.1834617704917,918.7878802786886,1503.129184,1231.9542353934426,14.118629,8.967661,858.8818101615446,5654.190220852459
2022,barley,Granada,634.0,7.28679895401001,25.876239776611328,8.99322509765625,20.52556610107422,12.859637260437012,0.11584874987602234,9.306188583374023,4.062483787536621,6.272058486938477,5.616647243499756,39.697217372729796,20.31003769608431,266.5629908095959,41.85991670803506,129.12095920730007,708.2023607131782,1683.1788904496123,1056.2542551705426,1711.8001660310078,1658.8955525348838,14.733517,5.1649795,497.5511217937451,6818.331224899224
2022,barley,Guadalajara,3000.0,4.457223415374756,25.063186645507812,7.423243522644043,19.300872802734375,10.241317749023438,-2.10617733001709,7.444478988647461,2.155904769897461,5.593243598937988,4.380197048187256,20.67641430682554,30.703075244905442,214.36461550044262,34.04217496174058,219.93462460998475,629.0773047244095,1619.9410332283464,929.4434960866142,1647.7914838582678,1356.914966952756,12.78786,3.641307,519.720904623899,6183.168284850394
2022,barley,Huelva,2600.0,11.930196762084961,27.88705062866211,13.823713302612305,22.96324920654297,17.15393829345703,5.564098358154297,12.787252426147461,7.940103530883789,10.980659484863281,10.310943603515625,19.07085337375219,2.1888548117556357,189.82375999368153,10.82770947782466,205.1121613070942,716.2771945,1702.5563266346153,1085.1945656923076,1667.8061785576922,1634.3752957307693,18.485348,9.649,427.02333896410823,6806.2095611153845
2022,barley,Huesca,2701.0,4.524542808532715,23.919845581054688,8.166011810302734,19.790706634521484,9.93222427368164,-0.7478711605072021,12.134077072143555,2.8691818714141846,8.290779113769531,5.389321327209473,56.748521297817405,119.94492288348238,203.33055140280862,105.71016357354159,326.8973574541377,608.1702361420118,1554.1258721775148,994.8566406804733,1569.0507951360946,1331.216019378698,12.710926,5.554135,812.6315166117877,6057.419563514793
2022,barley,Illes Balears,1650.0,11.266359329223633,27.7334041595459,13.600321769714355,22.49352264404297,17.59761619567871,6.7898736000061035,19.944393157958984,9.21661376953125,15.999204635620117,13.127901077270508,23.895163351539956,34.604584630578756,128.4085942728575,38.466823332531504,329.1636859123097,642.5248480930234,1567.5345328837209,1060.6232466744186,1618.9619827441861,1363.0243528604651,18.381474,13.034314,554.5388514998174,6252.668963255815
2022,barley,Jaén,1650.0,7.926897048950195,28.793485641479492,10.80173110961914,22.609569549560547,14.253313064575195,1.4533933401107788,8.38407039642334,5.095438003540039,6.911214828491211,6.651526927947998,37.60078438145143,15.024605974196284,218.6986705550441,23.431857056970948,236.34674310772508,703.163055762963,1691.4565845185184,1015.0742385111112,1710.1218190962963,1576.7573641851852,16.439718,5.857862,531.1026610753878,6696.573062074074
2022,barley,La Rioja,4450.0,4.164994239807129,21.816314697265625,6.993231773376465,17.137773513793945,9.773383140563965,-0.14939290285110474,11.381950378417969,3.135913610458374,9.207052230834961,5.562464714050293,45.80218831449747,58.28149794615233,218.132449892851,82.93400515042819,326.58611569267055,547.5319336923077,1518.719210346154,905.6069803461538,1444.1051644615386,1185.8697171923077,11.609847,5.783409,731.7362569965995,5601.8330060384615
2022,barley,Las Palmas,1103.0,17.12384796142578,22.64147186279297,17.075149536132812,20.158716201782227,20.109359741210938,10.290191650390625,17.194011688232422,11.068859100341797,14.720251083374023,14.768141746520996,32.96811405804596,7.202263573282644,26.4509857038134,7.0720127676368545,23.746595056825562,921.577588,1576.569915631579,1366.4981922105262,1613.7265598421054,2051.596223263158,19.536318,13.8016,97.43997115960443,7529.968478947369
2022,barley,León,1970.0,4.050625324249268,21.55375862121582,6.475808143615723,15.882744789123535,9.11216926574707,-0.42891961336135864,10.301223754882812,2.174001693725586,7.966699600219727,5.168722152709961,41.94451779437203,40.48988437725802,184.76958772212782,108.92314791110898,328.82638086680043,543.362817549133,1527.2508919075144,947.6899469884393,1408.2565456763004,1173.800182017341,11.031212,5.0584083,704.9535186716673,5600.3603841387285
2022,barley,Lleida,2683.0,4.162335395812988,22.938640594482422,7.8047685623168945,19.119964599609375,9.612775802612305,-1.5636422634124756,13.304874420166016,2.654632091522217,8.865570068359375,5.411444664001465,51.07268247317385,158.65832456129567,183.34224792939645,109.80821728132389,283.6069563028989,604.0615881481482,1502.4615661333332,1001.0109002148148,1557.6982077185185,1313.9012897407408,12.208543,5.680721,786.4884285480888,5979.133551955556
2022,barley,Lugo,2375.0,6.366769790649414,19.97370147705078,8.56976318359375,15.2108793258667,11.226179122924805,3.605172634124756,14.901622772216797,5.364043235778809,11.667428970336914,8.46927261352539,91.28001906689224,56.29550550723667,212.52406838992695,189.54607456009666,436.016427523381,484.8357055135135,1470.1796488828827,928.708207972973,1292.3718599279277,1118.2776562072072,12.095578,8.746136,985.6620950475335,5294.3730785045045
2022,barley,Madrid,2769.0,5.969655990600586,27.074085235595703,9.206703186035156,20.96146011352539,11.84436321258545,-0.3190598487854004,7.840397834777832,3.5896286964416504,6.719893455505371,5.876067638397217,21.655603825532157,21.022670582279392,212.95893504975857,24.396844599096255,223.81769337599306,626.1849819770116,1670.956490551724,959.5744291149426,1660.7990254252873,1403.3135915287355,14.483439,4.9304996,503.8517474326594,6320.828518597701
2022,barley,Murcia,2734.0,9.172699928283691,26.736804962158203,11.43088436126709,21.915000915527344,15.249833106994629,2.1096572875976562,14.717487335205078,6.735363483428955,10.951883316040039,9.243865013122559,21.231400246773145,11.476926230413394,313.4261599304402,45.61082501524845,142.47257898892977,670.7679740176991,1624.7926898938053,994.598440982301,1689.939113522124,1542.6567183097345,16.625843,8.833687,534.2178904118049,6522.754936725664
2022,barley,Málaga,2198.0,10.404086112976074,26.1603946685791,12.008230209350586,21.14727783203125,15.660287857055664,5.466896057128906,14.333216667175293,7.566661834716797,10.781318664550781,9.71473503112793,34.66258733035767,3.004481108789013,291.8373094617504,28.478666429222905,130.07666479724728,692.0690783013699,1696.473374410959,1050.7691369452054,1715.7306331232876,1669.7050679041097,16.840094,9.596261,488.0597091273672,6824.747290684932
2022,barley,Navarra,3680.0,5.200781345367432,22.336090087890625,8.635368347167969,18.428668975830078,10.876221656799316,1.7996121644973755,13.863357543945312,4.578412055969238,10.862221717834473,7.284677505493164,81.67113223877446,90.36389493377044,189.65985337619122,97.7324957133367,422.3416114069264,523.2300913793104,1455.6143550517243,897.6271556551725,1393.9615468965517,1144.188302362069,12.725558,7.6121597,881.7689876689993,5414.621451344828
2022,barley,Ourense,2425.0,5.643510818481445,21.752866744995117,8.021020889282227,15.80749797821045,10.537893295288086,2.0521700382232666,13.342231750488281,4.26901912689209,10.578169822692871,7.351783752441406,57.15783800429936,41.22074444290203,200.2184169081193,162.97315585462354,367.5267589620397,528.5972996455696,1581.2540689367088,932.4517054050634,1373.488692835443,1181.5224458101266,12.050114,7.4908595,829.0969141719839,5597.314212632911
2022,barley,Palencia,3385.0,4.100506782531738,22.475250244140625,7.285318374633789,17.244556427001953,9.85518741607666,-0.1617812216281891,9.903003692626953,2.6550393104553223,7.946394920349121,5.552854061126709,31.15917976317781,22.49905240996165,173.57392658276504,62.476811703336374,256.26996781986753,558.432228,1572.1068502696628,946.7360702359551,1458.177363460674,1200.8522239213482,11.802669,5.241394,545.9789382791084,5736.30473588764
2022,barley,Pontevedra,2125.0,7.854238033294678,21.138723373413086,10.014841079711914,16.145355224609375,12.534912109375,5.0130109786987305,15.724884033203125,6.6040544509887695,12.707855224609375,9.809611320495605,90.28079554190239,30.695942356406402,268.74062629540765,184.54889115194482,469.94405675927794,513.62463075,1536.3218648333334,976.235308,1335.6485074166667,1190.8864923333333,13.370498,9.944838,1044.2103121049392,5552.716803333334
2022,barley,Salamanca,2600.0,5.811076641082764,25.34506607055664,8.788372993469238,18.876848220825195,11.215828895568848,0.660352885723114,8.959043502807617,3.5909197330474854,7.905835151672363,6.40282678604126,17.045839720538684,21.243864609194652,180.99221004220777,37.264752519758126,268.9301763835706,621.8645007218045,1669.0550846466167,973.4644896616542,1531.412975368421,1357.5280539022556,13.542171,5.6536345,525.4768432752699,6153.325104300752
2022,barley,Santa Cruz de Tenerife,1016.0,14.739898681640625,21.409374237060547,15.043569564819336,18.546337127685547,18.358001708984375,9.27769947052002,15.388418197631836,9.93305492401123,13.57697582244873,13.519601821899414,57.53425365810593,12.001258004146319,57.459092485407986,14.177101891487837,78.44841870386153,905.3092026666666,1607.2043904166667,1381.7293476666666,1663.8341528333335,2062.3151943333332,17.742529,12.5358925,219.6201247430096,7620.392287916667
2022,barley,Segovia,2400.0,4.38613224029541,24.605724334716797,7.4172539710998535,18.49777603149414,10.061033248901367,-1.2044501304626465,7.459702491760254,2.2714314460754395,6.5821967124938965,4.763721466064453,30.940832820377853,23.702301387282972,187.2192146683994,43.21270046932133,236.1669403957693,612.634654,1657.6595084210526,962.5976293421054,1590.6154194210526,1324.9144125,12.504826,4.106054,521.2419897411509,6148.421623684211
2022,barley,Sevilla,2378.0,11.75118637084961,28.831558227539062,13.879281044006348,23.80941390991211,17.13070297241211,5.22514009475708,13.234503746032715,7.877653121948242,10.667960166931152,9.94519329071045,17.48332707541929,3.970710935692539,204.88740465842503,9.706858783960342,175.28310716991695,707.3984783943662,1700.199012971831,1062.1926970422535,1686.9274983661971,1617.9073836760563,18.755474,9.482608,411.3314086234141,6774.625070450704
2022,barley,Soria,2231.0,3.8315048217773438,23.60186004638672,6.587338447570801,18.1917724609375,9.404594421386719,-2.052145004272461,7.977267265319824,1.8357088565826416,6.004911422729492,4.254311561584473,22.63456163777594,31.52470140472839,194.72165468910282,44.722809077354896,237.46199500926753,608.5389984210526,1603.9837127192982,925.5772677368423,1582.8161263859652,1294.2753685964913,11.836945,3.712394,531.0657218182296,6015.19147385965
2022,barley,Tarragona,2166.0,8.338587760925293,26.10043716430664,11.399290084838867,21.49041748046875,13.999727249145508,2.192721366882324,17.24532699584961,6.4146223068237305,13.04314136505127,9.55771541595459,11.52563763634553,117.91753257834722,223.8303687723856,77.36762029878676,244.07638403631393,617.8402368253968,1523.9517648253968,970.9876305238095,1589.133232857143,1352.305104904762,15.888031,9.668541,674.717543322179,6054.217969936508
2022,barley,Teruel,1977.0,4.663147449493408,23.599475860595703,7.1979780197143555,18.9805965423584,10.204103469848633,-2.070417642593384,10.822158813476562,2.545088291168213,7.463026523590088,5.066473007202148,14.474593057338172,90.91263319223933,240.85299974567485,80.87076486469064,224.1305161960095,639.1469984402515,1552.3463311194969,923.5325136666668,1618.4365240125785,1388.14663254717,12.4749,4.815467,651.2415070559525,6121.608999786164
2022,barley,Toledo,2187.0,7.043508529663086,28.577880859375,10.36451244354248,22.176517486572266,13.181957244873047,1.277247667312622,7.78730583190918,4.811668395996094,7.185437202453613,6.971604824066162,21.37815577587726,17.899880173351466,196.27205921107938,14.719897262428118,238.6261345888517,650.3781087453416,1684.8636796645965,977.702123347826,1674.3015549440993,1470.0540524658386,15.754388,5.8341446,488.8961270115879,6457.299519167702
2022,barley,Valencia,1802.0,8.186921119689941,26.305130004882812,10.574607849121094,21.125198364257812,14.007086753845215,1.5127313137054443,15.042755126953125,6.118663787841797,12.284993171691895,9.295576095581055,22.880520714669053,40.90523739719609,366.48838986169307,69.78176181223414,304.8055555957173,640.1591142752294,1564.9517157981652,912.3122955504587,1641.9220033211009,1419.328021091743,15.701005,8.92505,804.8614653815097,6178.673150036698
2022,barley,Valladolid,2562.0,4.935000419616699,25.314184188842773,8.732074737548828,19.51526641845703,10.984366416931152,0.20991377532482147,8.468591690063477,3.260572910308838,7.319377422332764,5.983728408813477,18.863664308393545,13.051307520913806,155.69571288607335,33.665485984561116,217.7376756275242,595.4545320454546,1659.47032325,975.6536562727273,1544.855725409091,1285.550717909091,13.410877,5.204319,439.013846327466,6060.984954886364
2022,barley,Zamora,1681.0,5.180668354034424,24.826385498046875,8.54069709777832,18.662452697753906,10.74197006225586,0.4121921956539154,8.891257286071777,3.069427490234375,7.498626708984375,6.17158317565918,17.534538208640047,19.01585801102088,152.27755790948868,51.43517256874058,244.95713250871216,585.3408598214286,1645.3833464285713,965.5284946785714,1502.7343239107142,1272.8544118392856,13.115691,5.3691115,485.22025920660235,5971.841436678571
2022,barley,Zaragoza,2010.0,6.221746444702148,25.905027389526367,9.80246353149414,21.81997299194336,12.126543045043945,0.5456925630569458,12.011539459228516,4.362581729888916,8.50338363647461,6.777010917663574,16.85646157858378,74.24542863571898,166.94237277672647,54.88215703152596,224.73411249321828,614.2431921276595,1583.8206622978723,946.4348667978722,1599.4140614042553,1340.2214310638299,14.667049,6.496203,537.6605325157734,6084.134213691489
2022,barley,Álava,4400.0,4.649501800537109,20.742511749267578,7.881837844848633,16.34821128845215,10.462038040161133,1.9074366092681885,13.890619277954102,4.470180511474609,11.371002197265625,7.278185844421387,73.51891457859207,44.88581846040838,191.98740274765913,84.92728228954708,447.2643421642921,493.24331294117655,1367.0207111176471,873.403141,1284.7530882941178,1084.1608888235294,11.75769,7.6992683,842.5837602404987,5102.581142176471
2022,barley,Ávila,2078.0,4.763537883758545,24.490745544433594,7.10906457901001,17.973691940307617,9.972602844238281,-1.069559931755066,6.8893866539001465,2.4046878814697266,6.64626407623291,4.914792060852051,23.753155975097634,28.67819708074073,232.57436740829286,45.16488669579287,288.2984348750976,633.6151299759035,1676.2674408433736,975.2549436506024,1615.627633060241,1388.6030565180722,12.380375,4.1167274,618.4690420350217,6289.368204048193
2023,barley,A Coruña,2060.0,8.07498550415039,18.834617614746094,11.813864707946777,16.48950958251953,13.9365816116333,4.9531378746032715,14.950139999389648,8.688962936401367,13.067340850830078,11.366937637329102,146.61381327962303,35.547405735914964,99.33620046851146,84.98031564577516,433.80886796296363,240.3413034939759,646.2525763373494,467.5463583795181,686.0013600240964,525.1313036987953,13.847691,10.732243,800.2866030927883,2565.272901933735
2023,barley,Albacete,400.0,5.366358280181885,27.11621856689453,14.295282363891602,18.534046173095703,14.830561637878418,-0.4512957036495209,10.167512893676758,0.5617792010307312,9.554710388183594,7.4009199142456055,13.958060080786385,6.893278177455068,4.093338096213918,83.75314002306231,76.9302320407283,325.8300023612903,853.7297672,686.661615316129,751.9681284387098,769.5658451483871,15.828838,5.772424,185.62804841824598,3387.755358464516
2023,barley,Alicante,556.0,8.927053451538086,27.202926635742188,16.022647857666016,19.906017303466797,17.704267501831055,2.177910566329956,18.371952056884766,5.259954452514648,13.39771842956543,11.421029090881348,15.977596923839627,13.380181023001409,3.009733964672737,92.54262872955256,83.23910188622642,336.8557127368421,812.8856438596491,688.444454877193,776.3371447719298,793.227388631579,17.911196,10.3415985,208.14924252729276,3407.750344877193
2023,barley,Almería,40.0,7.919179916381836,26.617259979248047,15.374914169311523,18.936052322387695,16.680124282836914,1.8111451864242554,14.720649719238281,3.6592044830322266,11.849100112915039,8.856910705566406,18.769540700628312,7.036215326467225,4.445988566809616,99.11461063803628,44.84333814212749,350.71985767441856,844.0182118372093,702.4644976976745,779.3038583953488,860.1276976976744,17.034609,8.29232,174.20969337406893,3536.6341233023254
2023,barley,Badajoz,1189.0,8.406289100646973,28.504981994628906,16.408124923706055,22.30691146850586,17.115633010864258,2.942173480987549,9.169687271118164,4.32636833190918,9.305214881896973,9.966897010803223,16.353237280222984,0.261845186433285,11.256794860686309,39.701013033411336,122.97983708312469,329.99639161607143,870.9903471875,647.5296608415179,781.2590554017856,735.4718528035714,18.309595,7.612873,190.5527274438786,3365.2473078504463
2023,barley,Barcelona,787.0,5.219854831695557,23.478759765625,11.978839874267578,17.5646915435791,13.64588451385498,0.7490481734275818,17.238693237304688,5.5190935134887695,12.728238105773926,10.12879753112793,33.912488266825676,78.56127594323719,23.05055923089385,108.02616749651293,117.6085357606411,302.80652176470585,740.1575762588235,616.1662581058824,734.8448393882353,683.4849085647058,14.255653,9.415444,361.1590266981107,3077.4601040823527
2023,barley,Burgos,2329.0,2.9033732414245605,20.820232391357422,10.024713516235352,15.224809646606445,11.847066879272461,-0.5008789896965027,10.72320556640625,2.85756254196167,9.190569877624512,6.400729656219482,68.36893953490102,11.808999429085578,25.09252070260593,69.61577380735889,126.51908761360288,253.38124069281042,750.1660714117647,536.5187161732026,700.7760785098039,629.5818505816993,12.111211,5.8453197,301.4053210875543,2870.423957369281
2023,barley,Cantabria,830.0,4.748636722564697,18.235387802124023,10.34853744506836,14.955364227294922,12.538091659545898,1.5336863994598389,14.58056640625,5.984188079833984,11.651322364807129,8.58287239074707,137.41852113333616,66.16041428636422,56.28228294090792,112.24959641803395,174.69407675591384,240.91049418181817,577.8898491272728,496.8205341363637,642.4649595636363,591.4444765636364,12.227351,8.485918,546.8048915345561,2549.530313572727
2023,barley,Castellón,1850.0,6.243806838989258,24.664730072021484,13.646706581115723,18.39496612548828,14.921666145324707,-0.24956372380256653,16.619924545288086,4.342951774597168,11.130804061889648,10.111146926879883,18.453627115194227,20.747417961260382,5.974267240272651,76.85219073526457,131.82859581457058,328.30301670422534,785.1921642816901,651.708847971831,749.3389924225353,712.7838811267605,15.4655905,8.677735,253.8560988665624,3227.326902507042
2023,barley,Ciudad Real,349.0,6.267961502075195,28.913352966308594,15.103313446044922,20.758981704711914,15.672021865844727,0.8257514834403992,6.335819244384766,1.5260249376296997,8.057130813598633,7.851316452026367,20.62030411500965,1.4351437013099442,9.409548529811453,48.80124000213934,119.50486701598578,329.1139559330144,877.3223434354068,667.2051363827752,775.45305384689,750.2069468325359,17.064608,5.4078937,199.77110336425616,3399.301436430622
2023,barley,Cuenca,900.0,3.8639538288116455,25.97148895263672,12.489437103271484,17.496952056884766,13.264986991882324,-1.4425804615020752,8.523043632507324,0.6105571985244751,8.159650802612305,6.973230838775635,22.912856247883454,4.617840450459524,8.94104346651179,71.11308950088593,140.16393376530513,315.1333155652174,864.368017423913,664.3087695869565,759.9979950326087,715.1600552608696,14.391968,4.966189,247.74876343104583,3318.968152869565
2023,barley,Cáceres,741.0,7.388896942138672,27.603294372558594,14.868417739868164,21.11469268798828,15.893086433410645,2.2690138816833496,9.470748901367188,5.064461708068848,9.770172119140625,9.909161567687988,24.671470271519652,0.14682555727088417,19.798597520575836,51.7109905954258,261.2833378397523,321.7206565539906,865.6439304319249,623.712220455399,765.0690590234742,678.2274349483569,17.126913,7.73212,357.61122178454445,3254.3733014131453
2023,barley,Cádiz,921.0,11.41356372833252,27.15770149230957,17.285640716552734,21.707809448242188,18.765430450439453,6.627485275268555,15.566226959228516,8.34267807006836,13.409496307373047,13.177072525024414,29.280733738566788,0.19931222006234234,11.54800305735897,44.19229139996247,144.33685720323678,351.2174332112676,857.187674169014,667.9248849295775,799.273886084507,828.9952592676057,19.182596,11.716672,229.55719761918735,3504.599137661972
2023,barley,Córdoba,1160.0,8.557005882263184,29.82480812072754,17.107379913330078,22.414243698120117,17.545373916625977,2.6486005783081055,9.229843139648438,3.798419237136841,9.583337783813477,9.463872909545898,23.600944466250283,0.572492709639898,9.551213239452668,51.49390248996871,109.48655958218234,341.1758094,875.2937707857143,672.2833185285715,780.9597407,781.3852637285714,18.832365,7.3646584,194.70511248749392,3451.097903142857
2023,barley,Girona,2018.0,5.72530460357666,23.1953067779541,11.512750625610352,17.938861846923828,14.034011840820312,0.6912206411361694,16.944690704345703,6.142036437988281,12.167795181274414,9.949991226196289,43.52269343372251,91.81258185012419,50.38220147959521,112.69195165497358,104.37691094543113,294.1404339672131,726.3072683606557,574.2697548688525,739.9103323278689,679.6614271967213,14.406708,9.307621,402.78633936384665,3014.2892167213113
2023,barley,Granada,500.0,5.524342060089111,26.65670394897461,13.873479843139648,17.933197021484375,14.639758110046387,-0.03634077310562134,8.63448715209961,0.9997749924659729,8.7056245803833,6.041654586791992,23.873207923400308,5.85425270548047,6.315583863779326,98.26544485905373,87.37385364927987,353.04639937984496,859.5603917829458,700.3245697674419,764.7921140620155,844.1513491472867,15.544539,5.064476,221.6823430009937,3521.8748241395347
2023,barley,Guadalajara,1500.0,2.8803939819335938,24.503738403320312,11.068696975708008,16.389705657958984,12.032341957092285,-2.030261993408203,7.048272609710693,0.31772667169570923,7.485680103302002,6.008378505706787,29.19080069755006,6.032453888484577,15.162151244270989,64.70994106709487,142.06469322048773,298.91268507086613,853.754136488189,633.8597963622046,756.6671127559056,679.2376901259843,13.151203,4.1396956,257.16004011788823,3222.4314208031496
2023,barley,Huelva,910.0,10.592991828918457,28.62804412841797,17.696592330932617,23.016407012939453,18.24472427368164,4.969860553741455,11.618024826049805,6.768275260925293,11.487739562988281,12.198033332824707,14.810045527724117,0.07057929399832993,7.110215481191587,35.52746111469773,133.17449971259788,339.47081282692307,866.6771745576923,662.5462111153847,797.6125286923077,781.7609815192307,19.403913,9.873328,190.69280113020963,3448.067708711538
2023,barley,Huesca,835.0,2.413206100463867,23.13727378845215,10.653202056884766,17.0380802154541,11.797679901123047,-2.2797374725341797,12.207762718200684,2.290024757385254,8.613775253295898,6.97827672958374,52.56865841785127,41.20687637156283,23.3703614224035,83.48451471522715,140.17579999407366,311.48383751479287,800.8820144615385,615.4442729556213,761.992783112426,685.0550394260355,12.806187,5.7980633,340.8062109211184,3174.8579474704143
2023,barley,Illes Balears,1723.0,10.966157913208008,26.89681625366211,15.098331451416016,21.110015869140625,19.535568237304688,6.404111862182617,20.49146270751953,9.764469146728516,15.410249710083008,15.179845809936523,54.77941846223765,35.39406293959812,12.780965869899752,33.703495420169,121.58850226984468,315.49076427906977,810.2484606046511,676.387469627907,801.5778406511629,782.2134400930232,18.857077,13.738331,258.2464449617492,3385.917975255814
2023,barley,Jaén,661.0,6.698718070983887,29.267696380615234,15.44189167022705,20.82439613342285,16.05342674255371,1.1364707946777344,7.085836410522461,2.1024954319000244,8.42501449584961,7.552896022796631,35.53123897578981,2.9635524234165334,9.500713506561738,56.70511672408493,111.25557914751548,338.97280102222226,873.3157812592592,681.0797392,769.9948847555555,793.667720874074,17.389925,5.6426015,215.95620077736848,3457.030927111111
2023,barley,La Rioja,2245.0,2.892383098602295,20.55338478088379,10.289647102355957,15.237344741821289,11.982447624206543,-0.9742971658706665,11.997550964355469,2.837939977645874,9.363123893737793,6.428863525390625,67.49362321083362,25.519121453739128,24.970347069347135,91.91027711618405,112.98313155025244,263.7255633076923,753.6446794615384,552.2630646538462,701.977482,646.112235173077,12.156276,6.0136743,322.87650040035635,2917.7230245961537
2023,barley,Las Palmas,1048.0,16.417587280273438,23.540647506713867,18.92637062072754,21.043609619140625,21.031143188476562,10.520280838012695,18.03743553161621,13.445176124572754,15.464938163757324,16.205385208129883,18.67008397904666,3.3242132716174972,2.436928318262002,7.924318924864852,44.92155278630947,410.65557615789476,740.6925039473684,692.0845645263157,775.0105673684211,1005.2869838947369,20.33175,14.979767,77.27709728010048,3623.730195894737
2023,barley,León,1530.0,2.4967312812805176,19.758981704711914,9.257806777954102,14.591940879821777,10.397503852844238,-1.1119043827056885,10.053262710571289,2.666318416595459,8.353829383850098,6.248674392700195,86.62992865605162,12.846462434663767,31.663223823370963,71.14123887099282,191.22799068396492,266.6565338034682,745.7717216763006,541.4973819913296,707.4963289248556,585.3332276242775,11.150078,5.409809,393.50884446904405,2846.755194020231
2023,barley,Lleida,525.0,2.752753973007202,22.432844161987305,10.52147102355957,16.286527633666992,11.563724517822266,-2.557633876800537,13.501129150390625,2.301395893096924,9.21901798248291,7.051557540893555,33.2688578074729,61.09982485983659,19.855686322516867,97.07375872554603,114.2796923213535,309.7127434962963,778.5371394962963,621.1497954962963,738.841994725926,698.761115762963,12.520175,6.094504,325.5778200367259,3147.0027889777775
2023,barley,Lugo,2150.0,5.384422302246094,18.64388656616211,10.564992904663086,15.457012176513672,12.431086540222168,2.6436774730682373,13.512134552001953,6.712048053741455,11.58232307434082,9.354787826538086,155.98744996281357,33.25598599714739,79.13087281826381,84.74383316920684,326.98795265657407,242.9710640720721,677.4573672432433,482.75054042792794,677.3937454234234,543.215308063063,12.485415,8.85996,680.1060946040056,2623.78802522973
2023,barley,Madrid,1138.0,4.57843017578125,26.519405364990234,13.053853034973145,18.739606857299805,13.572701454162598,-0.47462937235832214,7.227410316467285,1.4656347036361694,8.28149127960205,7.516005516052246,21.499995015818495,1.9211251709473738,12.396539791305175,55.29308155213279,137.23199146300897,302.3624564597701,862.871293724138,647.9196245977012,776.2223445517242,691.7260263678161,15.006116,5.2553196,228.34273299321282,3281.1017457011494
2023,barley,Murcia,1131.0,8.077226638793945,27.247074127197266,15.840903282165527,19.674028396606445,16.87942123413086,1.3031494617462158,16.295377731323242,3.793191432952881,12.443962097167969,10.03431224822998,12.792189793381015,8.784164894504094,2.4494202219081664,82.21487239451535,56.01318719666616,339.21857123893807,827.8352785132743,695.1630131681416,766.3259153628319,817.1071447964601,17.433012,8.984052,162.2538345009748,3445.6499230796458
2023,barley,Málaga,800.0,9.291814804077148,27.245464324951172,15.887874603271484,20.150936126708984,17.177082061767578,4.516438007354736,13.913534164428711,6.295731544494629,11.920543670654297,10.643442153930664,25.38414574322635,1.5999469966340607,7.654036389383143,56.7925625214838,102.25259467061251,351.21136386301373,860.1837279452054,679.9128612876713,779.2995040547945,838.5919269041095,17.821709,9.655522,193.68328632133986,3509.1993840547943
2023,barley,Navarra,3407.0,4.040591239929199,21.088804244995117,11.032042503356934,16.607135772705078,13.007882118225098,0.2978905141353607,13.943710327148438,4.675087928771973,10.886151313781738,8.278973579406738,67.70356111999216,31.90299295486304,48.17680363633252,79.32549565285444,137.90861485898495,261.1386258620689,697.7944887758621,526.7242372974138,702.1893156896552,627.4850484913793,13.130723,7.7267976,365.01746822302715,2815.3317161163795
2023,barley,Ourense,3000.0,4.498466491699219,19.382659912109375,10.225059509277344,15.494559288024902,11.834992408752441,1.1204135417938232,12.058917999267578,5.448701858520508,10.375757217407227,8.493968963623047,126.72172144998477,12.266906654674418,70.60922052739542,91.42068516981752,387.23328260681296,266.19153458227845,752.0511316455696,501.43172574050635,704.0231090632911,547.5304854303797,12.211788,7.6652884,688.251816408685,2771.2279864620255
2023,barley,Palencia,2085.0,2.870098114013672,21.34461212158203,10.16369915008545,15.490304946899414,11.546558380126953,-0.6308233737945557,10.037317276000977,2.6971123218536377,8.836288452148438,6.4366455078125,53.04787122466591,8.34879618995101,18.65663951149817,62.404867348376285,138.83958082754958,263.3088355505618,766.7673376629214,546.0912969494382,728.0294253258427,622.2799736067416,12.160305,5.635531,281.297755102041,2926.4768690955057
2023,barley,Pontevedra,2150.0,7.0592145919799805,19.204578399658203,11.621591567993164,16.544321060180664,13.62481689453125,3.945220947265625,14.626699447631836,8.38487720489502,12.763479232788086,11.09093189239502,164.58948328346014,30.460078793888293,121.73002329965432,98.8944337653617,587.515572398901,259.1091421666667,706.8292007083332,481.7820683333333,695.4001328333334,547.3833039166667,13.613224,10.317023,1003.1895915412655,2690.503847958333
2023,barley,Salamanca,1850.0,4.3357954025268555,23.546133041381836,11.609601020812988,17.469009399414062,13.005046844482422,0.3805190622806549,9.208480834960938,3.2454800605773926,8.887749671936035,7.837975025177002,34.98573839216304,1.289630066199032,15.297893419973832,61.82943831059269,204.0324176733655,298.988112556391,855.5131072330828,596.7816785789473,758.3036443007519,639.2035673233083,13.828439,6.23303,317.4351178622941,3148.790109992481
2023,barley,Santa Cruz de Tenerife,965.0,13.639678955078125,22.416210174560547,17.289661407470703,18.892650604248047,18.921680450439453,8.997915267944336,16.513864517211914,11.550527572631836,13.997873306274414,14.780731201171875,37.367034289985895,5.165908802921573,5.522954737922798,21.810995764409505,101.8046479751356,411.10634833333336,761.9526399166667,690.4526193333334,778.3794241666667,971.8590250833333,18.346928,13.43694,171.67154157037535,3613.7500568333335
2023,barley,Segovia,1656.0,2.898172378540039,23.334579467773438,10.557409286499023,16.158971786499023,11.972522735595703,-1.1075198650360107,7.811528205871582,1.3765467405319214,8.028761863708496,6.0226006507873535,43.88535376520534,3.669168530644751,17.933400810156996,59.75029636684217,142.50898388341852,284.7496171578947,848.2560070000001,612.8233597960526,770.5790974210527,676.6852137631579,12.815697,4.6924195,267.7472033562678,3193.093295138158
2023,barley,Sevilla,1080.0,10.502376556396484,29.37994956970215,18.33580207824707,23.24776840209961,18.66469955444336,4.410764694213867,12.361190795898438,5.877716064453125,11.50656795501709,11.616067886352539,16.721399496243873,0.17403179723224244,6.528581651531055,43.73022044775352,97.67757169849855,348.01189856338027,868.0611066760564,669.8211209295774,792.7542917323944,802.5031437605634,19.799215,9.564729,164.83180509125924,3481.1515616619718
2023,barley,Soria,911.0,2.3002805709838867,22.56406021118164,10.240386962890625,15.530288696289062,11.516815185546875,-2.246748447418213,8.517252922058105,0.5523665547370911,7.5169782638549805,5.477323055267334,41.25238716680752,11.579324578016735,16.04679590940737,61.12008918560388,115.34381687562717,290.51083600000004,827.4493437894737,593.380644368421,760.2458209649122,669.4770495614035,12.278108,4.2157493,245.34241371546267,3141.0636946842105
2023,barley,Tarragona,1197.0,6.964695930480957,25.646148681640625,14.216949462890625,19.86855697631836,15.937942504882812,1.4227813482284546,17.19599151611328,5.834460735321045,12.586692810058594,11.389201164245605,25.681325359476936,24.441811655958492,4.894940102738994,61.004527635044525,99.10593933623935,315.2509638095238,766.9112693968253,639.8602700634921,776.1141266349207,695.2997690317461,16.428705,9.969722,215.12854408945827,3193.436398936508
2023,barley,Teruel,700.0,3.0365288257598877,23.39596939086914,11.443094253540039,15.884632110595703,12.318546295166016,-2.6585378646850586,10.92538070678711,0.27898189425468445,7.762478828430176,6.4338555335998535,18.82453758424183,14.494990694166729,6.430025478321239,77.2643693786747,111.23559579515607,319.04018153459117,831.0502791823899,649.4070723773585,734.3613698616352,709.5811014842767,13.066219,4.862669,228.24951893056058,3243.4400044402514
2023,barley,Toledo,402.0,5.937272548675537,28.14727210998535,14.473051071166992,20.276973724365234,15.078819274902344,0.7332196831703186,7.256175994873047,2.215251922607422,8.56153678894043,8.378419876098633,14.804290460873833,0.8095075841085633,12.060155116345571,53.93807317788556,144.40625618129783,316.85649506832294,872.7128198633541,661.3749245590062,773.4117061987578,718.742633826087,16.498701,5.920504,226.01828252051138,3343.098579515528
2023,barley,Valencia,860.0,7.013106346130371,26.6098690032959,15.290182113647461,19.33051300048828,16.09880828857422,0.3776779770851135,16.13330078125,3.3690836429595947,11.942020416259766,10.044386863708496,15.141328706038655,15.039807438440278,2.0895922763631978,79.6452202277446,95.58498603433644,325.121762587156,805.1677552293579,676.474908440367,752.3937051559633,742.0344018715596,16.740213,8.65181,207.50093468292317,3301.192533284404
2023,barley,Valladolid,1462.0,3.8822436332702637,23.90854263305664,11.705941200256348,17.49956512451172,12.936820030212402,0.09638839960098267,9.056005477905273,2.403717041015625,8.840018272399902,6.947939872741699,32.04853877492926,1.9261403547345914,11.17457802636041,42.51687312938951,143.00177347490734,273.3234211590909,842.0606140227273,586.4627379772728,781.8634015,654.2646875,13.811656,5.7153344,230.6679037603211,3137.974862159091
2023,barley,Zamora,1549.0,3.952213764190674,23.006568908691406,11.345550537109375,17.378543853759766,12.461094856262207,0.0820356011390686,9.178279876708984,2.783939838409424,8.47587776184082,7.296268939971924,40.02639912441373,1.7208334400742649,16.061560259001062,49.47099654376507,184.31476817865456,279.171528625,830.8642973214286,572.2067594285714,773.2637769464286,611.0657382053572,13.434177,5.852112,291.5945575459087,3066.5721005267856
2023,barley,Zaragoza,835.0,4.981330394744873,25.102876663208008,13.589591979980469,19.094999313354492,14.276327133178711,-0.24289460480213165,12.225316047668457,2.671541929244995,9.246862411499023,8.16685962677002,26.994950793525007,18.30199834953082,10.257076070842114,45.84987671594036,88.8564349075264,303.50317328723406,815.7523684893617,615.4993889813829,776.2192665425532,694.7659733829787,15.220242,6.705757,190.26033683736472,3205.7401706835108
2023,barley,Álava,5500.0,3.859405517578125,19.487407684326172,10.37862777709961,15.399250984191895,12.54581069946289,0.8742263317108154,13.712074279785156,5.138142108917236,11.235856056213379,7.793910980224609,95.94436494041891,23.88827945248169,45.34846929066322,85.0985093292068,126.97767847425797,233.73263970588238,645.4159809411765,499.09945661764704,644.8609687647058,604.3899721764706,12.369385,7.7580204,377.2573014870286,2627.4990182058823
2023,barley,Ávila,849.0,2.97530460357666,23.331287384033203,10.670133590698242,16.08087158203125,11.613227844238281,-1.3512084484100342,7.026983261108398,1.1564422845840454,7.495062351226807,6.303919792175293,33.88314727164176,2.878162597036775,16.313742011785507,71.52729622678584,198.3583986285221,302.3273346506024,864.7902390843373,637.6735697891565,760.2524925783132,682.4396620240964,12.714009,4.489187,322.960746735772,3247.483298126506
2017,common_soft_wheat,A Coruña,2950.0,8.396186828613281,18.488849639892578,11.37924575805664,16.293048858642578,13.109352111816406,5.725724220275879,14.444595336914062,7.654898643493652,12.916764259338379,10.32674789428711,219.22118447631237,51.47790595314589,161.01745283890918,189.41822184712052,300.1960174649595,419.24976848192773,1301.1194827228917,1080.1247818313254,1323.4138880481928,1189.6825855301204,13.462673,10.232579,921.3307825804475,5313.590506614458
2017,common_soft_wheat,Albacete,1240.0,5.927910804748535,25.313480377197266,11.491161346435547,21.01961326599121,13.462899208068848,1.6653035879135132,10.598527908325195,3.3817310333251953,7.325667381286621,6.692107200622559,66.12758442586468,66.32500130236149,120.31192354156124,30.69700434433837,240.63570827034212,597.8568521548386,1579.9766532,1235.4672862709676,1654.388319419355,1479.502981348387,15.112994,6.0592403,524.0972218844679,6547.192092393549
2017,common_soft_wheat,Alicante,800.0,9.490596771240234,25.412364959716797,13.716068267822266,21.905790328979492,16.162822723388672,4.6934990882873535,17.007553100585938,6.554007053375244,11.208038330078125,11.193782806396484,100.47162684850525,63.2257032436237,94.60436165855641,11.75980655669251,259.0569310899366,632.0810781754386,1523.8098816842105,1247.1365917192982,1685.041050982456,1465.9529258771931,17.141745,10.308444,529.1184293973145,6554.021528438597
2017,common_soft_wheat,Almería,1096.0,8.008039474487305,25.045129776000977,12.68252944946289,21.221508026123047,15.049124717712402,3.443756103515625,14.293439865112305,5.1315484046936035,9.082413673400879,9.055639266967773,72.73514623697415,53.22295651828524,77.69601083980051,12.061808995296097,239.10529422898622,667.6002679534884,1595.3683183255812,1274.0889921860467,1695.8162239534886,1596.014000372093,16.175909,8.3437395,454.8212168193422,6828.887802790698
2017,common_soft_wheat,Asturias,1300.0,5.644435882568359,17.123085021972656,9.139299392700195,15.132980346679688,10.957337379455566,2.7384743690490723,13.830791473388672,5.316203594207764,11.856892585754395,8.016944885253906,201.05902812791908,149.74163471045702,143.07282033381256,275.63772923013437,312.08096347373464,454.35205996521734,1304.428620869565,1095.8772020000001,1284.3487042956522,1211.8063465652174,11.492413,8.296042,1081.5921758760576,5350.812933695652
2017,common_soft_wheat,Badajoz,2322.0,8.649283409118652,27.40375518798828,14.61870002746582,23.27086067199707,15.998587608337402,4.4158759117126465,9.044015884399414,5.718327045440674,9.98744010925293,8.115449905395508,86.35700852689999,19.24730255218622,92.43669001598444,40.121100867233636,203.83140969449386,599.9733408928571,1683.7234713482144,1174.5042154285716,1592.9863528660712,1564.2391159375,17.65663,7.5660934,441.99351165679815,6615.426496473214
2017,common_soft_wheat,Barcelona,3930.0,5.8973517417907715,22.960224151611328,10.848833084106445,19.117170333862305,12.405367851257324,2.2239720821380615,16.016742706298828,5.88666296005249,12.080268859863281,8.892133712768555,114.84884758696836,97.51540061095181,142.43166805295382,72.92872806436876,295.57653435959537,535.846465082353,1450.2805216941179,1148.7981053411766,1519.7208830588233,1287.0059442470588,13.939053,8.998652,723.3011786748381,5941.65191942353
2017,common_soft_wheat,Burgos,2659.0,3.8628482818603516,19.836505889892578,8.981633186340332,17.020751953125,10.367159843444824,0.4869609475135803,9.833307266235352,2.3065848350524902,9.071331977844238,5.184711933135986,124.9327193907663,49.10111142022937,73.74662668019339,121.7168296450883,169.12216540119226,477.2262978823529,1441.7231063921568,1121.3859897908496,1395.92601675817,1270.792546882353,11.739343,5.344601,538.6194525374696,5707.053957705883
2017,common_soft_wheat,Cantabria,2450.0,5.523532390594482,17.611515045166016,9.275425910949707,15.607587814331055,11.243038177490234,2.364903211593628,13.737582206726074,5.0140838623046875,11.669473648071289,7.786093235015869,193.1460183577104,144.24551237279718,143.3585405219685,235.8515738703988,281.1195307975466,464.3934508363636,1209.6754843636363,1070.8652196,1245.0308894545453,1175.9834753272728,11.7506895,8.059705,997.7211759204215,5165.948519581818
2017,common_soft_wheat,Castellón,1713.0,6.93740177154541,23.416690826416016,11.669227600097656,19.688228607177734,13.623705863952637,2.105576753616333,15.25334358215332,4.7804484367370605,11.061210632324219,8.825468063354492,120.76453440122201,69.16971014503022,81.81228405069297,90.6851771619748,284.0560164501969,580.496767943662,1480.3498837464788,1200.2230893521128,1604.643882535211,1350.9898097042253,14.826493,8.475253,646.4877222091169,6216.70343328169
2017,common_soft_wheat,Ciudad Real,1600.0,6.715259075164795,27.29806137084961,12.889313697814941,22.818614959716797,14.445802688598633,2.4615771770477295,7.3260626792907715,3.7423510551452637,7.796410083770752,6.411410331726074,71.14071691207339,47.55945206130521,108.08857867078919,43.74198227792836,240.4266826686534,575.801797416268,1645.490034507177,1200.8195188133973,1622.3701529952154,1522.4628760526316,16.435476,5.6915374,510.9574125907495,6566.944379784689
2017,common_soft_wheat,Cuenca,2240.0,4.645633697509766,24.53005027770996,10.813124656677246,20.15082550048828,12.126206398010254,0.2967144250869751,8.801183700561523,1.5923633575439453,6.870975494384766,5.547898292541504,71.90501899207416,74.91283915621106,79.36892729155394,72.1779490288185,257.0702501127254,557.4621908695652,1604.8342064565218,1227.5660240108696,1616.2347953586957,1423.9607847065217,14.065341,4.776172,555.434984581383,6430.058001402174
2017,common_soft_wheat,Cáceres,1607.0,7.781068801879883,26.558658599853516,13.615423202514648,22.510868072509766,14.995320320129395,3.7159693241119385,9.269720077514648,5.5242767333984375,10.003519058227539,7.683099746704102,136.05799361881515,35.324120641104486,67.21730700261156,58.12631817728701,292.6913588304475,570.4300723755869,1676.3528668169015,1159.6842139999999,1548.851269633803,1493.5977640610329,16.742777,7.3132806,589.4170982702657,6448.916186887323
2017,common_soft_wheat,Cádiz,1985.0,11.133718490600586,26.450801849365234,15.280129432678223,22.398216247558594,17.530149459838867,7.131723880767822,15.45051383972168,8.895545959472656,12.723017692565918,12.207805633544922,121.77661093691705,14.610582216773969,108.07712346399333,31.402034055205508,356.58746505833005,664.836461859155,1662.6089862535212,1259.7161222253521,1670.4229582535213,1640.6693679577465,18.387194,11.436069,632.45381573122,6898.253896549296
2017,common_soft_wheat,Córdoba,3286.0,8.69436264038086,28.47714614868164,14.624452590942383,23.830181121826172,16.227802276611328,4.285873889923096,9.935712814331055,5.909740447998047,9.816478729248047,8.285415649414062,72.311469322443,39.76853671606098,111.46626726303782,39.5041438223528,247.95799936577677,618.2747826,1667.3838179142858,1210.3445008142858,1632.7527744428571,1588.2512232285715,18.013624,7.7531066,511.0084164896714,6717.007099
2017,common_soft_wheat,Girona,2470.0,6.127013683319092,22.503732681274414,11.338621139526367,18.989126205444336,12.716156005859375,2.064753770828247,16.080806732177734,5.846894264221191,12.876358985900879,8.56563949584961,196.3067149471064,104.36345250489282,149.39424724461603,128.23581626864728,318.2918754266422,521.0048739672131,1390.1889555081966,1146.0756063278689,1446.349527377049,1278.2095073934424,14.065135,9.000015,896.5921063919047,5781.828470573771
2017,common_soft_wheat,Granada,1090.0,5.611944198608398,25.21728515625,11.147293090820312,20.48311424255371,13.156085968017578,1.4162760972976685,8.865689277648926,3.1179938316345215,7.089653968811035,5.782953262329102,84.46567612886429,44.405723694163235,95.93750081598296,27.749826931964982,261.2847740981699,653.8994742945737,1635.0321887131784,1277.3141702015505,1675.5250157984497,1614.7499494651163,14.7953005,5.3425865,513.8435016691453,6856.520798472868
2017,common_soft_wheat,Guadalajara,1781.0,3.638176679611206,23.25577163696289,10.167701721191406,19.140506744384766,11.119256973266602,-0.5347672700881958,7.182839393615723,0.22508969902992249,6.538339614868164,4.286698341369629,83.87126676914261,71.91085911970438,68.36208971748202,93.18575827765653,215.62969179369333,531.8353512125984,1581.415173968504,1206.978687984252,1550.6618583307086,1385.1467796614174,13.073445,3.6641495,532.9596656776789,6256.03785115748
2017,common_soft_wheat,Huelva,4415.0,10.495748519897461,27.798465728759766,15.743560791015625,23.220199584960938,17.35355567932129,6.023797035217285,11.684525489807129,7.855170249938965,11.915914535522461,10.091841697692871,109.60395082372885,4.120134744658851,125.74126403950729,33.154879891779274,217.139369565707,649.3034721538461,1696.7271402884617,1216.5446295769232,1629.7889389615384,1632.7739626346154,18.660849,9.610515,489.7595990653812,6825.138143615384
2017,common_soft_wheat,Huesca,3400.0,3.3234713077545166,22.17513656616211,9.413993835449219,18.35263442993164,10.565052032470703,-0.6827925443649292,11.567615509033203,2.6423110961914062,8.784788131713867,5.4890594482421875,139.188527350595,93.96634801481602,143.92060319347496,137.51504598919456,293.74064268188323,559.993405704142,1484.5169005325442,1202.773394639053,1541.1479604260358,1350.3045619349114,12.399223,5.5483403,808.3311672299637,6138.736223236687
2017,common_soft_wheat,Illes Balears,1479.0,11.59489631652832,26.22817611694336,14.502171516418457,21.921138763427734,18.34393882751465,7.2523722648620605,19.084636688232422,9.02974796295166,15.028715133666992,13.68818473815918,142.60069370824237,23.03649521792351,52.224443613096724,42.0350444514391,217.5499304435974,591.3253266976744,1546.7100291162792,1264.7749753023254,1628.5670045581396,1407.8204156511629,18.489042,12.961974,477.4466074342991,6439.1977513255815
2017,common_soft_wheat,Jaén,2275.0,7.070528984069824,27.84679412841797,13.037799835205078,22.960023880004883,14.79753303527832,2.5883235931396484,7.850825786590576,4.112454414367676,7.612465858459473,6.407557964324951,77.1317802451275,32.64841790729099,124.7138149049547,26.260480902150825,222.149212041718,605.4816074074074,1643.018869125926,1238.002836251852,1641.9424941037037,1577.4290840814815,16.751701,5.8298645,482.903706001242,6705.87489097037
2017,common_soft_wheat,La Rioja,3164.0,3.800501823425293,19.63900375366211,8.872757911682129,16.89496612548828,10.281632423400879,0.30091506242752075,10.832672119140625,2.687924861907959,9.739251136779785,5.247875690460205,131.801605873383,75.79610989930538,93.30019898483386,160.32717540860176,185.88261622018538,500.87422515384617,1415.6170948846154,1129.785120423077,1422.9453636153846,1273.2990613846155,11.628415,5.676086,647.1077063863094,5742.520865461538
2017,common_soft_wheat,Las Palmas,1450.0,16.04755401611328,22.51366424560547,17.973777770996094,20.636268615722656,19.84794044494629,10.329755783081055,17.121170043945312,11.956239700317383,15.326228141784668,14.769359588623047,29.108467625159967,5.4546000050184755,20.545390244769422,12.791369311903653,98.3111012538797,884.0281295789474,1607.677143,1423.1808036315788,1598.196426631579,1994.657905236842,19.477858,14.045352,166.2109284407312,7507.740408078947
2017,common_soft_wheat,León,598.0,3.4435696601867676,19.267841339111328,8.665390014648438,16.1864013671875,9.829121589660645,0.2370917797088623,9.254414558410645,1.5606423616409302,8.551438331604004,4.887306213378906,179.4040982023829,49.46866831924185,75.20563161235324,140.52068057018897,181.73736247403085,476.84317526011563,1475.6819607745665,1139.0562791907514,1370.036636867052,1255.7364929999999,11.203574,4.8963666,626.3364411781978,5717.354545092486
2017,common_soft_wheat,Lleida,2968.0,3.1968088150024414,21.797359466552734,9.120026588439941,17.889944076538086,10.248005867004395,-1.1337684392929077,12.190025329589844,2.51657772064209,8.986366271972656,5.589531421661377,111.08859485299499,92.74936212345406,152.5143170480375,131.4573569138845,254.81799346247206,553.3451037925926,1477.8676109629632,1195.1417863407405,1525.2836626962962,1336.5921122444445,12.083359,5.6230435,742.627624400843,6088.230276037037
2017,common_soft_wheat,Lugo,2300.0,6.224698543548584,18.253742218017578,9.954776763916016,15.956900596618652,11.379638671875,3.675139904022217,13.24477767944336,5.822854995727539,11.928372383117676,8.387110710144043,196.12158983677358,59.00768534772031,137.35047503205033,209.4057309498658,295.8769905561799,433.1325979459459,1347.3697947387386,1082.3095601081081,1317.2727005585584,1206.298564981982,12.1915655,8.574227,897.7624717225899,5386.383218333333
2017,common_soft_wheat,Madrid,931.0,5.142334938049316,25.1900634765625,11.812511444091797,21.156511306762695,12.828837394714355,1.0374387502670288,7.816716194152832,1.958762288093567,7.498178482055664,5.511244773864746,93.97243229548135,82.18537994773908,50.112466750473814,71.76574830419716,260.6276886435761,543.2358428045977,1631.3387207356323,1212.518178229885,1590.050990137931,1414.5348668850575,14.826515,4.888931,558.6637159414674,6391.678598793103
2017,common_soft_wheat,Murcia,743.0,8.435087203979492,25.3905029296875,13.03425121307373,21.726119995117188,15.478337287902832,3.7267603874206543,15.57337760925293,5.824789047241211,9.810680389404297,9.786128044128418,74.18673630203821,69.05249768508747,106.90117940649523,14.446587149449417,246.00386994180425,642.5555886725664,1549.1577985840709,1241.680749079646,1694.0907718584072,1507.0030527699116,16.59044,9.084644,510.5908704848746,6634.487960964602
2017,common_soft_wheat,Málaga,2258.0,9.121342658996582,25.49184799194336,13.379589080810547,21.158172607421875,15.883996963500977,5.395663738250732,14.360330581665039,7.56057071685791,11.479829788208008,10.473474502563477,111.24570603729927,62.325895513675796,99.18077610943416,20.527403691375294,344.9238859241547,664.2868217534246,1653.2463374246577,1269.7509706027397,1690.756500630137,1626.4044671369863,16.819824,9.957224,638.2036672759393,6904.445097547945
2017,common_soft_wheat,Navarra,4616.0,4.903532028198242,20.25991439819336,10.018332481384277,17.99936866760254,11.393566131591797,1.6584819555282593,13.09304428100586,4.329233169555664,10.847442626953125,7.258409023284912,166.8259608961385,104.68135121387655,137.30826175623926,147.67069844336345,262.64540386919316,503.3593865517241,1330.827885051724,1109.1576539310345,1407.1938617068965,1244.5277226551725,12.66138,7.407503,819.131676178811,5595.066509896552
2017,common_soft_wheat,Ourense,2300.0,5.3107829093933105,19.14254379272461,10.036055564880371,16.498023986816406,10.92522144317627,2.5195446014404297,11.819612503051758,4.250456809997559,10.862335205078125,7.063637733459473,243.32039232495464,62.040877418050286,108.44438145205945,166.3997363229341,270.41339667914787,459.1411066329114,1502.3672694177217,1114.905569063291,1400.788104506329,1296.1685351518988,12.139642,7.2632046,850.6187841971464,5773.370584772152
2017,common_soft_wheat,Palencia,1125.0,3.812084674835205,20.463472366333008,9.417886734008789,17.317724227905273,10.488479614257812,0.3415571451187134,9.055256843566895,1.6070080995559692,8.61823844909668,4.994384288787842,120.01911536964138,39.334844335411375,55.384314376316716,131.1705967750442,152.76731487773776,480.85292224719103,1501.6116966516852,1146.1252059325843,1408.120028966292,1285.5759736292136,11.998021,4.935138,498.67618573415143,5822.2858274269665
2017,common_soft_wheat,Pontevedra,2180.0,7.603363037109375,19.148630142211914,11.493560791015625,16.907705307006836,12.58472728729248,4.996612548828125,14.093130111694336,7.358917236328125,12.941274642944336,9.56494140625,286.9107604424159,49.716428627570465,154.3307599971692,193.1223353818059,335.93750942498446,451.903165,1412.1819876666668,1100.888325,1410.6373172499998,1271.9468391666667,13.387119,9.753303,1020.017793873946,5647.557634083333
2017,common_soft_wheat,Salamanca,1171.0,5.08278751373291,22.669601440429688,10.974843978881836,19.61505889892578,11.884495735168457,1.5380054712295532,8.549016952514648,3.0057320594787598,8.363627433776855,5.925504684448242,114.83225675901971,43.24883420686973,49.97896596094719,63.76900112360043,212.58843985446413,543.2197198796993,1661.660778180451,1183.51938681203,1507.9000354135337,1397.8877698721806,13.685214,5.551232,484.4174979049012,6294.187690157894
2017,common_soft_wheat,Santa Cruz de Tenerife,1000.0,14.048532485961914,21.385976791381836,15.78587818145752,18.765411376953125,17.593496322631836,9.210113525390625,15.346139907836914,10.23395824432373,13.930654525756836,13.125131607055664,51.51694426933925,9.463075896899682,39.33019605030616,19.162484428224467,123.240762793459,904.7880738333333,1637.5916418333331,1417.4495081666666,1627.5610056666665,2020.3532346666666,17.5288,12.495189,242.71346343822856,7607.743464166666
2017,common_soft_wheat,Segovia,946.0,3.8988471031188965,22.44539451599121,10.044297218322754,18.861621856689453,11.004035949707031,-0.05472767353057861,7.3607611656188965,0.7047488689422607,7.066205024719238,4.483946323394775,102.236560832513,51.937709383666515,53.94660506279845,91.77089672104309,196.00419294010652,521.2288970526316,1598.535387394737,1200.3967916578947,1519.0516375000002,1391.9051490263157,12.876372,4.00748,495.89596494012756,6231.11786263158
2017,common_soft_wheat,Sevilla,2558.0,10.332937240600586,28.751815795898438,15.950278282165527,24.367385864257812,17.538349151611328,5.743230819702148,12.326765060424805,7.397416114807129,11.207468032836914,10.17454719543457,78.70203236249131,18.74284841904653,113.86823991150922,32.5357208499475,248.27931623958364,642.4339023380282,1681.209719774648,1230.7730864084508,1651.6967860985915,1622.433022492958,19.079851,9.503996,492.1281577825782,6828.546517112676
2017,common_soft_wheat,Soria,1698.0,3.241607666015625,21.312406539916992,9.251901626586914,17.736295700073242,10.249689102172852,-0.7799109220504761,8.124612808227539,0.23328334093093872,7.471213340759277,3.979269027709961,100.1177458658553,59.430835694336054,61.62593014930424,126.6262810962242,165.60901674837396,532.0395122105264,1536.1280628947368,1189.5281792807018,1492.395304245614,1353.7205885789472,12.006931,3.8346226,513.4098095540937,6103.811647210526
2017,common_soft_wheat,Tarragona,2700.0,7.570415496826172,24.571269989013672,12.717916488647461,20.814586639404297,14.351766586303711,3.4712703227996826,16.346847534179688,6.1964826583862305,12.093595504760742,10.195343971252441,94.47328772620548,48.68093763812193,98.13743238695083,56.76289246266796,255.5454122499814,551.7098200634921,1496.0801244126983,1202.1341732063493,1605.7608361587304,1328.5709272857143,15.729621,9.749814,553.5999624639277,6184.255881126985
2017,common_soft_wheat,Teruel,1364.0,3.7671701908111572,22.238277435302734,9.765909194946289,18.390872955322266,10.807857513427734,-0.7552906274795532,9.952350616455078,0.8365176916122437,7.396797180175781,5.106350421905518,86.20408233831515,69.97511112071433,75.69533240420263,109.71394736736825,209.46577225897298,576.3732586918239,1508.3048709308177,1216.4350651320756,1569.1288653333331,1371.120393301887,12.629658,4.607179,551.0542454895733,6241.362453389937
2017,common_soft_wheat,Toledo,902.0,6.29641056060791,26.35687255859375,12.653938293457031,22.307729721069336,13.930994033813477,2.2690300941467285,8.435001373291016,3.609372138977051,8.253591537475586,6.443840980529785,79.48931071736057,82.61345129168552,69.98175083295158,55.404654927598024,269.83346761439157,562.5684610931677,1648.8459726832298,1190.9816590186333,1606.6881317515526,1461.9769061428572,15.912823,5.909113,557.3226353839873,6471.061130689441
2017,common_soft_wheat,Valencia,1761.0,7.6315155029296875,24.811817169189453,12.462533950805664,21.067787170410156,14.605378150939941,2.9316253662109375,15.391735076904297,5.276966094970703,10.473968505859375,9.392180442810059,97.48299310404227,62.36231571053146,90.70049785145926,25.65127101239808,338.8841516506781,600.0745515963303,1509.7861350642202,1224.0088394495415,1650.968006917431,1386.7732120091744,15.864068,8.809776,615.0812293291092,6371.610745036697
2017,common_soft_wheat,Valladolid,720.0,4.871201992034912,23.016109466552734,11.225683212280273,20.073627471923828,11.66517448425293,1.1060208082199097,8.070409774780273,1.4139264822006226,7.714852333068848,5.481225967407227,92.98202419755134,32.91850634664297,34.38736052337018,69.0824138014154,156.09544497762212,503.9613753181818,1615.7674567727272,1193.205044931818,1499.3405773636364,1359.6113289545453,13.75283,4.8779435,385.465749846602,6171.885783340909
2017,common_soft_wheat,Zamora,798.0,4.835715293884277,22.17631721496582,10.762725830078125,19.103431701660156,11.361358642578125,1.3588039875030518,8.607993125915527,1.9527719020843506,8.281977653503418,5.699240684509277,138.10482380006994,40.1727234866204,42.72883491164872,82.63789090354528,165.63540121540427,505.64745253571425,1630.080273375,1177.9017704642856,1483.4510051785714,1324.7747113928572,13.266818,5.2666717,469.2796743172886,6121.855212946429
2017,common_soft_wheat,Zaragoza,1266.0,5.735088348388672,23.94788932800293,11.960485458374023,20.986408233642578,12.598176956176758,1.4563267230987549,11.568730354309082,3.0905182361602783,9.05773639678955,6.839730262756348,79.58369106244533,51.051716765507734,75.72956007592222,80.6430932541794,183.54875966304158,554.7355365106383,1511.5945541170213,1211.6911507127659,1552.2885007021277,1355.0494024787236,14.637704,6.475462,470.55682082109627,6185.359144521277
2017,common_soft_wheat,Álava,6000.0,4.657996654510498,18.705928802490234,9.124872207641602,16.50522232055664,10.772753715515137,1.9025968313217163,12.89267349243164,4.616758346557617,11.14792251586914,7.120502948760986,148.78052022176632,62.749576721997826,119.58977167045369,134.70246818836998,202.22621061959688,466.12679458823527,1256.4119470588234,1062.7067544705883,1314.034241882353,1200.3650901764706,11.756588,7.466826,668.0485474221847,5299.644828176471
2017,common_soft_wheat,Ávila,575.0,3.81014347076416,22.177196502685547,9.752904891967773,18.566097259521484,10.967450141906738,-0.07463383674621582,7.115152359008789,1.2033261060714722,7.018726348876953,4.381970405578613,119.90639584251197,62.00621500934463,56.05903909938881,84.7826827455716,269.15366747221316,556.7245981686747,1644.0963699036142,1207.5506528433734,1540.6475505301205,1437.2502892168675,12.706874,4.004419,591.9080001690302,6386.26946066265
2018,common_soft_wheat,A Coruña,2990.0,7.973672866821289,18.9995174407959,9.476034164428711,14.605047225952148,12.80169677734375,5.538522720336914,15.611005783081055,6.630666732788086,11.821760177612305,9.597010612487793,291.81225150464525,83.83588498848749,433.88968282722567,160.24903612251742,329.60258375449354,393.8561877590362,1283.0876977831324,852.6488856506023,1200.9880181445783,1176.5722726626507,12.776277,9.799329,1299.3894391973693,4907.153061999999
2018,common_soft_wheat,Albacete,1900.0,5.258831024169922,25.341232299804688,9.618878364562988,17.823232650756836,13.094225883483887,0.36693137884140015,10.040050506591797,2.856879234313965,8.213724136352539,4.370049953460693,98.37513168511852,34.926194944977766,132.5484035830344,121.08967100574124,82.19260079745324,627.4096971354838,1623.1934468,1102.3843223290323,1502.5993663741936,1639.9936447548387,14.038437,5.036281,469.13200201632515,6495.580477393548
2018,common_soft_wheat,Alicante,700.0,9.12894058227539,25.879486083984375,13.37401008605957,19.778478622436523,15.633705139160156,3.4026741981506348,16.779361724853516,4.646925926208496,11.520437240600586,8.965147972106934,111.22760361955878,42.19353270164707,54.06738041890295,94.0132713228987,78.35812586990365,623.7688013333334,1547.1931088070176,1191.558280982456,1577.647829614035,1586.3279258070174,16.571388,9.046616,379.8599139329111,6526.49594654386
2018,common_soft_wheat,Almería,1340.0,7.915733814239502,25.080753326416016,11.626688003540039,18.547348022460938,14.711238861083984,1.9486247301101685,13.16894245147705,4.3171067237854,9.494905471801758,7.68507194519043,61.934895069100136,23.877719722547415,121.74753440535345,60.541561230324035,69.76121191628451,696.9935913488372,1638.967039860465,1196.8169419069768,1601.3342590232555,1714.2029880930231,15.432167,7.3832874,337.8629223436095,6848.314820232557
2018,common_soft_wheat,Asturias,280.0,4.6921820640563965,17.613807678222656,7.516687393188477,13.143241882324219,10.448529243469238,2.2565395832061768,14.959210395812988,4.1414794921875,10.622146606445312,7.216419696807861,306.70651510902076,227.96003935648048,344.60297813000886,294.22529842127926,430.673762830444,393.3045811826087,1269.3482008521742,914.4301816782609,1213.8002195304348,1213.5222277652174,10.643829,7.735369,1604.1685938472333,5004.405411008695
2018,common_soft_wheat,Badajoz,4342.0,7.934409141540527,26.73179817199707,11.51417350769043,19.264732360839844,16.440872192382812,2.9628164768218994,10.947823524475098,6.381556987762451,10.472965240478516,5.760271072387695,94.43162984826735,5.249519772074044,257.47413751695836,70.05558628588915,101.67842787887014,616.6124636071429,1685.9518006160715,1024.3216633749998,1463.8696557053572,1685.816075607143,16.38781,7.0476174,528.889301302059,6476.571658910714
2018,common_soft_wheat,Barcelona,5086.0,5.103606224060059,22.487503051757812,9.706929206848145,16.829883575439453,11.307474136352539,1.7202798128128052,17.112852096557617,5.134554862976074,12.653013229370117,7.190959930419922,206.3938302783405,201.42338777359794,207.69856437514812,260.52385414067436,206.37268056308523,505.2796673411765,1373.8483980235294,1085.3110023882352,1347.0508743764708,1306.6402712352942,12.790479,8.500437,1082.412317130846,5618.130213364706
2018,common_soft_wheat,Burgos,4578.0,2.7045037746429443,19.3828067779541,6.916170597076416,13.542415618896484,9.909111022949219,0.2709308862686157,12.392857551574707,2.923469305038452,9.17263412475586,3.821986675262451,187.84735257485335,71.51289538710432,240.51327457303313,171.23962246592527,170.7761092631061,406.0552277647059,1421.8645955424836,938.2504254313725,1287.3222025751634,1308.4030001895424,10.39402,5.4006443,841.8892542640223,5361.895451503267
2018,common_soft_wheat,Cantabria,2260.0,4.383886337280273,18.210433959960938,8.182515144348145,13.489386558532715,10.591270446777344,2.038160800933838,15.136678695678711,4.223325729370117,10.611001968383789,7.069464683532715,304.73705387548966,178.16702732497995,281.5970991004597,241.16611478762195,378.30725756125014,405.7071189818182,1184.7007074909093,903.2222469999999,1166.7710664,1196.1481441272726,10.908127,7.691349,1383.9745526498014,4856.549284
2018,common_soft_wheat,Castellón,1282.0,7.10172700881958,23.768543243408203,11.212226867675781,17.821533203125,13.242020606994629,0.7366818785667419,15.586849212646484,3.138399600982666,10.646774291992188,5.7097368240356445,90.90838860122251,95.18551524550142,97.87819063747432,168.3679841446205,71.78101769530437,586.9497609014084,1454.1633725070424,1136.3659180985915,1455.0033105915495,1529.3433326619718,14.398011,6.9213634,524.1210963241232,6161.825694760563
2018,common_soft_wheat,Ciudad Real,2100.0,5.786038398742676,26.932008743286133,10.009994506835938,18.562776565551758,14.455528259277344,1.3120421171188354,7.8479437828063965,4.499651908874512,8.817872047424316,3.782278060913086,107.42523236594133,8.018562364246046,248.50067885640703,85.52157998797996,117.48536332140333,599.8034291100479,1691.998333311005,1030.6166740047847,1484.35660230622,1666.5374394210526,15.033646,5.007011,566.9514168959777,6473.3124781531105
2018,common_soft_wheat,Cuenca,2489.0,3.942498207092285,24.27483367919922,7.920260429382324,16.487367630004883,11.717567443847656,-0.63667231798172,9.052950859069824,2.5849862098693848,8.066978454589844,2.8479788303375244,109.30707324101873,26.999457395172417,229.60557932050332,142.21821200394112,95.4030582136272,567.3039586521738,1615.7314541630435,1021.9399224565218,1464.4837268152173,1589.819443402174,12.676682,4.1273665,603.5333801742628,6259.27850548913
2018,common_soft_wheat,Cáceres,3393.0,7.210171222686768,26.22393035888672,10.633234977722168,18.829185485839844,15.352888107299805,2.3315505981445312,11.031793594360352,5.875607967376709,10.577621459960938,5.4135565757751465,110.03916126069888,7.994720474397107,355.05640870976333,80.90867303934456,124.80446210910375,577.8946163004695,1663.8308697370892,987.7259068779342,1452.3745733051644,1637.1488809624411,15.600383,6.773948,678.8034255933077,6318.974847183099
2018,common_soft_wheat,Cádiz,3172.0,10.47603988647461,25.125221252441406,13.381351470947266,19.071353912353516,17.83270263671875,5.903921604156494,15.625595092773438,9.219991683959961,12.486109733581543,10.913055419921875,103.6594575509219,0.45880181108220996,420.2581605508294,37.83086723094465,142.52662427996245,694.9353670985915,1696.193685915493,1096.5421761267605,1595.1052738591547,1766.8297055633802,17.286562,10.843621,704.7339114237407,6849.60620856338
2018,common_soft_wheat,Córdoba,5200.0,7.82375431060791,27.470054626464844,11.632891654968262,19.79132652282715,16.367294311523438,2.8688364028930664,10.79873275756836,6.535458564758301,10.290128707885742,6.281155109405518,116.47235131434032,4.017538758854582,309.7466631940433,57.32445587632911,118.974322481342,648.2118129714286,1699.3760101142857,1025.8967800857142,1499.3863784714285,1717.9251728,16.575438,7.175911,606.5353316249093,6590.796154442857
2018,common_soft_wheat,Girona,3702.0,5.275361061096191,22.953643798828125,10.163956642150879,17.289932250976562,11.382680892944336,1.2444512844085693,16.536739349365234,5.500062465667725,12.217445373535156,6.834831237792969,177.1009316991587,188.68965090689113,211.35436156538668,236.4761934026343,245.7229192022417,490.8325293114754,1351.6414891803279,1052.7047046065572,1339.8641869836065,1275.4577851639344,13.07471,8.194726,1059.3440567763125,5510.500695245902
2018,common_soft_wheat,Granada,1693.0,4.995020866394043,24.075363159179688,8.483160018920898,16.34657859802246,13.00104808807373,-0.03770339488983154,9.150769233703613,3.4877891540527344,8.082758903503418,4.311572551727295,76.89862697900728,24.849693725946857,290.5416499995446,94.67218231531076,118.6442513155296,690.5337909457364,1677.1747941085273,1097.3664515891473,1555.185652728682,1726.009156116279,13.317037,4.88446,605.6064043353391,6746.269845488372
2018,common_soft_wheat,Guadalajara,2968.0,2.720055103302002,22.909862518310547,6.939118385314941,15.29019546508789,10.448427200317383,-1.093300461769104,8.043545722961426,2.10831356048584,7.714150428771973,1.8953922986984253,130.1256852581745,22.98875336812472,229.20619556284328,159.14784237812825,91.09131625259486,502.02508702362206,1593.3745936692912,997.6169843070866,1428.0544816062993,1513.841700496063,11.459348,3.427249,632.5597928198656,6034.912847102362
2018,common_soft_wheat,Huelva,3822.0,10.049365997314453,26.588363647460938,13.033534049987793,19.763307571411133,17.96924591064453,4.168384552001953,13.174224853515625,8.152082443237305,11.711212158203125,8.251114845275879,85.47596087593298,5.855120588890993,285.3453286725741,64.74917052170404,92.4717266275525,674.916960576923,1688.6086862115385,1050.329332903846,1503.9004812115384,1743.7760566153847,17.562178,8.951356,533.8973072866547,6661.531517519231
2018,common_soft_wheat,Huesca,3603.0,3.1048593521118164,21.96118927001953,7.373895168304443,15.569757461547852,9.741327285766602,-0.8967861533164978,12.723745346069336,2.597709894180298,9.896214485168457,3.5782651901245117,156.58844464311937,105.05589278827051,295.5195204231161,230.82021745986486,189.29146042395624,540.889171739645,1495.902543112426,1042.9262333550296,1396.564130556213,1432.2993781005916,11.248726,5.2462354,977.2755357383271,5908.581456863905
2018,common_soft_wheat,Illes Balears,1905.0,11.214777946472168,26.495044708251953,14.033609390258789,20.100513458251953,17.181821823120117,6.794577598571777,19.5931453704834,8.951292991638184,14.665397644042969,11.91089153289795,140.79196562739307,33.900882879120495,106.17583771916323,75.8990979042164,179.4255380727524,552.578020744186,1534.491875116279,1166.496985744186,1552.2395181395348,1444.5722113255815,17.701265,12.304366,536.1933222026456,6250.378611069767
2018,common_soft_wheat,Jaén,4000.0,6.084107398986816,26.43924331665039,10.065203666687012,18.452688217163086,14.674604415893555,1.4395161867141724,9.101079940795898,4.9618940353393555,9.175788879394531,4.350529670715332,109.6651846912172,12.417166905589747,312.52608507297657,87.36940438703255,141.07287388804747,643.0186310222222,1684.8042095555556,1013.4301422740741,1487.919409688889,1696.189336540741,15.065075,5.563223,663.0507149448636,6525.361729081482
2018,common_soft_wheat,La Rioja,5191.0,2.576183557510376,19.166994094848633,7.076521396636963,13.556596755981445,9.576963424682617,-0.030749976634979248,13.444440841674805,2.785956859588623,9.459136962890625,4.125753402709961,232.2057771224242,126.60718670143531,237.83092364668846,249.52457322524145,177.71887950943065,435.86594015384617,1417.7386287692307,976.9338341153846,1279.1540292692307,1289.5690847307692,10.255036,5.6517158,1023.8873402052201,5399.2615170384615
2018,common_soft_wheat,Las Palmas,1479.0,15.419400215148926,21.52631378173828,16.901988983154297,18.36115264892578,20.377363204956055,10.394279479980469,17.009693145751953,11.670928955078125,13.330976486206055,14.373553276062012,66.18745508476307,7.078100682720297,15.762347317741888,14.447502448664684,25.696642256979096,861.8162764210526,1590.6977968947367,1374.4815836842104,1565.0226694210528,2047.9226230526315,18.827265,13.525497,129.17204779086904,7439.940949473684
2018,common_soft_wheat,León,3532.0,2.454206943511963,18.817333221435547,5.435794830322266,13.420220375061035,9.693024635314941,-0.44957488775253296,11.165786743164062,1.9452582597732544,8.136148452758789,3.3406870365142822,144.1782858668035,75.74755124799434,282.5513087256106,203.5095996009132,212.83486265116343,443.49913105202313,1419.0254207398843,949.4667090578034,1309.0135893294798,1344.0431717052022,9.918934,4.579832,918.8216080924851,5465.048021884393
2018,common_soft_wheat,Lleida,3738.0,2.6553239822387695,21.183361053466797,7.319102764129639,15.239263534545898,9.258661270141602,-1.3563894033432007,13.55478286743164,2.2744879722595215,9.788817405700684,3.454360008239746,153.91394803479866,153.16102058026524,234.6515126934758,253.08502480012402,156.8727746365247,530.205081362963,1438.577507377778,1074.4521179777778,1371.635299214815,1394.8336797851853,10.819062,5.19507,951.6842807451884,5809.7036857185185
2018,common_soft_wheat,Lugo,2350.0,5.498990058898926,18.365924835205078,7.8466267585754395,13.803200721740723,11.093755722045898,3.485342502593994,14.633450508117676,5.0412397384643555,10.864137649536133,7.509228706359863,279.3347452503067,108.28885957625535,387.2419069865802,197.41517242440233,352.8620856248581,367.71244043243246,1288.9473606306306,825.7429491981982,1187.9599333513513,1192.5744234144145,11.28371,8.173772,1325.1427698624027,4862.937107027027
2018,common_soft_wheat,Madrid,3092.0,4.322798252105713,25.349288940429688,8.644601821899414,17.656084060668945,12.48635482788086,-0.020482897758483887,8.155450820922852,3.312541961669922,8.29861068725586,3.2455575466156006,116.82175607105782,11.10432425413238,221.00952303820642,101.0905365834291,74.12031489644927,533.6762810114942,1645.6114499770115,1013.6971326551725,1481.1175591954022,1578.2762313448275,13.490913,4.3728724,524.146454843275,6252.378654183908
2018,common_soft_wheat,Murcia,1037.0,8.240007400512695,25.864643096923828,12.651142120361328,19.550460815429688,14.976700782775879,2.213271141052246,14.732089042663574,3.780416250228882,9.993566513061523,7.829434394836426,71.97734670090463,27.679120042682747,66.76015158142664,62.76365234880848,59.01278736224744,663.4527748318584,1588.117632920354,1193.2094182035398,1558.5867519292035,1624.043510256637,16.043276,7.729702,288.19305803606994,6627.4100881415925
2018,common_soft_wheat,Málaga,3750.0,8.523965835571289,24.932327270507812,11.518792152404785,18.18433952331543,15.609095573425293,4.012531757354736,13.856395721435547,7.19812536239624,11.155719757080078,9.508899688720703,98.42815814932732,1.6354790000174806,354.12441303632033,52.95783289572964,119.9498144165702,690.4737520547945,1707.9032739999998,1083.9302881780823,1589.1722935342466,1745.5870983150685,15.729603,9.206761,627.0956974979649,6817.066706082192
2018,common_soft_wheat,Navarra,4790.0,4.199838638305664,20.653640747070312,8.605162620544434,15.029437065124512,10.406099319458008,1.6529468297958374,14.947060585021973,4.211717128753662,10.922313690185547,6.149090766906738,263.7919282522695,148.3783710758234,281.4164673953221,194.3154313975367,267.23397102335406,418.9773097931034,1376.6398699827587,933.3706419310346,1249.9262496724139,1229.9727701206898,11.550046,7.338703,1155.1361691443058,5208.8868415
2018,common_soft_wheat,Ourense,2700.0,4.3465094566345215,19.141878128051758,6.900699615478516,14.204658508300781,10.772703170776367,2.010655403137207,13.135649681091309,4.196974754333496,10.173227310180664,5.928277969360352,202.33867744856244,64.59143479998353,447.4352137227602,204.30647624142563,302.5264581704064,414.81734172151897,1420.887987772152,835.3580134556962,1270.4810595696201,1327.4733174810126,11.023192,6.89551,1221.1982603831382,5269.01772
2018,common_soft_wheat,Palencia,3889.0,2.772000312805176,19.997343063354492,6.707396507263184,14.136293411254883,10.23759651184082,-0.12462389469146729,11.413368225097656,2.665870428085327,8.52285385131836,3.4063079357147217,123.45626967676569,52.84491259045899,228.07011702891145,162.25020471851477,132.6236502034276,435.37419788764043,1474.5468039101124,954.8262718314606,1361.717970022472,1364.610595494382,10.681371,4.881681,699.2451542180785,5591.075839146068
2018,common_soft_wheat,Pontevedra,2200.0,7.132049560546875,19.692005157470703,9.18040943145752,15.111764907836914,12.269124984741211,4.741445064544678,15.312103271484375,6.478729248046875,11.885671615600586,8.73784351348877,284.34374664723873,60.301350406991936,568.3732135494549,173.95558514197668,388.7839554424087,413.51071433333334,1366.673048625,852.3945152916667,1258.128670375,1267.6540477916667,12.60908,9.315606,1475.757851188071,5158.360996416667
2018,common_soft_wheat,Salamanca,3914.0,4.185718536376953,22.443893432617188,7.8168439865112305,15.578393936157227,11.965310096740723,0.6081316471099854,10.412646293640137,3.786515712738037,9.398420333862305,3.634524345397949,108.42308350702874,14.489433139674645,292.4881903300608,129.98233005964664,104.56056540640407,498.345098556391,1635.2036375187968,958.8603631353383,1405.0095863007518,1557.5518399473683,12.3259115,5.245794,649.943602442815,6054.970525458646
2018,common_soft_wheat,Santa Cruz de Tenerife,1050.0,13.256011962890625,20.343536376953125,14.969839096069336,16.614084243774414,18.456451416015625,8.705474853515625,15.522817611694336,10.617340087890625,12.294260025024414,13.39319896697998,95.8297449077169,9.438632109124836,31.6307641454041,25.121639761608094,61.62428988811249,865.6093061666667,1634.06357575,1395.4181958333334,1617.2205138333331,2045.0125023333335,17.016062,12.321049,223.64507081196643,7557.324093916666
2018,common_soft_wheat,Segovia,3100.0,2.467456817626953,22.158445358276367,6.867873191833496,14.768238067626953,10.55826473236084,-0.5586660504341125,8.837638854980469,2.3284895420074463,8.352100372314453,2.3077120780944824,163.31540641345475,22.795701378490776,244.24698178391708,151.30627544930107,109.705842903178,464.40913110526316,1615.2686767105263,994.0816311315789,1437.2593284210525,1506.2861731842104,11.229756,3.9291642,691.3702079283416,6017.304940552632
2018,common_soft_wheat,Sevilla,3850.0,9.702560424804688,27.504697799682617,13.128951072692871,20.478574752807617,17.97701072692871,4.152580261230469,13.115107536315918,8.146852493286133,11.52375602722168,8.136171340942383,100.68217462133353,1.924705273017589,301.29266807227066,49.99296601525914,108.34626274533622,677.1121608732394,1704.295773,1053.8045036338028,1526.9133641267604,1746.9620106197185,17.794802,8.86844,562.2387767272171,6709.087812253521
2018,common_soft_wheat,Soria,3625.0,2.040116786956787,20.818023681640625,6.448932647705078,14.060216903686523,9.473450660705566,-1.077948808670044,10.001502990722656,1.871843934059143,7.856246471405029,2.143585205078125,152.27801795905097,46.05356315105108,206.0281380624102,174.68504554556128,106.42814726526277,469.6921219649123,1550.0657433859649,1007.0060406140351,1418.850475526316,1432.881877017544,10.385698,3.823136,685.4729119833363,5878.496258508772
2018,common_soft_wheat,Tarragona,3778.0,7.868842124938965,25.090089797973633,11.902505874633789,19.028095245361328,13.769416809082031,2.7348783016204834,16.961124420166016,5.377618789672852,12.224188804626465,7.273003101348877,118.95857184273856,101.52540648314688,129.64290297220623,135.41905392919267,85.36440280198106,545.7151552380953,1469.5405254603174,1116.489434079365,1470.4282295873015,1452.0753407460318,15.238061,8.6406355,570.9103380292654,6054.248685111111
2018,common_soft_wheat,Teruel,2245.0,3.371558904647827,21.91470718383789,7.667934894561768,14.986238479614258,10.170245170593262,-1.2629504203796387,10.928594589233398,1.2400745153427124,8.02945613861084,2.2135138511657715,88.46869396488621,72.54998939254749,167.11375429645273,177.5993328461857,62.006353191422214,554.4361699874214,1516.0360556855348,1084.327099327044,1411.3020906666666,1538.241561616352,11.380155,3.8937004,567.7381236914944,6104.342977283019
2018,common_soft_wheat,Toledo,3080.0,5.540532112121582,26.543697357177734,9.8104829788208,18.598642349243164,13.830305099487305,1.1163172721862793,8.599457740783691,4.4360504150390625,8.915677070617676,4.107030868530273,116.19538950697975,4.958112810651616,237.05266125157755,83.09342705240901,90.49512586155791,571.9512156521739,1674.2540351801242,1033.7176575838507,1495.0169304347826,1636.8467389503105,14.692328,5.213594,531.7947164831759,6411.786577801242
2018,common_soft_wheat,Valencia,2700.0,7.487569808959961,25.3897647857666,11.892200469970703,19.24416732788086,14.229337692260742,1.5313208103179932,15.011847496032715,3.563345432281494,10.201135635375977,6.515574932098389,120.87227552308948,52.691409328798635,81.20541678382716,111.70960806925362,68.25327072121682,602.4429104220184,1514.8828996697248,1153.905487642202,1513.6751618348626,1571.6850254587155,15.412063,7.223133,434.7319804261857,6356.591485027523
2018,common_soft_wheat,Valladolid,3849.0,3.9397058486938477,22.854434967041016,8.17602252960205,16.064960479736328,11.486985206604004,0.5259982347488403,10.084392547607422,3.397735595703125,8.969779968261719,3.373671054840088,101.43031178821218,20.848042959072203,202.10977124625987,124.22424122013828,82.32778684862636,448.5470061363637,1619.7529168181818,988.967643,1438.9606493863637,1473.658553840909,12.334849,4.954208,530.9401540623089,5969.886769181818
2018,common_soft_wheat,Zamora,3484.0,4.084102153778076,21.84388542175293,7.59636116027832,15.688253402709961,11.452950477600098,0.3874642848968506,10.511739730834961,3.3784310817718506,8.867470741271973,3.6893179416656494,86.2326049549239,25.290540152894597,242.94262206767286,139.87428807041474,113.54506963265261,472.3030200357143,1592.0765623928573,971.0495113035714,1422.139465589286,1470.1213680714286,12.01975,5.0872903,607.8851248785587,5927.6899273928575
2018,common_soft_wheat,Zaragoza,1745.0,5.462822437286377,24.322174072265625,10.031925201416016,17.61216926574707,11.989062309265137,1.1517040729522705,12.774227142333984,3.665578603744507,9.97386360168457,4.653319835662842,113.49744857974508,41.96127088938621,192.65236267701107,121.69831764190755,78.22517229632494,516.1385852553192,1547.813933425532,1058.145982819149,1460.7369931382977,1454.2853159468084,13.56787,6.1453357,548.0345720843749,6037.1208105851065
2018,common_soft_wheat,Álava,5500.0,3.925912380218506,18.943885803222656,8.062358856201172,13.79279899597168,10.15585708618164,1.8029372692108154,15.040328979492188,3.964500904083252,10.725480079650879,6.354968070983887,278.236530233832,103.58238773836808,241.88308850456687,171.9623682113255,271.73571125549427,377.4393032941176,1242.9436797647058,902.250893117647,1115.244715352941,1166.1842431176472,10.839444,7.3738637,1067.4000859435866,4804.0628346470585
2018,common_soft_wheat,Ávila,3317.0,2.381063461303711,21.925334930419922,6.3308916091918945,14.632307052612305,10.899834632873535,-1.2164546251296997,8.512055397033691,2.115347385406494,7.974126815795898,2.002507209777832,149.73582292608467,24.55561346982617,304.0241340355701,147.480746638344,104.3088997570147,532.1808401445783,1635.4030100240964,1016.1231917951808,1438.0031874216866,1589.1245696506026,11.178211,3.5650148,730.1052168268396,6210.834799036144
2019,common_soft_wheat,A Coruña,2900.0,8.463343620300293,18.42293930053711,10.321008682250977,14.189591407775879,13.55706787109375,5.580195426940918,15.015373229980469,7.092707633972168,10.814987182617188,10.521269798278809,175.35116622534144,69.52252385917916,253.4806448695171,158.5988891009825,487.54403075683547,459.39232221686746,1313.105020939759,943.933022626506,1286.7983544819276,1200.0369850481927,13.08517,9.9243,1144.4972548118558,5203.2657053132525
2019,common_soft_wheat,Albacete,2200.0,6.206223487854004,25.455528259277344,10.601930618286133,19.61539077758789,12.81108283996582,-1.1029093265533447,10.22050666809082,1.8249785900115967,5.785922527313232,7.258483409881592,19.95683886264601,43.266572397947314,141.07670356381323,23.580062449867686,189.85548388823386,722.3820009548388,1605.2943335999998,1131.7314682451613,1675.7788361806452,1440.4062190129034,14.583539,5.2075777,417.7356611625081,6575.592857993548
2019,common_soft_wheat,Alicante,1100.0,9.608028411865234,25.982952117919922,13.099459648132324,19.90207290649414,15.592719078063965,2.1636154651641846,16.43454933166504,5.417078495025635,10.690670013427734,10.995325088500977,8.503732528210733,29.68742209754623,163.43825002615912,21.6630086355042,255.79652432339233,718.434961614035,1566.6165601754387,1169.7147803157895,1646.837119157895,1461.5568153157894,16.62966,9.449428,479.08893761081265,6563.160236578948
2019,common_soft_wheat,Almería,1310.0,8.440093994140625,25.245018005371094,11.912969589233398,19.740949630737305,14.471720695495605,1.5024805068969727,13.773457527160645,4.284034252166748,8.858673095703125,9.52695083618164,12.24968038326086,25.21225641503237,102.02137510513151,21.43531578432682,249.03965488873249,758.4130006976744,1624.8684900232558,1209.517404883721,1706.5613980697676,1556.996467348837,15.713745,7.9120917,409.95828257648407,6856.356761023256
2019,common_soft_wheat,Asturias,2000.0,5.708156585693359,17.61074447631836,8.322164535522461,12.873062133789062,11.233532905578613,2.473878860473633,14.411613464355469,4.619330406188965,9.433486938476562,8.201187133789062,266.05705281133237,158.44860804184623,194.86671732508617,187.7862133388934,380.2993068943853,484.94824229565216,1297.7630828173915,1028.6200977391304,1297.2389830782608,1234.516568026087,11.163532,7.890114,1187.4578984115435,5343.086973956521
2019,common_soft_wheat,Badajoz,2040.0,8.675623893737793,26.63419532775879,13.299509048461914,21.83834457397461,15.890722274780273,3.6232690811157227,10.584171295166016,5.032631874084473,6.869423866271973,8.923043251037598,39.32012084232909,7.074746543100836,84.43540483846196,4.675040260978027,216.7943183640018,686.0740541428572,1658.0720231339287,1197.9910150892858,1701.4427656339285,1506.7322195178572,17.038187,7.32593,352.29963084887174,6750.312077517858
2019,common_soft_wheat,Barcelona,4103.0,5.512726783752441,23.002159118652344,10.031136512756348,16.789745330810547,12.49663257598877,1.040743112564087,16.78873634338379,4.624275207519531,10.050193786621094,9.52978515625,37.936024307152806,136.48576755874296,109.94438128296068,118.89833227325887,402.9731037181966,610.6910438117648,1423.270769482353,1103.8304458117648,1510.493730447059,1241.1984014705884,13.388172,8.59392,806.237609140312,5889.4843910235295
2019,common_soft_wheat,Burgos,3724.0,3.874325752258301,20.15919303894043,7.849758148193359,14.378996849060059,10.60370922088623,0.08015411347150803,11.038479804992676,1.9817261695861816,6.1865553855896,5.964598655700684,110.92931277222102,79.22292783700563,130.98473362907086,89.77624273300171,225.01037433490256,509.3307632679739,1435.760770627451,1046.6463634640522,1457.6669228627452,1279.4703114575163,11.244949,5.202686,635.9235913062017,5728.875131679739
2019,common_soft_wheat,Cantabria,2113.0,5.698244094848633,18.222415924072266,8.562664031982422,13.289602279663086,11.448014259338379,2.269968032836914,14.454434394836426,4.3529558181762695,9.103044509887695,8.119865417480469,235.02974131757563,192.66433074040845,165.8438260284337,152.75686287446456,304.30187629678034,478.6636777454545,1230.8024510545456,1008.4121728,1277.935606690909,1219.7793477636365,11.444825,7.736689,1050.5966372576627,5215.593256054545
2019,common_soft_wheat,Castellón,1603.0,7.238523483276367,23.99610710144043,11.185131072998047,17.88341522216797,13.528687477111816,0.10142624378204346,14.953279495239258,3.1166231632232666,8.703716278076172,8.769721984863281,8.758137473128212,63.00619364708242,112.40101135574596,56.844706741017355,328.5365754538019,690.3695130704225,1487.4305675492958,1147.3955504788732,1592.1571608450704,1369.0846121830984,14.560092,7.402415,569.5466246707758,6286.43740412676
2019,common_soft_wheat,Ciudad Real,1618.0,6.8870930671691895,27.24732208251953,11.724702835083008,21.39493179321289,14.073983192443848,0.5488265156745911,8.123591423034668,2.7704787254333496,4.967641353607178,7.271504878997803,35.078412929362656,18.551229227102546,128.42890782975124,7.720598437003435,200.06010033568126,703.5303189856459,1648.810332076555,1147.222916325359,1702.5357820861245,1481.55083530622,15.900336,5.1589246,389.83924875890114,6683.6501847799045
2019,common_soft_wheat,Cuenca,2200.0,4.877381801605225,24.64609718322754,9.359336853027344,18.291099548339844,11.825197219848633,-1.743887186050415,8.564064025878906,0.9855943322181702,4.523749351501465,5.927963733673096,37.02244096751446,39.42346175962492,155.6728336394805,22.723009819741886,230.4991606945253,687.6427362826087,1595.6128106630435,1115.5925786847827,1653.8297968043478,1414.1696521086956,13.470718,4.030908,485.3409068808871,6466.847574543478
2019,common_soft_wheat,Cáceres,1655.0,7.908421993255615,26.29775619506836,12.441915512084961,20.77898406982422,15.204133987426758,2.8560891151428223,10.631994247436523,4.882472515106201,6.987216949462891,8.239347457885742,40.514253724908606,16.30096009619394,121.92046409509551,11.356431939665386,260.94417389779585,642.909779230047,1620.8890412957746,1181.6417697276995,1661.1383392206571,1441.704734774648,16.305891,6.9727445,451.0362837536593,6548.283664248826
2019,common_soft_wheat,Cádiz,3110.0,11.343304634094238,25.11674690246582,14.826759338378906,21.064313888549805,17.30498504638672,6.381603240966797,15.567510604858398,8.27733039855957,11.379676818847656,12.569265365600586,48.16817153969281,2.7738779765015966,82.07019852332667,0.9822045255150699,292.70398149775787,738.2593423661972,1657.2913108732396,1235.6894796338029,1743.010682169014,1606.3891052816903,17.826849,11.124108,426.698434062794,6980.639920323943
2019,common_soft_wheat,Córdoba,2200.0,8.654156684875488,27.568620681762695,13.417462348937988,22.62963104248047,15.625859260559082,3.001617431640625,11.08265495300293,5.0050458908081055,7.290104389190674,9.383756637573242,40.71440786229712,6.038339656830898,97.38961657668862,2.7693793218965377,237.56264980009624,718.0411005714286,1673.2602992571428,1172.9231617857145,1737.1384767285715,1534.4826438857142,17.2536,7.524489,384.4743932178094,6835.845682228572
2019,common_soft_wheat,Gipuzkoa,5500.0,6.708648681640625,19.229633331298828,9.719579696655273,14.237079620361328,12.53491497039795,3.3456780910491943,15.686331748962402,5.3276896476745605,10.38561725616455,9.41035270690918,291.14810052785003,192.16411946578458,167.09377826343882,219.832258885557,360.1265054616061,447.79543454545455,1260.0605086363637,959.5514292727273,1284.0003939090907,1183.4079626363637,12.494128,8.9276705,1230.3647626042366,5134.815729
2019,common_soft_wheat,Girona,4022.0,6.046939849853516,23.249601364135742,10.442533493041992,16.853046417236328,13.05453872680664,0.931393027305603,16.592899322509766,4.4965925216674805,10.192849159240723,9.419774055480957,47.4521913245076,132.77388833145625,118.05648008966055,159.58235693857318,419.0445985105194,588.4943268196721,1389.30656947541,1098.670953704918,1467.63379547541,1227.6355106393441,13.783534,8.508881,876.909515194717,5771.741156114755
2019,common_soft_wheat,Granada,1687.0,5.964644432067871,24.640945434570312,9.773933410644531,18.989608764648438,12.511722564697266,-0.2982591688632965,10.138717651367188,2.4810233116149902,6.260547161102295,6.9265522956848145,47.02401605641195,26.105253195173518,131.68209051023157,13.366851639060318,255.15909030479054,739.9419073178294,1652.823016620155,1187.8091496899226,1733.4532044806201,1555.3633859922481,14.06543,5.4058557,473.3373017056679,6869.390664100775
2019,common_soft_wheat,Guadalajara,2794.0,3.9970192909240723,23.55172348022461,8.380563735961914,17.051525115966797,11.045382499694824,-2.0101513862609863,7.37508487701416,0.21160435676574707,3.4151060581207275,4.870110511779785,46.99914985191165,43.483132230953906,148.50241713941566,34.86589190616148,224.36520390435467,636.8542676220472,1568.468104031496,1112.7509286456693,1638.6280417007874,1380.9103257874017,12.511932,3.1219776,498.21579503279736,6337.6116677874015
2019,common_soft_wheat,Huelva,2058.0,10.685474395751953,26.524765014648438,14.970789909362793,22.483306884765625,17.193798065185547,4.881406307220459,12.687080383300781,6.669435977935791,8.947371482849121,11.009143829345703,38.989781194868,2.976269441155287,70.4903313703835,1.3467889789429206,206.77888042938253,719.200503,1679.753321,1217.9021653461537,1726.418467423077,1582.5881297307692,18.175322,9.200597,320.58205141473223,6925.862586499999
2019,common_soft_wheat,Huesca,3345.0,3.472557544708252,22.72459602355957,8.63188648223877,16.39963150024414,10.82292366027832,-1.721613883972168,11.659856796264648,1.1159887313842773,5.732875347137451,6.482388019561768,89.95845537725285,124.49207377839372,113.10596751769971,117.26715969863022,325.93793993782714,614.2778212071005,1514.634877893491,1154.620571810651,1584.441212556213,1325.5705309408283,12.145753,4.9586473,770.7615963098036,6193.545014408284
2019,common_soft_wheat,Illes Balears,1508.0,11.18575668334961,26.64217185974121,14.171554565429688,20.1276912689209,18.00811004638672,6.38371467590332,19.221961975097656,8.520578384399414,13.040178298950195,13.900379180908203,35.52093137003655,18.663424798569014,39.79431659537693,32.327826715919166,294.54457340268203,647.2606816744187,1555.5681161860466,1188.5333678139536,1617.6211818139536,1417.0349189069768,18.0239,12.494533,420.85107288258365,6426.018266395349
2019,common_soft_wheat,Jaén,2800.0,6.977240085601807,27.02190399169922,11.575382232666016,21.322357177734375,14.226694107055664,0.7132747173309326,9.489766120910645,3.4227068424224854,6.239959716796875,7.589611530303955,63.67089129509749,18.75807624583443,135.21795319362923,7.236254166325347,218.25786353504216,715.0292514666667,1659.582174637037,1147.1480423555554,1710.7573265925926,1519.256245874074,15.891712,5.8408217,443.14103843592864,6751.773040925926
2019,common_soft_wheat,La Rioja,4855.0,3.876767635345459,19.900890350341797,7.800191879272461,14.311017990112305,10.471996307373047,-0.1258615404367447,12.003561019897461,2.042586088180542,6.645387649536133,6.192309856414795,114.07936140207144,116.86598273309377,146.36417020112276,110.79598931165842,247.9507780384559,537.3905337692307,1434.7580746923077,1057.3220632692307,1442.7353198461537,1281.1027897307692,11.13881,5.491716,736.0562816864023,5753.308781307692
2019,common_soft_wheat,Las Palmas,1330.0,16.368907928466797,21.693710327148438,16.92208480834961,19.631641387939453,19.871402740478516,9.615823745727539,16.919464111328125,11.772298812866211,14.259552001953125,14.942342758178711,14.756782366256964,7.815006392958917,32.524015999938314,6.741515286266804,82.15141743544098,922.8715431578947,1547.503194736842,1369.1004839473685,1625.2591923157895,2017.1766418157893,19.059858,13.741971,143.98873748086197,7481.911055973684
2019,common_soft_wheat,León,1654.0,3.6059627532958984,19.385971069335938,7.180832862854004,13.720388412475586,10.065774917602539,-0.46086394786834717,10.47165298461914,1.3250691890716553,5.677252769470215,5.115410804748535,123.4737441002289,79.03976925087801,130.97212333348443,89.25035729590869,270.94084127100905,526.9391305433526,1429.4994362543353,1081.972527965318,1445.9425533063584,1284.0769702716764,10.670784,4.5406556,693.6768352515091,5768.430618341041
2019,common_soft_wheat,Lleida,2662.0,3.2883219718933105,22.003631591796875,8.36189079284668,15.878058433532715,10.400952339172363,-2.3467295169830322,12.75036334991455,0.9173897504806519,6.192187309265137,6.4384355545043945,58.64361092757295,138.55482204644767,98.00053456800956,118.08465665932054,337.3245689789454,612.2402590222223,1468.900271274074,1142.0764299703703,1551.5678705777777,1309.8257229555556,11.7223015,5.0650134,750.6081931802961,6084.6105538
2019,common_soft_wheat,Lugo,2600.0,6.129855155944824,18.362255096435547,8.7210111618042,13.3507719039917,11.888895988464355,3.4327783584594727,13.972678184509277,5.342080593109131,9.637451171875,8.64301872253418,187.26355505419207,69.7307375019735,230.38196844131022,135.85187419792553,405.51099977944347,465.69138980180185,1347.5983228288287,960.8472835315315,1258.3370647567567,1217.5452096306308,11.723614,8.278504,1028.7391349748448,5250.019270549549
2019,common_soft_wheat,Madrid,1672.0,5.393993854522705,25.73039436340332,10.407442092895508,19.555599212646484,12.819534301757812,-0.5245532989501953,7.848215103149414,1.5247786045074463,3.9956612586975098,6.136178493499756,30.016809731036766,24.476219473727816,122.00983096368012,13.788516213839081,204.27053185441028,649.3911265747126,1610.7289729195404,1147.8003689425286,1689.9381884827585,1404.6634966091954,14.454417,4.1860766,394.5619082366941,6502.5221535287355
2019,common_soft_wheat,Murcia,1141.0,8.713963508605957,26.008831024169922,12.549398422241211,20.16189193725586,14.785934448242188,1.0472781658172607,14.623579025268555,4.212456703186035,9.395557403564453,9.952588081359863,8.102596652026461,23.40631264260253,136.97419533581862,17.177906872622206,218.92701394948284,742.4029613097346,1590.775380336283,1165.0941798053098,1673.229270778761,1481.972636079646,16.16766,8.197341,404.58802545255264,6653.474428309734
2019,common_soft_wheat,Málaga,2480.0,9.397512435913086,25.033998489379883,12.798102378845215,20.089263916015625,15.386375427246094,4.722287178039551,14.506919860839844,6.7058210372924805,10.321162223815918,11.05842113494873,44.392977659832944,5.744561070538037,104.96147187931898,3.182187079292505,315.34148998742234,724.7622463561645,1664.864251589041,1205.8710650136986,1753.8729327945207,1577.9019888082191,16.348604,9.728839,473.62268767640484,6927.272484561644
2019,common_soft_wheat,Navarra,5225.0,5.033288478851318,21.102458953857422,9.123851776123047,15.520920753479004,11.759153366088867,1.329010009765625,13.563557624816895,3.480785608291626,8.037164688110352,7.92038631439209,167.3104147900795,112.98739879347127,131.60617187259527,143.81335635329114,261.0094184443868,514.0256269310345,1395.7494886034483,1033.1428979310344,1398.4679135344827,1247.6493981034482,12.383138,7.0418816,816.7267602538241,5589.0353251034485
2019,common_soft_wheat,Ourense,2780.0,5.213716983795166,19.045814514160156,8.289186477661133,13.611095428466797,11.470980644226074,1.9570602178573608,12.915403366088867,4.020930767059326,8.341058731079102,7.327446460723877,148.18055205254615,69.35270488224452,222.86362740208833,95.90325101417832,396.56264514410043,506.88882632911395,1440.6403597974684,1000.0100178481011,1379.3765476708859,1271.3844919620253,11.516963,6.981558,932.8627804951577,5598.300243607595
2019,common_soft_wheat,Palencia,2727.0,3.8912768363952637,20.636917114257812,8.09962272644043,15.14694595336914,10.729193687438965,-0.15796275436878204,10.285219192504883,1.4703084230422974,5.217586994171143,5.606189250946045,77.33635246887636,69.38443819793423,112.68381582150299,72.6694206042906,212.37578344947838,522.2038573483146,1463.8613337977529,1078.7822382022473,1494.5912666516851,1308.3444487977529,11.538857,4.671255,544.4498105420826,5867.783144797752
2019,common_soft_wheat,Pontevedra,2200.0,7.341033935546875,19.044158935546875,10.112762451171875,14.41639232635498,13.289947509765625,4.631215572357178,14.858407974243164,6.704071044921875,10.495697021484375,9.947916030883789,175.17430748045444,66.33380840159953,318.62385905782384,132.6685330234468,551.818838638564,490.4409074166666,1399.0148280833332,974.2633808333333,1356.7588746249999,1243.37436175,12.915707,9.430871,1244.6193466018885,5463.8523527083335
2019,common_soft_wheat,Salamanca,1638.0,5.119333267211914,22.766136169433594,9.447578430175781,17.22400665283203,12.2855224609375,0.8632649183273315,10.204917907714844,2.7468748092651367,5.394107818603516,6.214685916900635,44.999173199323785,43.04484683062349,114.35062088195542,27.345953561309585,215.1095064575959,591.2591837894737,1598.2442711729323,1152.8955955187969,1623.3764941203008,1393.6647583984964,13.188016,5.27309,444.8501009308082,6359.440302999999
2019,common_soft_wheat,Santa Cruz de Tenerife,945.0,14.415435791015625,20.685009002685547,14.721221923828125,18.002674102783203,17.756906509399414,8.141143798828125,15.630361557006836,10.224517822265625,13.170684814453125,13.33057689666748,20.534535159046452,10.602490960503928,69.93048013498387,14.71441024010225,107.91086534922943,933.7614198333333,1624.67528,1370.2620263333333,1665.1083243333335,2058.0853771666666,17.223026,12.304643,223.69278184386593,7651.892427666667
2019,common_soft_wheat,Segovia,2107.0,3.9290947914123535,22.947654724121094,8.288090705871582,16.519119262695312,11.217524528503418,-0.8388302326202393,8.14980411529541,0.7737764120101929,3.9526801109313965,4.995532989501953,68.35835322737694,33.31247907406406,123.71252428073632,39.974455966369106,208.6087596510586,589.839300631579,1584.3601185526315,1134.3136305263158,1641.6105906578946,1390.0330464736842,12.3531685,3.671416,473.966572199605,6340.156686842105
2019,common_soft_wheat,Sevilla,3317.0,10.465677261352539,27.409744262695312,15.143516540527344,23.23651123046875,17.13385009765625,4.46108341217041,13.050213813781738,6.366774559020996,9.003293991088867,10.999197006225586,31.66512348660281,3.0388487309912664,74.6707612611878,0.7489194117320872,241.2525871941741,730.8585709577465,1678.5204754507042,1211.475114549296,1747.4244955774648,1571.100831169014,18.420525,9.146626,351.3762400846881,6939.3794877042255
2019,common_soft_wheat,Soria,3012.0,3.323617458343506,21.706336975097656,7.6589531898498535,15.454780578613281,10.340988159179688,-1.9024052619934082,8.802961349487305,0.15155619382858276,3.799351215362549,4.764890670776367,64.79040632802143,67.39330630867104,128.03699063418205,70.54076132439731,191.1062160544751,603.3335058596491,1541.1818536666667,1115.3863820350875,1585.6294071403508,1349.8884721052632,11.470944,3.3968742,521.867680649747,6195.419620807017
2019,common_soft_wheat,Tarragona,2780.0,7.453859329223633,25.185062408447266,12.464200973510742,18.869552612304688,14.410697937011719,1.8301377296447754,16.633930206298828,4.220652103424072,9.348876953125,10.184246063232422,16.978995762647145,78.80950872458163,48.19221150827786,64.13744276099735,307.8497890300221,646.0962185396825,1493.2754432063493,1157.9516764761904,1598.6520333333333,1346.0248385238094,15.465678,8.733682,515.9679477865261,6242.000210079365
2019,common_soft_wheat,Teruel,1684.0,4.063085556030273,22.682662963867188,8.336824417114258,16.46103286743164,10.804831504821777,-2.4872748851776123,9.693672180175781,0.09016752243041992,4.248481273651123,5.448227405548096,30.63244522676903,63.14497767641859,100.03672587309244,46.481875470224416,235.01321205759197,666.8743169559748,1526.9879653584906,1146.6589857232705,1614.330433220126,1383.9126518427672,12.192211,3.7402503,475.30923630409643,6338.764353100629
2019,common_soft_wheat,Toledo,1230.0,6.445850372314453,26.775009155273438,11.567968368530273,20.928234100341797,13.93394660949707,0.6153566241264343,8.498210906982422,2.887751340866089,4.795099258422852,7.251943111419678,25.860191984206253,22.897083915214733,111.34446382707691,5.632088862706601,198.17681055020842,677.1922572919254,1634.9378473291924,1165.637911937888,1707.5084026459629,1445.423112378882,15.597492,5.2167172,363.9106391394129,6630.699531583851
2019,common_soft_wheat,Valencia,1350.0,7.915473937988281,25.15054702758789,12.070964813232422,19.213619232177734,14.07188606262207,0.11801203340291977,14.864180564880371,3.3336586952209473,9.09925651550293,9.371377944946289,6.986250900962483,56.487904463065874,168.94145556163352,38.030528457613165,283.2258227237868,711.7472423486239,1529.1483664770642,1135.905115651376,1622.6040676330276,1386.1379580458715,15.4157295,7.6929774,553.6719621070619,6385.542750155963
2019,common_soft_wheat,Valladolid,1762.0,4.808779716491699,23.29781723022461,9.695775985717773,17.673091888427734,12.103008270263672,0.331573486328125,9.609016418457031,1.572984218597412,4.326690673828125,5.848347187042236,44.167140114713796,49.00556558235125,94.22731647877531,35.66945095749741,172.38186867399648,558.7755037727272,1580.6857050909089,1144.150096090909,1613.2161175,1374.4008092045456,13.280247,4.5894933,395.45134180733425,6271.228231659091
2019,common_soft_wheat,Zamora,2210.0,4.860469341278076,22.332611083984375,9.378997802734375,16.773738861083984,11.891571044921875,0.4592677652835846,10.059505462646484,1.878204345703125,4.89061164855957,5.840214252471924,42.57161190094692,53.89629685266742,93.81537448375353,44.12461030908993,195.81668667229158,564.3801516071428,1571.4225560892855,1139.733898125,1583.1271952678571,1356.4566207142857,12.854827,4.828003,430.2245802187494,6215.120421803571
2019,common_soft_wheat,Zaragoza,1775.0,6.061670780181885,24.66994285583496,10.898796081542969,18.71405601501465,12.894355773925781,0.25520163774490356,11.619405746459961,2.0009446144104004,5.538651466369629,7.465035438537598,43.98796914232538,66.09090105174704,74.60510435716269,61.33658109581534,204.50334080720836,619.2398846808511,1547.8130482765957,1152.5323354574466,1599.6286057978723,1360.3269797978724,14.35553,5.7240453,450.5238964542588,6279.540854010638
2019,common_soft_wheat,Álava,6750.0,4.749204635620117,19.259552001953125,8.39054012298584,13.915264129638672,11.133894920349121,1.8790013790130615,13.845963478088379,3.7617924213409424,8.633288383483887,7.749362945556641,183.7433788285536,108.32288841289633,131.82895787849145,119.7206194435849,253.54173694463336,467.60365952941174,1295.9337850588236,985.2404304705882,1312.8550888235295,1205.3648212941175,11.430392,7.269795,797.1575815081596,5266.997785176471
2019,common_soft_wheat,Ávila,1361.0,4.100179672241211,22.469390869140625,8.162393569946289,16.64727020263672,11.13470458984375,-1.100821614265442,8.082297325134277,1.0587271451950073,3.7680883407592773,5.064067363739014,50.04340963047671,37.11724170396127,131.84484257360538,23.10021371870156,248.80840781402875,624.2230749879518,1608.087243493976,1170.0287014939759,1679.275520433735,1408.8389027108433,12.274774,3.656071,490.9141154407737,6490.453443120482
2020,common_soft_wheat,A Coruña,3040.0,9.578971862792969,18.73273277282715,11.018351554870605,15.639311790466309,12.979971885681152,7.223198890686035,14.815606117248535,8.36502742767334,12.39018440246582,10.319650650024414,225.2522039686341,96.73588098563164,250.14816708162607,115.37213210599968,788.317045424358,426.31046971084334,1385.3230116144578,851.1251353493976,1307.583582048193,1030.231880506024,13.488219,10.57222,1475.8254295662493,5000.574079228915
2020,common_soft_wheat,Albacete,2550.0,7.687684059143066,25.855484008789062,10.617281913757324,19.387042999267578,13.000689506530762,3.1952390670776367,10.170087814331055,5.46256685256958,8.239306449890137,7.237575531005859,62.183394125584634,22.395017710328105,184.25084084541567,76.95491116777544,252.59954691510046,649.423096116129,1622.9165659999999,978.5669655354839,1601.6955524,1426.7464028258064,14.924812,6.923725,598.3837107642044,6279.348582877419
2020,common_soft_wheat,Alicante,2500.0,10.672216415405273,26.048006057739258,13.354991912841797,20.81003189086914,15.973429679870605,5.970639228820801,16.359405517578125,7.931538105010986,12.537166595458984,10.607029914855957,109.65953065690242,15.859693249262737,164.15619746843973,100.38052850752547,346.02992475032806,691.2873320701754,1585.6460526666665,1074.6542564561405,1605.6842002807016,1512.0336242807018,17.138685,10.668801,736.0858746324584,6469.305465754386
2020,common_soft_wheat,Almería,2376.0,9.70858097076416,25.590801239013672,12.257720947265625,20.199188232421875,14.83761215209961,4.17322301864624,13.47551155090332,6.650869846343994,9.513017654418945,8.840638160705566,53.96365453825917,13.037317131349525,138.7185401639273,52.597249751174175,223.02780253180237,736.9564229302325,1633.3405499534883,1087.8729767906977,1668.0066147209302,1616.3419960465117,16.238586,8.582316,481.3445641165125,6742.51856044186
2020,common_soft_wheat,Asturias,2000.0,7.3548994064331055,17.568803787231445,9.14290714263916,14.343073844909668,10.731171607971191,3.8942859172821045,14.217493057250977,6.340933799743652,11.235237121582031,7.78376579284668,134.20377708310667,154.327955989734,269.0247601384702,208.6677295467128,789.636906619694,474.3516494782609,1353.5171995826086,893.6442889217391,1282.6215025391302,1080.3522778782608,11.645337,8.542581,1555.8611293777176,5084.4869184
2020,common_soft_wheat,Badajoz,3158.0,10.22960090637207,28.383689880371094,13.311532020568848,21.444988250732422,15.945882797241211,6.232212543487549,10.016448974609375,8.010001182556152,10.197757720947266,8.5264892578125,45.227197928620235,10.493469813955016,166.62025623555695,42.59967195734914,199.69480255858173,612.5126389017857,1706.7988973392858,990.4461576696428,1588.4609800714286,1472.4656531607143,17.543596,8.5849,464.63539849406305,6370.684327142857
2020,common_soft_wheat,Barcelona,4545.0,7.298876762390137,22.52481460571289,10.422708511352539,17.405029296875,12.596449851989746,4.1233015060424805,17.2039794921875,6.588142395019531,13.29509162902832,8.840831756591797,156.71980320197696,151.47109227460973,204.9294801108977,208.11834381888895,394.26478841865764,565.3428524235294,1413.4777250588236,933.4649977411765,1349.5330465411764,1330.8099773411764,13.807388,9.815363,1115.503507825031,5592.628599105882
2020,common_soft_wheat,Burgos,5215.0,5.538787364959717,19.787799835205078,8.717952728271484,15.02725601196289,10.238770484924316,2.4714388847351074,10.917884826660156,4.836084365844727,9.32164192199707,5.868745803833008,61.68645283833048,62.94850382228303,206.5637932649625,146.0219780713125,344.3690109471091,466.13813470588235,1480.4761707320263,919.2192548104574,1360.8226623529413,1176.109279751634,11.591557,6.547424,821.5897389439975,5402.765502352941
2020,common_soft_wheat,Cantabria,2260.0,7.318423271179199,18.191238403320312,9.518507957458496,14.735288619995117,11.059505462646484,4.1831183433532715,14.025455474853516,6.495640754699707,11.127203941345215,7.839645862579346,108.05174737084997,120.88438407724554,276.2725045681,188.98559431379493,591.1962860367515,464.02748287272726,1266.695795418182,876.0514378909091,1229.323947309091,1086.5342016,11.980412,8.585118,1285.3905163667418,4922.632865090909
2020,common_soft_wheat,Castellón,2150.0,8.682412147521973,23.632110595703125,11.246009826660156,18.36374855041504,14.101052284240723,3.793597459793091,15.404312133789062,6.603006362915039,12.25570297241211,7.843039512634277,146.41068377335307,49.253934119578815,249.1304233409989,169.8699381452211,206.30580446753703,634.5438230704225,1511.299626197183,962.1640288450704,1478.6762226197184,1423.5915634084508,15.021065,8.957116,820.970783846689,6010.275264140845
2020,common_soft_wheat,Ciudad Real,3149.0,8.501662254333496,27.889984130859375,11.95447063446045,21.032005310058594,14.068204879760742,4.2127366065979,7.996526718139648,6.2714128494262695,7.805131912231445,7.197293281555176,38.25231423674588,33.90151796411527,160.21958406119825,58.448911493546085,248.35315767600775,632.0356470239235,1660.371991215311,995.8691279330144,1623.530193923445,1408.3954860574163,16.252422,6.7800655,539.1754854316133,6320.20244615311
2020,common_soft_wheat,Cuenca,3048.0,6.432361125946045,24.526988983154297,9.531439781188965,18.16271209716797,11.792652130126953,2.2356581687927246,9.446866035461426,4.906031131744385,7.705946922302246,5.956814765930176,40.74378276373381,35.41691036862524,220.47957594757492,83.61812484458737,273.64286411845166,600.9821545760869,1623.9325894130434,940.4401387391304,1579.6062746195653,1371.7823577608697,13.706468,6.034689,653.901258042973,6116.743515108696
2020,common_soft_wheat,Cáceres,2433.0,9.26241683959961,27.814434051513672,12.601679801940918,20.73345947265625,14.905743598937988,5.453226089477539,9.624895095825195,7.623848915100098,10.21359634399414,8.17911434173584,72.89206778835242,12.607956034284383,190.58653954888734,52.42545643574755,336.4935078178773,568.5744401032864,1679.6716001971831,967.6055810516432,1562.9727447511737,1399.968570713615,16.703913,8.212299,665.0055276251489,6178.792936816902
2020,common_soft_wheat,Cádiz,2487.0,12.475973129272461,26.57270622253418,14.629385948181152,20.878273010253906,17.415897369384766,8.560639381408691,16.09555435180664,9.857793807983398,13.140785217285156,11.962565422058105,55.82401442737646,2.8208962514058644,176.9696731668123,62.59805195579227,224.30216827358998,729.1272443098592,1691.302209887324,1114.57703028169,1648.1399809859156,1627.5107017464788,18.231356,11.929984,522.5148040749768,6810.657167211268
2020,common_soft_wheat,Córdoba,3500.0,10.397928237915039,28.99164581298828,13.580098152160645,22.225666046142578,15.964972496032715,5.864462852478027,10.80362606048584,7.740313529968262,9.7701997756958,8.672599792480469,42.68829506635666,15.091473072351489,152.70669680748665,46.55114776130234,221.70322760002955,667.5933454999999,1693.911892542857,1006.3481598714286,1638.9613971142858,1485.7357000714287,17.854214,8.5873,478.7408403075267,6492.5504951
2020,common_soft_wheat,Gipuzkoa,5710.0,8.265023231506348,19.101749420166016,10.699792861938477,15.82018756866455,12.40697956085205,5.068212509155273,14.84581184387207,7.286718368530273,12.387182235717773,9.134252548217773,126.53646632758054,103.1344796852632,279.55781273408365,210.16262901913035,652.5762635035948,449.48651381818183,1274.3090583636363,883.012434,1252.1455642727274,1093.8939735454544,13.116786,9.642738,1371.9676512696526,4952.847544
2020,common_soft_wheat,Girona,3272.0,7.7295002937316895,22.442625045776367,10.473724365234375,17.41910743713379,12.831914901733398,4.242706298828125,16.804967880249023,6.868566513061523,13.094710350036621,8.879607200622559,243.7316301342894,184.0598342506612,248.88222244333048,246.12239352406047,494.267268280514,539.3665330819672,1372.7951827868853,902.4812646885246,1290.4643848524588,1286.080938590164,13.954799,9.795028,1417.0633486328554,5391.188304
2020,common_soft_wheat,Granada,2207.0,7.937659740447998,25.536121368408203,10.26559066772461,18.73686981201172,12.733643531799316,2.102755069732666,9.527624130249023,5.052630424499512,7.527196884155273,6.069039821624756,48.974703152064784,23.180684903434425,171.62428221776503,67.26083211046318,240.8246051830839,725.0937930387597,1657.233969131783,1045.24844124031,1661.1241759069767,1581.4513698139535,14.657254,6.058048,551.8651075668113,6670.151749131783
2020,common_soft_wheat,Guadalajara,3992.0,5.41433048248291,23.224567413330078,8.732864379882812,16.998559951782227,10.679203987121582,1.3816319704055786,7.673411846160889,4.258563995361328,7.456250190734863,4.8043999671936035,44.193615333888474,33.966117727240245,235.1085178138703,110.3154893362616,265.0098946164912,559.7972226141732,1610.7798570866141,923.0148576535433,1506.9889479212598,1340.1086599527557,12.621455,5.06311,688.5936348277518,5940.689545228346
2020,common_soft_wheat,Huelva,3106.0,12.071855545043945,27.93033790588379,14.632025718688965,21.90673065185547,17.463550567626953,7.728057861328125,13.165040969848633,9.281929016113281,11.877124786376953,10.286585807800293,49.478970927025124,2.6719541049186284,159.9773812420093,46.353656039501615,171.48261499433562,671.4735674615384,1716.3016598653846,1037.800911826923,1614.1863990192307,1574.660006730769,18.578009,10.437554,429.9645773077903,6614.422544903846
2020,common_soft_wheat,Huesca,4593.0,5.508571624755859,22.456687927246094,9.077672004699707,16.497779846191406,10.727478981018066,1.649580478668213,11.520654678344727,4.643679141998291,10.291067123413086,5.467696189880371,82.70094600351824,65.52803623182534,233.82882844343692,235.540176613091,379.7774585280898,579.6122925088757,1542.2085950059172,947.9484459053255,1424.770640639053,1360.5517459171597,12.499278,6.506729,997.3754458199613,5855.091719976332
2020,common_soft_wheat,Illes Balears,1727.0,12.69226360321045,26.23896598815918,14.706611633300781,21.244667053222656,18.212095260620117,9.404293060302734,19.01346206665039,10.35326862335205,15.235084533691406,13.408100128173828,85.45535834889512,12.457646671076152,130.8950872254926,45.155439074649365,257.11738112638164,635.8728102325582,1532.768706232558,1145.1494066511627,1589.7646515348838,1469.7029866511627,18.551117,13.470386,531.080912446495,6373.258561302326
2020,common_soft_wheat,Jaén,3385.0,8.788817405700684,28.053203582763672,12.079151153564453,20.966175079345703,14.301420211791992,3.9692978858947754,8.908456802368164,6.320399284362793,8.406002044677734,7.321798324584961,44.90590768081171,27.58673663398734,160.10670199659137,65.39728172686365,302.0966897311034,678.9456565925925,1657.0652952,1003.7344246370371,1625.3349032296296,1463.0269480592592,16.415031,7.041292,600.0933177693574,6428.1072277185185
2020,common_soft_wheat,La Rioja,5389.0,5.739879608154297,19.64794158935547,8.572324752807617,15.268135070800781,10.523111343383789,2.080935001373291,11.513392448425293,4.794483184814453,9.593732833862305,5.716480255126953,63.8328862121472,72.08714145823166,266.68895783791174,179.32505475787016,293.3736057098095,502.7927473076923,1482.4363393846152,909.7011824615386,1368.8841618076922,1252.3060571153846,11.712418,6.5692506,875.3076459759703,5516.120488076923
2020,common_soft_wheat,Las Palmas,995.0,17.154525756835938,22.667909622192383,17.599029541015625,20.69211769104004,20.0052547454834,10.23599910736084,17.45014190673828,12.17081356048584,15.20833969116211,14.87814712524414,6.8343296672438125,5.505373472200805,31.303559384455806,10.179766395962552,32.675152293357414,958.0201340526316,1598.4730716842105,1362.422198263158,1621.9699941052631,2057.0769244736844,19.68735,14.136931,86.49818121322038,7597.962322578947
2020,common_soft_wheat,León,3505.0,5.010730743408203,19.595081329345703,7.970738410949707,14.408286094665527,9.23679256439209,1.7618931531906128,10.602115631103516,3.9529366493225098,8.513827323913574,5.142825126647949,75.85422533629946,62.42614951893429,219.87236938173373,129.1059066918544,517.473970646114,475.8915198728324,1494.6296589248554,923.6194732601156,1339.7179857109827,1160.5082017687862,10.909737,5.8527374,1004.7326215749359,5394.366839537573
2020,common_soft_wheat,Lleida,4551.0,5.196108818054199,21.572887420654297,8.657449722290039,16.077922821044922,10.413309097290039,1.1221189498901367,12.784173965454102,4.187919616699219,10.378143310546875,5.448729515075684,86.48605752051981,132.96101439010215,206.9479110205615,247.0188633247658,313.6673304487158,587.2804356296297,1501.9316158518518,956.8506717925926,1387.750907511111,1369.7702331407409,12.055164,6.561636,987.081176704665,5803.5838639259255
2020,common_soft_wheat,Lugo,2400.0,7.6220383644104,18.548425674438477,9.600481033325195,14.947373390197754,11.214497566223145,4.942831516265869,13.841280937194824,6.834364891052246,11.43072509765625,8.520236015319824,162.33183978591953,99.03458320372947,262.99567119065705,149.60397023660641,810.5500835867616,443.8451010450451,1414.7712442342342,845.1112487027027,1286.0419727387389,1019.7518715675675,12.191219,9.014946,1484.516148003674,5009.521438288289
2020,common_soft_wheat,Madrid,2623.0,6.801383018493652,25.69009780883789,10.562728881835938,19.274139404296875,12.424747467041016,2.6836299896240234,8.185834884643555,5.3897552490234375,7.8674468994140625,6.172098159790039,42.12291456073865,26.46035695675461,190.0349219777118,66.38023979156867,268.795234360229,562.7284313793102,1633.8735885977012,965.7241994482757,1567.6603550114942,1371.5573495862068,14.52964,6.0784774,593.7936676470027,6101.543924022988
2020,common_soft_wheat,Murcia,2780.0,9.591767311096191,25.981460571289062,12.67966079711914,20.558151245117188,15.130729675292969,4.976977348327637,14.403100967407227,7.18812894821167,11.054342269897461,9.640701293945312,73.29855335576345,11.553772536230035,157.22845384715933,70.31480907866386,295.6899672962923,698.5697291858407,1608.2815796283187,1042.6303257699115,1620.213185858407,1536.9810912920354,16.512083,9.483993,608.085556114109,6506.675911734514
2020,common_soft_wheat,Málaga,2456.0,10.776960372924805,25.765872955322266,12.762395858764648,19.854244232177734,15.591585159301758,6.948212623596191,15.023282051086426,8.359622955322266,11.580879211425781,10.167027473449707,68.68879637300763,7.669548666050454,189.8862887114695,59.09630478122463,238.16576289967315,720.9721219999999,1687.737278,1071.0729510136985,1656.966023479452,1608.1690167945205,16.723774,10.374342,563.5067014314253,6744.917391287671
2020,common_soft_wheat,Navarra,5301.0,6.650012969970703,20.86490249633789,9.885499000549316,16.43877601623535,11.606891632080078,3.5433950424194336,12.806439399719238,5.979438781738281,11.027588844299316,7.440502166748047,84.76641690872353,46.52656160256472,241.61275724912514,166.3011596521427,412.752234453785,490.06115346551724,1432.5425419827588,905.1564398103449,1338.6734147068964,1205.6788838965517,12.842162,8.039644,951.9591298663411,5372.112433862069
2020,common_soft_wheat,Ourense,2700.0,6.677849769592285,20.086261749267578,9.113851547241211,15.196268081665039,10.603028297424316,3.8734049797058105,12.698419570922852,5.789226531982422,10.610090255737305,7.398216247558594,139.3758162924006,49.108541269374044,270.63902690138997,131.09629037712193,767.0614207832119,467.9756786582279,1517.685322962025,866.0026481518987,1352.6427275189874,1104.2388584303797,12.046715,7.961262,1357.2810956234985,5308.545235721519
2020,common_soft_wheat,Palencia,3598.0,5.207150459289551,20.326499938964844,8.868209838867188,15.368833541870117,10.069852828979492,2.3838579654693604,10.575950622558594,4.589690208435059,8.78911018371582,5.63570499420166,51.6777823803465,60.09297922220122,194.20040666387322,129.46869785598153,327.5411065495416,458.76192462921347,1509.7494746067414,954.7064557752809,1375.5598258426967,1186.6464977078651,11.651733,6.268337,762.9809726719441,5485.424178561798
2020,common_soft_wheat,Pontevedra,2220.0,8.915781021118164,19.959278106689453,10.827789306640625,15.970571517944336,12.528483390808105,6.599395751953125,14.744314193725586,8.02497386932373,12.496713638305664,9.83477783203125,243.05915132910013,77.0483012769837,322.73257936040557,138.791781236728,905.8108837455511,451.41035941666667,1479.7611287083332,881.0599655416668,1359.9019074583334,1073.6354722083333,13.455064,10.255826,1687.4426969487686,5245.7688333333335
2020,common_soft_wheat,Salamanca,4008.0,6.570127010345459,23.753990173339844,9.82932186126709,17.432113647460938,11.640144348144531,3.3109259605407715,9.059788703918457,5.592027187347412,8.970389366149902,6.52421236038208,44.88008738303543,22.127018314387115,189.11236561599532,73.45249267762765,346.9351634912025,543.9986918045113,1647.9913901804512,938.1499916240601,1517.2000229473683,1301.3325111879699,13.477641,6.663593,676.5071274822479,5948.672607744361
2020,common_soft_wheat,Santa Cruz de Tenerife,803.0,15.39818286895752,21.660837173461914,15.356149673461914,18.665517807006836,18.300384521484375,8.992218017578125,15.720937728881836,10.80565357208252,13.776193618774414,13.587371826171875,9.974317681510001,6.632183343535871,55.565630077694856,30.461001090084515,64.70139736387257,972.25271425,1633.62985475,1373.4646589166668,1641.22286475,2086.1899511666666,17.946909,12.744958,167.33452955669782,7706.760043833334
2020,common_soft_wheat,Segovia,4000.0,5.458815574645996,22.535430908203125,8.808424949645996,16.436927795410156,10.606269836425781,1.5869574546813965,8.285886764526367,4.39589786529541,8.034550666809082,5.077448844909668,47.632323445262095,36.48521405497664,207.46563134695356,101.82021250850276,336.4512353163017,538.7903447105264,1618.136608263158,946.758660605263,1506.3248823421054,1307.5893368947368,12.40869,5.4096985,729.8546166719967,5917.599832815789
2020,common_soft_wheat,Sevilla,3500.0,11.963737487792969,28.88287353515625,14.921625137329102,22.7373046875,17.49517822265625,7.384335517883301,13.409126281738281,8.894083976745605,11.355037689208984,10.204915046691895,49.3514727282692,5.130878818279598,154.69239960002227,40.83720866779626,174.27685831728536,683.058524,1705.4638538732395,1049.8404153802817,1646.0603655070422,1555.7509076056338,18.915983,10.242068,424.2888181316527,6640.174066366197
2020,common_soft_wheat,Soria,4273.0,5.102160453796387,21.381465911865234,8.187322616577148,15.767997741699219,9.950485229492188,1.1773279905319214,8.531222343444824,3.8907968997955322,7.897912979125977,4.546693325042725,44.55123688999498,42.28595708284462,225.35390950085826,133.2729338271576,254.4575035091032,534.3740293333333,1592.8065022807018,924.6118178245613,1445.7225992105264,1315.467617140351,11.72332,5.0984416,699.9215408099586,5812.9825657894735
2020,common_soft_wheat,Tarragona,3782.0,9.058637619018555,24.98223114013672,12.144710540771484,19.36048698425293,14.863375663757324,5.371891975402832,16.21929168701172,7.617973804473877,13.703285217285156,9.36528205871582,144.4400323871523,55.47569789122494,220.61594644236186,135.78670695092944,293.92624132784584,594.9341553015872,1535.8251496190476,961.7360667936508,1466.6815975238096,1420.5423357777777,15.878803,10.273834,850.2446249995145,5979.719305015873
2020,common_soft_wheat,Teruel,2624.0,5.707135200500488,22.450284957885742,8.76690673828125,16.609594345092773,11.050127029418945,0.7796621322631836,9.747610092163086,4.104859352111816,8.63237190246582,4.746782302856445,94.7649142569716,38.35211991523421,218.40319753742818,134.98649624083777,189.56645411815282,622.5515289937107,1574.0931547672958,941.6605804402516,1485.210168754717,1422.9182337610064,12.605697,5.459678,676.0731820686246,6046.433666716981
2020,common_soft_wheat,Toledo,3239.0,7.943584442138672,27.16523551940918,11.718722343444824,20.63479232788086,13.714998245239258,4.024350643157959,8.710525512695312,6.37528657913208,8.24107551574707,7.308653831481934,43.6722561755906,28.098099282346897,166.4265124568288,57.68610178582047,249.68086389355037,593.8214479130435,1652.9862152298138,994.4592796770187,1603.4932641242235,1408.879510347826,15.815389,6.994757,545.5638335941371,6253.639717291926
2020,common_soft_wheat,Valencia,2933.0,9.383377075195312,25.15671157836914,11.940414428710938,19.6944580078125,14.751480102539062,4.429318904876709,15.311120986938477,7.088048458099365,11.74044418334961,8.757264137268066,117.04036560073632,29.749114770818196,225.52221046675237,98.18858374149428,261.5203101580296,651.6717803119266,1547.648368440367,966.2724364036699,1556.526350587156,1435.7485383486237,15.946321,9.347243,732.0205847378307,6157.867474091743
2020,common_soft_wheat,Valladolid,4702.0,5.9592814445495605,23.250263214111328,10.20727252960205,17.60334587097168,11.446392059326172,2.843702793121338,9.281291961669922,5.163404941558838,8.59162712097168,6.158594131469727,33.33067427812652,39.03046110204675,162.72672325643626,93.77257750251076,260.6340297189626,497.25916231818184,1618.5913045454545,985.1698034772728,1477.7306397045454,1268.0028705227273,13.318825,6.366203,589.4944658580829,5846.753780568182
2020,common_soft_wheat,Zamora,4079.0,6.105743408203125,22.986549377441406,9.870121002197266,17.04976463317871,11.247719764709473,2.973968505859375,9.391571044921875,5.022334575653076,8.69721794128418,6.183646202087402,38.432360019268735,25.81194993108511,173.4880991546171,102.5200851559639,315.26229697253024,491.8414530535714,1616.0507257142858,961.4941109464286,1463.2808400000001,1253.2460588214285,13.084603,6.408731,655.5147912334651,5785.913188535715
2020,common_soft_wheat,Zaragoza,2610.0,7.396059989929199,24.44675636291504,11.093778610229492,18.972286224365234,12.916921615600586,3.157594680786133,11.152730941772461,5.878853797912598,10.344987869262695,6.780002593994141,68.37484944262047,24.70631185467256,201.59775911049638,122.92258937625175,212.2953503375992,576.046380319149,1592.3739949787234,938.9597010106384,1470.1388647978724,1392.0731892765957,14.623787,7.349029,629.8968601216403,5969.592130382979
2020,common_soft_wheat,Álava,7000.0,6.446958541870117,19.10763931274414,9.370513916015625,15.176572799682617,11.146421432495117,3.6062748432159424,13.011842727661133,6.004899024963379,10.859498977661133,7.26171350479126,82.68664181758376,55.06340142690084,214.54944409342374,144.4644318573615,380.0828171670437,466.43476794117646,1327.3368999411764,879.084732117647,1278.5826351764706,1146.3901233529411,12.065755,8.000991,876.8467363623135,5097.829158529412
2020,common_soft_wheat,Ávila,4206.0,5.730421543121338,23.00589942932129,8.400528907775879,16.495450973510742,10.598899841308594,1.3965442180633545,7.313182353973389,4.2831130027771,7.456837177276611,4.931407928466797,49.13203496010188,22.71709838698068,234.5640246293631,81.0921499104385,344.58425708420305,578.2374977349398,1639.3699403373494,951.9549910361446,1536.7833619036144,1360.3258651566264,12.4716835,5.052082,732.0895649710872,6066.671656168674
2021,common_soft_wheat,A Coruña,3110.0,8.76535415649414,17.817718505859375,10.693329811096191,14.131715774536133,13.042243003845215,6.360485076904297,14.284698486328125,6.932463645935059,10.841388702392578,10.239055633544922,414.068814961307,59.93243793514837,125.63365246014423,189.49419202000263,586.8780056970666,394.7487782650602,1325.506958626506,1033.445199192771,1342.387472746988,1106.6804460963856,12.915433,9.816192,1376.0071030736688,5202.768854927711
2021,common_soft_wheat,Albacete,2300.0,6.179764747619629,25.74858856201172,10.11859130859375,18.85316276550293,12.749757766723633,1.9751802682876587,9.679488182067871,3.792081832885742,8.467575073242188,5.584312438964844,103.12683703707111,33.07682319507003,106.33683354854584,107.98110310723705,131.8816694799931,599.476145083871,1623.1921116,1095.5625886,1575.2683053032256,1565.9690343612904,14.399937,5.8471584,482.4032663679171,6459.468184948387
2021,common_soft_wheat,Alicante,2593.0,10.34141731262207,26.053905487060547,12.372711181640625,20.194664001464844,15.941762924194336,4.267167568206787,16.332103729248047,7.530991554260254,12.354389190673828,8.881784439086914,66.62518658449775,25.807590134572564,145.25299192520612,92.1509097354454,78.70576793007683,643.2956831578947,1566.2811303859648,1091.6523354736842,1572.2510367368423,1598.3172904561402,16.807703,9.708037,408.54244630979866,6471.797476210526
2021,common_soft_wheat,Almería,1212.0,9.200257301330566,25.666179656982422,11.721366882324219,19.458314895629883,14.744817733764648,3.1518688201904297,13.023889541625977,6.029642105102539,10.095614433288574,7.721324443817139,80.27991302484689,12.748870060952424,130.31204761044924,82.97927059752996,84.80398315953654,690.4159482325581,1632.3968054186048,1162.9401664651164,1643.8879824186047,1674.6417126976744,15.9226265,7.9572773,391.12408445331505,6804.282615232558
2021,common_soft_wheat,Asturias,2000.0,5.95129919052124,16.706722259521484,8.276117324829102,12.816854476928711,10.732828140258789,2.867326259613037,13.549755096435547,4.752156734466553,9.869279861450195,7.755488872528076,308.0088835923568,96.12041954735051,133.22115948822187,281.82159688161767,556.9024452624113,409.16514118260875,1367.9759025739131,982.4872935913044,1238.927870678261,1148.546198626087,10.869441,7.7582493,1376.0745047719581,5147.102406652174
2021,common_soft_wheat,Badajoz,2970.0,8.82611083984375,27.06686782836914,13.907828330993652,21.01679801940918,15.529651641845703,5.352447509765625,9.728079795837402,6.308833122253418,8.34764289855957,8.153098106384277,132.40477405541708,4.99215734484356,69.06265433332217,35.8592830406768,220.85754038739418,535.613992375,1705.9251122410715,1135.1064274464284,1609.1435892857144,1466.8624964910714,16.979485,7.6738663,463.1764091616538,6452.651617839286
2021,common_soft_wheat,Barcelona,4402.0,6.0959014892578125,22.26729965209961,9.480741500854492,17.28696632385254,11.720186233520508,2.933018207550049,15.678194999694824,5.06225061416626,11.713325500488281,7.930829048156738,93.34434107471915,99.52753903374952,129.33847503101123,120.52721372492174,257.43948617262,528.7352407529412,1378.0315292705882,1029.1733523882353,1400.3517667294118,1316.705187882353,13.095214,8.541408,700.1770550370217,5652.9970770235295
2021,common_soft_wheat,Burgos,4922.0,4.523270606994629,19.08020782470703,7.399505615234375,14.044986724853516,9.826569557189941,1.6528865098953247,9.90003490447998,2.5025906562805176,8.216771125793457,5.280720233917236,174.93350072000538,37.35502670364443,103.12725322971157,143.87875958361656,272.7773601385503,425.8434082091503,1492.15195075817,1004.383020124183,1355.3677404313726,1199.2791110196079,10.783519,5.4722877,732.0719003755282,5477.025230542484
2021,common_soft_wheat,Cantabria,2800.0,6.28763484954834,16.82251739501953,8.3589506149292,13.364157676696777,11.013888359069824,3.071901321411133,13.475679397583008,4.300987243652344,10.141929626464844,7.521404266357422,221.49682475870304,127.5962113792246,141.99764137701555,228.02300640236245,454.7429193605076,411.29235701818175,1233.795751309091,932.7993268545454,1174.3027462545456,1166.2896698545455,11.143506,7.672218,1173.8566032778133,4918.479851290909
2021,common_soft_wheat,Castellón,2146.0,7.774003028869629,23.016155242919922,10.063705444335938,18.092140197753906,13.295880317687988,2.6702377796173096,15.670358657836914,4.700636863708496,11.272529602050781,7.1057024002075195,80.17292054774056,125.47550896103954,143.41972921431903,90.24100467604651,201.9423346960209,594.4087780281691,1463.9079448169014,1055.8627713521128,1443.5764749577465,1481.3332786197182,14.256294,8.087528,641.2514980951665,6039.089247774647
2021,common_soft_wheat,Ciudad Real,3178.0,6.981863975524902,27.563373565673828,12.048885345458984,20.71421241760254,13.74108600616455,3.1226346492767334,6.937047004699707,4.020898342132568,6.759189605712891,5.99897575378418,137.36860739329217,15.05342162398256,90.62336583428407,36.529304715292305,183.73467734841068,572.499549722488,1692.844391244019,1140.2908896842105,1609.3686989473686,1505.4879318277513,15.798417,5.472954,463.30937691526174,6520.491461425838
2021,common_soft_wheat,Cuenca,2948.0,4.646817207336426,24.293689727783203,8.971280097961426,17.498428344726562,11.168609619140625,1.365997314453125,8.690109252929688,2.5688462257385254,7.8121747970581055,4.861565589904785,153.75685424066108,31.632523819156315,103.57616498337492,97.16989327772805,195.03166692250448,550.7817704347826,1643.9397313043478,1090.2964640869563,1534.588465619565,1462.1293493043477,12.957906,5.02671,581.1671032434249,6281.735780749999
2021,common_soft_wheat,Cáceres,2489.0,7.959301948547363,26.379772186279297,12.885433197021484,19.974559783935547,14.45053482055664,4.482412338256836,9.303478240966797,5.8615217208862305,8.765138626098633,7.778583526611328,188.0098184973981,4.743151540782723,100.6235366922589,56.35023820805998,363.74462352112425,517.9861994929577,1688.172617258216,1130.1442129953052,1554.4664713708921,1408.1482876056339,16.01669,7.3282857,713.4713684596239,6298.917788723004
2021,common_soft_wheat,Cádiz,2655.0,11.602802276611328,25.63855743408203,14.938636779785156,20.945173263549805,17.318485260009766,8.3193359375,15.766680717468262,9.72447395324707,12.323737144470215,11.715662002563477,219.1574644471558,1.4327935594352106,95.59392420506813,22.593464181456767,229.73894284392748,627.5322676056338,1684.346670028169,1200.562083830986,1660.291018309859,1639.769666169014,17.960356,11.594258,568.5165892370434,6812.501705943662
2021,common_soft_wheat,Córdoba,2558.0,8.945674896240234,28.18141746520996,14.006402969360352,21.795604705810547,15.600196838378906,5.186163425445557,10.39932632446289,6.1326446533203125,8.644854545593262,8.097888946533203,145.54938360282353,5.904175730219244,78.64262081640108,30.781772278462135,200.53476989695002,585.5300654,1706.8001819571427,1159.1772911714284,1653.9293601142858,1535.4202058,17.354916,7.759794,461.412722324856,6640.857104442857
2021,common_soft_wheat,Gipuzkoa,5430.0,7.506411552429199,17.49433708190918,9.391399383544922,14.446374893188477,12.117234230041504,4.539781093597412,14.5077543258667,4.612412929534912,11.30012321472168,8.589941024780273,286.32139818234873,98.7541011273861,127.05412243713032,304.86699684099716,583.3377258235757,373.67124963636365,1209.100826090909,962.5992338181818,1160.518620090909,1123.6422979090908,12.178832,8.689992,1400.3343444114382,4829.532227545455
2021,common_soft_wheat,Girona,4533.0,6.273637771606445,21.800846099853516,9.542280197143555,17.139820098876953,11.856440544128418,2.968592405319214,15.58736801147461,4.600402355194092,12.037703514099121,7.960939407348633,101.75104825027654,133.8939425669244,116.71926313247837,185.63587883847657,328.9556270876869,509.2396428852459,1323.0443195081966,1033.0636584590166,1322.3376124918032,1272.245525770492,13.078244,8.519324,866.9557598758428,5459.930759114754
2021,common_soft_wheat,Granada,1574.0,6.6693549156188965,25.484811782836914,10.390546798706055,18.348499298095703,12.75949764251709,1.6867526769638062,8.417245864868164,3.534703016281128,7.266345977783203,5.239505767822266,130.76412690332694,13.432466248559312,116.82391981422438,83.70221079181331,148.109058084414,659.316927379845,1666.4547835968992,1164.9536825426358,1650.609098387597,1643.3951882170543,14.402035,5.2306767,492.83178184233793,6784.729680124031
2021,common_soft_wheat,Guadalajara,3496.0,3.768791913986206,22.801307678222656,8.090723037719727,16.019351959228516,10.02413272857666,0.5271801352500916,7.357172012329102,1.5928876399993896,7.113110542297363,4.138904571533203,137.1457600546634,31.82103416922055,118.03242810410777,113.53742916471376,222.30937516032242,522.8104238425198,1635.5547622204722,1084.9387253149607,1488.4531464251968,1350.1827561259843,11.788074,4.1446934,622.8460266530279,6081.939813929133
2021,common_soft_wheat,Huelva,3798.0,10.603630065917969,26.89229965209961,15.340765953063965,21.483936309814453,16.987329483032227,7.122598648071289,12.628861427307129,8.454451560974121,10.253035545349121,10.259467124938965,126.73482988832089,1.1936586506769973,70.8555846019433,26.807775071893747,230.47297779270087,577.9529185,1705.378696596154,1167.7161046153847,1645.6049022115385,1556.8000677500002,18.049215,9.829647,456.0648260055358,6653.452689673077
2021,common_soft_wheat,Huesca,3505.0,4.0403242111206055,21.652118682861328,8.231173515319824,16.036287307739258,9.892990112304688,0.7174817323684692,10.979947090148926,1.7835347652435303,8.0424165725708,4.7552409172058105,157.74581866080945,68.97189914774611,108.38352088674286,148.87075526721378,297.7950723248826,512.6174015857988,1501.856821704142,1095.6968553550296,1437.8325157514791,1368.4346854674557,11.624314,5.1723104,781.7670662873949,5916.438279863905
2021,common_soft_wheat,Illes Balears,1890.0,12.00753402709961,25.99117088317871,13.645694732666016,20.846759796142578,17.77488136291504,7.587892532348633,18.86661720275879,8.679136276245117,14.935617446899414,12.437105178833008,69.17294419504876,15.477212111790513,62.126456858113755,64.39981899982276,175.3953702519106,626.6860037209302,1551.8322369767443,1152.0213930232558,1563.4310165581396,1473.194839162791,18.00682,12.490579,386.5718024166864,6367.165489441861
2021,common_soft_wheat,Jaén,2275.0,7.504377365112305,27.798080444335938,12.274707794189453,20.67743682861328,14.157072067260742,3.299023151397705,7.9714250564575195,4.4395551681518555,7.451851844787598,6.122623443603516,176.77387908299764,15.505328270368693,88.18549274669753,55.702969189926435,193.52375815135463,593.8570430222222,1683.7627859111112,1153.9727535703705,1628.960493274074,1558.4151875407408,16.09479,5.901184,529.6914274413449,6618.968263318518
2021,common_soft_wheat,La Rioja,4698.0,4.606973648071289,18.975475311279297,7.262115478515625,14.294229507446289,9.918933868408203,1.406355619430542,10.903331756591797,2.308145523071289,8.63952922821045,5.082502841949463,157.13873883164845,48.06130010577348,129.35573724026864,195.00385093918214,237.76471757430295,460.9807858461538,1474.1824224615384,994.480888,1371.0284938461539,1235.0258697692307,10.829444,5.5703945,767.3243446911756,5535.698459923077
2021,common_soft_wheat,Las Palmas,1034.0,16.613460540771484,21.983320236206055,17.829666137695312,19.55426025390625,20.448333740234375,11.309022903442383,16.846172332763672,12.168327331542969,13.848007202148438,14.954851150512695,42.131363427168445,6.430372074932644,18.909307610782747,7.3530937652838855,51.323085070244574,894.5618502105262,1602.4260905263159,1392.385308105263,1567.3244518421052,1981.2644352105262,19.479563,14.013538,126.1472219484123,7437.962135894737
2021,common_soft_wheat,León,3100.0,3.216435670852661,18.630229949951172,7.364774227142334,13.128303527832031,8.990134239196777,0.6953895092010498,9.361982345581055,2.139354944229126,7.175965309143066,5.0543975830078125,230.32323988531368,29.652883530438288,98.98034930901031,157.5789482104296,397.8042225582751,422.538189132948,1525.523960751445,1020.9867377861272,1356.8081395953757,1189.8853396647398,10.053335,4.9135814,914.339643493467,5515.742366930635
2021,common_soft_wheat,Lleida,4559.0,3.727170944213867,20.922950744628906,7.742683410644531,15.800273895263672,9.443769454956055,0.21350526809692383,12.030170440673828,1.794271469116211,8.31038761138916,4.792762279510498,113.85007467004988,102.9436781042152,107.21676300587478,137.89829096330536,225.84281207897044,529.7945288,1464.3342339703704,1087.4445348074073,1443.0081579703701,1360.3257852444444,11.180103,5.32231,687.7516188224157,5884.907240792592
2021,common_soft_wheat,Lugo,2650.0,6.462436676025391,17.520076751708984,9.127400398254395,13.336660385131836,11.177152633666992,4.080089092254639,13.228849411010742,5.290262222290039,9.774742126464844,8.390979766845703,400.2245277971835,56.15360263714919,120.166162939222,202.1001733788499,565.3401350910599,383.9512216216216,1357.6965739459458,1014.4173866036036,1293.0963487387387,1105.519727981982,11.466813,8.192651,1343.9846018434646,5154.681258891892
2021,common_soft_wheat,Madrid,3199.0,5.095373153686523,24.947872161865234,10.061300277709961,18.34795379638672,11.740438461303711,1.7313158512115479,7.678713798522949,3.1691091060638428,7.415504455566406,5.4901275634765625,123.05468371681783,19.895608941028858,107.8778507887632,64.62762755121308,250.33727147387364,533.3421028505747,1671.0478443448276,1096.801248873563,1546.8061814252874,1388.5828753333333,13.655562,5.162483,565.7930424716966,6236.580252827586
2021,common_soft_wheat,Murcia,1923.0,9.143879890441895,26.148361206054688,12.065430641174316,19.960391998291016,15.006326675415039,3.4875099658966064,14.313018798828125,6.441497802734375,11.198196411132812,7.939390659332275,71.82995358768818,14.262992761831367,114.90279669677261,101.94309067409651,82.19088709341213,645.3450864424779,1600.7159528141594,1094.1766153893805,1599.9939602123893,1626.7051028141593,16.221786,8.553167,385.1297208138008,6566.936717672566
2021,common_soft_wheat,Málaga,2354.0,9.844383239746094,25.512840270996094,12.992948532104492,19.635269165039062,15.346757888793945,6.301510334014893,13.825807571411133,8.042078018188477,10.962202072143555,9.846338272094727,180.67108730094074,4.115404289222182,124.71726438443955,28.989403566371088,210.8306985179039,648.335133479452,1679.9503964931505,1153.6677092054792,1656.3464013972603,1635.4846666849314,16.446493,9.804046,549.3238580588775,6773.784307260274
2021,common_soft_wheat,Navarra,4505.0,5.966966152191162,19.409164428710938,8.73327350616455,15.420656204223633,11.038219451904297,3.0317182540893555,12.897154808044434,3.1866424083709717,9.746604919433594,6.669914245605469,183.9650984293428,58.58754713036891,84.30545040142948,187.90991448636714,353.99574431571466,425.13516500000003,1360.4888229482758,1005.6557117586207,1298.324604310345,1208.7195681206897,11.934417,7.0336585,868.763754763223,5298.323872137931
2021,common_soft_wheat,Ourense,2825.0,5.2926025390625,18.567047119140625,9.131945610046387,13.779805183410645,10.559860229492188,3.0406723022460938,11.867249488830566,4.477197170257568,8.911630630493164,7.130040168762207,393.01154154463654,34.74261697277993,134.8030460390109,165.34402580653565,519.8653378033939,397.6946855696202,1485.4587793164555,1027.6202520886077,1388.2843163544303,1152.947834607595,11.3151865,7.0928054,1247.766568166357,5452.0058679367085
2021,common_soft_wheat,Palencia,4190.0,4.1501922607421875,19.789989471435547,7.782658576965332,14.484189987182617,9.730449676513672,1.3809585571289062,9.030451774597168,2.2055490016937256,7.449679851531982,5.275001525878906,153.99300995301664,26.72672488197182,74.9922527570403,112.88695394724942,266.2698438850681,428.7871379775281,1542.1071025393258,1048.7022565393258,1395.319908044944,1214.2243648988763,10.944655,5.1027737,634.8687854243462,5629.14077
2021,common_soft_wheat,Pontevedra,2315.0,7.9343366622924805,18.375640869140625,10.766183853149414,14.661123275756836,12.556660652160645,5.668589115142822,13.999887466430664,6.878427982330322,10.861215591430664,9.603495597839355,497.70794684688246,53.55729432900746,156.1444076510767,196.05392935375374,641.8301804562409,410.80066624999995,1408.5291194583333,1043.9669038333332,1406.1912858333335,1137.1211925416667,12.8084345,9.435852,1545.2937586369615,5406.609167916667
2021,common_soft_wheat,Salamanca,3469.0,5.487736225128174,22.492900848388672,9.73426628112793,16.39408302307129,11.412127494812012,2.3255727291107178,8.554339408874512,3.4663913249969482,7.560579299926758,5.897008419036865,175.8916209864437,8.73845598471344,97.04788528662876,91.58095715637494,312.78823992363493,488.438365924812,1669.9770721954887,1118.6537176842103,1513.669794451128,1342.333388150376,12.822207,5.616816,686.0471593377957,6133.072338406015
2021,common_soft_wheat,Santa Cruz de Tenerife,924.0,14.57795238494873,21.141956329345703,15.61632251739502,18.081859588623047,18.504730224609375,10.043243408203125,15.375356674194336,10.94074535369873,12.84345531463623,13.67866039276123,97.68489304929972,9.396781760985807,35.47690995782614,14.212518090382218,114.50612198499341,907.658679,1643.381455,1417.164957,1624.9800026666667,1973.280222,17.737925,12.76002,271.27722484348726,7566.465315666666
2021,common_soft_wheat,Segovia,3466.0,4.102280616760254,21.993240356445312,8.134096145629883,15.571146011352539,10.09078311920166,0.9385841488838196,7.113452911376953,2.036722183227539,6.904879570007324,4.489963054656982,157.20122342360645,21.190412650742616,107.76505620836429,113.95497014491181,254.30722938399566,500.4829965263158,1646.9219372631578,1108.2177475789474,1501.7791664210527,1323.8428457105265,11.663722,4.3289275,654.4188918116208,6081.2446935
2021,common_soft_wheat,Sevilla,3142.0,10.603785514831543,27.808732986450195,15.383749961853027,22.353168487548828,17.149166107177734,6.843570709228516,13.33737850189209,8.045466423034668,10.441247940063477,9.781586647033691,142.2931577622051,1.3052699519259836,83.2598775667204,19.8634280423883,206.07653550362923,596.1425153239436,1704.1770993239438,1177.5080696056339,1656.2718763943662,1574.0494636056337,18.40796,9.705139,452.798268826869,6708.149024253521
2021,common_soft_wheat,Soria,4121.0,3.492117404937744,20.999998092651367,7.231375217437744,14.70095157623291,9.401844024658203,0.4973192811012268,7.643953323364258,1.1716678142547607,7.110411643981934,4.014104843139648,139.03877283188336,29.740333159372472,117.7369518572824,144.62275148483744,210.81065737050875,491.64425442105266,1594.2108936491227,1074.7474685789475,1447.514209350877,1280.481750877193,10.871356,4.0752606,641.9494667038845,5888.5985768771925
2021,common_soft_wheat,Tarragona,4348.0,8.317907333374023,24.22695541381836,11.4174165725708,19.632774353027344,14.301400184631348,4.289166450500488,15.866792678833008,5.275899887084961,11.323005676269531,8.504321098327637,86.65428956728132,68.55324755727298,91.43805494005719,60.603678009339745,137.25474085126604,552.4619288888889,1446.382860190476,1070.8154733968254,1479.9437825079365,1426.9239262222222,15.366309,8.960584,444.5040109252173,5976.527971206349
2021,common_soft_wheat,Teruel,3220.0,4.54305362701416,21.923786163330078,7.712272644042969,16.016357421875,10.258991241455078,0.37883079051971436,9.985563278198242,1.4017471075057983,7.764321327209473,3.9499878883361816,96.50162778185597,66.42858976987922,125.34792705114532,109.90765434578529,160.14731152383786,580.9827304654088,1548.8654990440252,1075.5069904150944,1469.7526543396225,1447.6911796855345,11.785576,4.5717397,558.3331104725037,6122.799053949686
2021,common_soft_wheat,Toledo,2295.0,6.467010021209717,26.630741119384766,11.47343635559082,19.995563507080078,13.146105766296387,2.909684896469116,7.707501411437988,4.227910041809082,7.502973556518555,6.382656097412109,132.92251768319503,14.186948190576263,91.91193881242171,42.959031347902666,221.32817557879855,563.4508890186336,1693.0479738757763,1123.9995943105591,1580.7404721118014,1450.9540568198759,15.143161,5.85223,503.3086116128942,6412.192986136646
2021,common_soft_wheat,Valencia,3200.0,8.292314529418945,24.93899154663086,10.948381423950195,19.2911434173584,14.228678703308105,3.2668492794036865,14.931379318237305,5.606660842895508,11.27336311340332,7.491529941558838,76.2971919873439,55.693656346119866,140.80787065652532,98.95940865562596,159.58743839499056,605.3738918899082,1526.0893769174313,1047.3843800183486,1504.9793802201834,1538.1544124770644,15.321364,8.343553,531.3455660406056,6221.981441522936
2021,common_soft_wheat,Valladolid,3778.0,5.346221923828125,22.60051727294922,9.373266220092773,16.642608642578125,11.098319053649902,2.0792651176452637,7.768618583679199,2.7356152534484863,7.403061866760254,5.551272392272949,128.88173880360344,7.311704035636715,85.0296244724569,95.06675241955301,223.97813331132585,464.51139468181816,1660.266711840909,1114.8150675340908,1501.3670493863638,1293.4940155454547,12.693208,5.1815176,540.2679530425759,6034.4542389886365
2021,common_soft_wheat,Zamora,3751.0,5.134055137634277,21.757389068603516,9.29426383972168,15.937801361083984,10.954742431640625,2.090057373046875,8.310830116271973,2.9432504177093506,7.217838764190674,5.762612342834473,162.93420539051294,8.61628228479198,103.92264691075044,101.09012829565576,292.95420441137895,445.80610375000003,1659.1233330535715,1086.9204332946429,1492.2515539285714,1273.5242777142857,12.338833,5.3478665,669.51746729309,5957.625701741072
2021,common_soft_wheat,Zaragoza,2610.0,6.673647880554199,23.756683349609375,10.297188758850098,18.429779052734375,12.288691520690918,2.7446699142456055,10.943634033203125,2.6410579681396484,8.557559967041016,5.98750114440918,105.50163379628607,23.67897970158052,67.13445205106697,92.18199935000628,180.3844321620591,527.8292715744681,1553.9395545319148,1083.4827301063829,1472.4619532659576,1382.8390103829786,13.95578,6.143654,468.8814970609989,6020.552519861702
2021,common_soft_wheat,Álava,6700.0,5.780052661895752,17.531574249267578,7.922860622406006,13.964522361755371,10.64132022857666,2.9362235069274902,13.02206039428711,3.504317283630371,9.92372989654541,6.731245994567871,185.12313060199514,51.56861212849617,110.24666982187944,204.90635169604244,346.59531722349277,406.3382685882353,1300.8941607058823,934.9180354705882,1225.6842249411766,1168.7925402941178,11.080276,7.1414704,898.440081471906,5036.62723
2021,common_soft_wheat,Ávila,3196.0,3.968761444091797,22.09215545654297,8.12100601196289,15.566826820373535,10.164608001708984,0.461212158203125,6.716845512390137,2.236480712890625,6.483767509460449,4.359231948852539,172.3725451259728,23.347789691155214,118.61911029090365,93.99266508616597,335.8835572176669,542.404434313253,1674.3969187710843,1109.300042120482,1520.7206001204818,1389.3497250602409,11.679661,4.102795,744.2156674118645,6236.171720385542
2022,common_soft_wheat,A Coruña,3155.0,8.617923736572266,19.880477905273438,10.229299545288086,15.623647689819336,13.131271362304688,5.903719902038574,15.67955493927002,7.107071876525879,12.546101570129395,10.494723320007324,105.61965605149786,42.961872307830546,240.08659748284214,160.94695820434984,436.8230824743409,488.3190997108434,1433.9805369156627,949.4480030481927,1266.6078039036145,1152.7103660843372,13.435649,10.370982,986.4381665208613,5291.06580966265
2022,common_soft_wheat,Albacete,1750.0,6.810477256774902,26.715831756591797,9.234121322631836,21.46576499938965,12.758648872375488,0.05259715020656586,10.168516159057617,4.49427604675293,7.226313591003418,6.970480918884277,22.35671919512172,26.115495762228967,242.65648846164828,40.55120961050834,201.08177905832568,665.0905278451613,1640.5126928,952.8880838258065,1695.3948559483872,1498.496505232258,14.957249,5.9804444,532.761692087833,6452.382665651613
2022,common_soft_wheat,Alicante,1362.0,9.968009948730469,27.061443328857422,12.090764999389648,22.10582733154297,15.850455284118652,3.3039321899414062,16.29182243347168,7.555692672729492,12.378385543823242,10.566404342651367,21.84173771477582,13.554864173657016,314.37878901498357,50.45523375220466,261.19785407525404,658.9481912280702,1594.0941976842105,996.1959832105264,1674.0999803157895,1494.8234731754387,17.154493,10.11044,661.4284787308751,6418.1618256140355
2022,common_soft_wheat,Almería,1074.0,9.112777709960938,25.914464950561523,10.959571838378906,21.408004760742188,14.979475021362305,2.0412702560424805,13.696981430053711,6.176904678344727,9.375123977661133,8.327596664428711,31.3005924408519,12.22721912778459,300.55079823593763,47.1820373847041,96.02221902763081,709.7303414418604,1660.1478453720931,1064.2208023488372,1701.1428499767442,1653.736544139535,16.225628,7.990912,487.28286621690904,6788.97838327907
2022,common_soft_wheat,Asturias,1900.0,5.989076614379883,18.81760025024414,8.063719749450684,14.648649215698242,10.736863136291504,2.790922164916992,15.315462112426758,4.861576080322266,11.564167022705078,7.921785831451416,97.3384081778319,132.42861450755078,267.12806798686154,247.1127237133358,586.5290163371874,503.59353986086956,1386.437481373913,964.4627914,1310.0356941391306,1105.4529242,11.4987955,8.395949,1330.5368307227673,5269.982430973913
2022,common_soft_wheat,Badajoz,2771.0,9.85698127746582,29.347450256347656,12.48788833618164,23.14008903503418,15.507427215576172,3.385929584503174,9.439657211303711,6.043426513671875,8.617623329162598,8.546515464782715,19.027318388589524,2.68482405746285,169.7883589054857,9.812394268860642,202.75102885014246,682.2953857678572,1714.4070485357142,1025.4697586160714,1650.2217856160714,1540.6384270625,17.64121,7.4299445,404.06392447054117,6613.032405598215
2022,common_soft_wheat,Barcelona,3032.0,6.238414764404297,24.269309997558594,9.766654968261719,19.99120330810547,12.053155899047852,1.8278294801712036,16.736530303955078,5.353446960449219,12.616636276245117,8.622148513793945,42.29590457747965,156.85336265143226,209.13295440393335,102.78796471988454,301.085543426696,582.4200343529412,1457.7453742117648,932.0082697058824,1550.9114758117646,1255.4792322235294,14.061982,8.963123,812.1557297794258,5778.564386305882
2022,common_soft_wheat,Burgos,3310.0,4.027731418609619,22.066925048828125,7.136844635009766,16.87578582763672,9.920064926147461,0.02756655216217041,10.380585670471191,2.911909341812134,8.540119171142578,5.630814075469971,42.62212777137756,28.466780434879993,177.98043123725193,62.89683416914316,293.0224553401174,542.3474504313725,1525.4007337124185,915.7552732745098,1430.299670980392,1181.0620223071896,11.657903,5.520302,604.9886289527701,5594.865150705882
2022,common_soft_wheat,Cantabria,2200.0,5.7931060791015625,19.626102447509766,8.516277313232422,15.438682556152344,10.960504531860352,2.5105395317077637,14.694786071777344,4.784762859344482,11.59019660949707,7.997924327850342,89.58143996217035,101.6950914019888,239.04918748682195,186.90050009814175,581.020831951228,502.5118134545454,1342.336467272727,915.7447005272727,1257.6836243272728,1080.9198767454545,11.88253,8.262689,1198.247050900351,5099.196482327273
2022,common_soft_wheat,Castellón,1501.0,7.692743301391602,24.78656768798828,10.017430305480957,20.018474578857422,13.1748685836792,0.9002406001091003,15.733053207397461,5.543798446655273,12.620094299316406,8.531877517700195,18.363119095721295,91.75960076862657,315.05641518848046,101.47092691357706,302.01726024209614,631.9617777464789,1520.2823206760563,940.1235976760563,1604.9457174929578,1378.1544369154929,14.810825,8.643491,828.6673222085016,6075.467850507042
2022,common_soft_wheat,Ciudad Real,2284.0,7.76822566986084,29.039216995239258,10.505254745483398,22.712608337402344,13.874664306640625,1.2707258462905884,7.4366068840026855,4.826594352722168,6.350494384765625,6.571889877319336,27.483546747117522,15.161898302671869,201.37334510013818,14.673621436625577,199.74551794146808,684.3486934736842,1694.7772827751196,991.6727051818182,1701.2062462870813,1521.7159574593302,16.295773,5.5047,458.43792952802124,6593.720885177034
2022,common_soft_wheat,Cuenca,1849.0,5.422011852264404,26.15481185913086,8.366771697998047,20.670345306396484,11.387776374816895,-1.0973232984542847,8.819068908691406,3.1190333366394043,5.973403453826904,5.592652797698975,20.860579659959868,33.96465980342549,195.23318181348884,29.35541048362527,259.97038418783444,641.7984014782608,1638.8943943695651,938.9697838152174,1692.5186676956523,1432.6921451195653,13.89825,4.6665816,539.3842159483339,6344.873392478261
2022,common_soft_wheat,Cáceres,2873.0,8.68272590637207,28.87539291381836,11.652181625366211,22.17820930480957,14.46367073059082,2.9635841846466064,9.495412826538086,5.6768083572387695,9.086634635925293,8.268692970275879,20.44042888031879,6.092808607295637,196.85170899310583,15.967023900976763,310.787367840608,656.4060324694835,1690.9552022910798,1000.6234402206572,1591.3618290985914,1469.4537562676055,16.719309,7.2933044,550.139338222305,6408.800260347418
2022,common_soft_wheat,Cádiz,2459.0,12.435646057128906,26.668926239013672,13.830232620239258,21.990840911865234,17.424896240234375,6.953195571899414,15.584684371948242,9.240776062011719,12.383367538452148,11.595876693725586,25.550838253447708,3.3194217683163694,272.477875424103,13.101119528688542,185.4534911622464,731.9633605633803,1666.1670134366198,1096.3195963521127,1698.5937974929577,1661.1748968028169,18.295906,11.225629,499.902746136802,6854.218664647888
2022,common_soft_wheat,Córdoba,2105.0,9.9360933303833,29.55124855041504,12.49759578704834,23.712108612060547,15.737387657165527,3.2761220932006836,10.48855972290039,6.292660713195801,8.367074966430664,8.215840339660645,24.79423018092556,6.007131332741118,193.19778904574258,12.512352650293282,180.54204941732542,696.2786935428571,1714.8359231285715,1041.5980591285715,1706.2286297571427,1578.9346201142857,17.86197,7.4760165,417.05355262702795,6737.875925671428
2022,common_soft_wheat,Gipuzkoa,4000.0,6.589252948760986,20.36072540283203,9.582195281982422,16.56726837158203,11.87182331085205,3.5940356254577637,16.044252395629883,5.871268272399902,13.133874893188477,9.008808135986328,159.8652000427246,114.9857228344137,272.23657073757863,153.70885686982763,668.8917738741094,472.3984796363636,1307.1471188181818,864.4308637272727,1242.2886522727272,1052.6187944545454,12.807181,9.443508,1369.688124358654,4938.883908909091
2022,common_soft_wheat,Girona,3848.0,6.4059600830078125,24.231781005859375,9.822711944580078,19.868444442749023,12.191438674926758,1.5559927225112915,16.8465633392334,5.698966979980469,13.205802917480469,8.249320030212402,45.22745403696279,124.67430979563076,250.14118524457587,111.66215851170118,327.176702572674,583.135459409836,1417.1834617704917,918.7878802786886,1503.129184,1231.9542353934426,14.118629,8.967661,858.8818101615446,5654.190220852459
2022,common_soft_wheat,Granada,699.0,7.28679895401001,25.876239776611328,8.99322509765625,20.52556610107422,12.859637260437012,0.11584874987602234,9.306188583374023,4.062483787536621,6.272058486938477,5.616647243499756,39.697217372729796,20.31003769608431,266.5629908095959,41.85991670803506,129.12095920730007,708.2023607131782,1683.1788904496123,1056.2542551705426,1711.8001660310078,1658.8955525348838,14.733517,5.1649795,497.5511217937451,6818.331224899224
2022,common_soft_wheat,Guadalajara,3196.0,4.457223415374756,25.063186645507812,7.423243522644043,19.300872802734375,10.241317749023438,-2.10617733001709,7.444478988647461,2.155904769897461,5.593243598937988,4.380197048187256,20.67641430682554,30.703075244905442,214.36461550044262,34.04217496174058,219.93462460998475,629.0773047244095,1619.9410332283464,929.4434960866142,1647.7914838582678,1356.914966952756,12.78786,3.641307,519.720904623899,6183.168284850394
2022,common_soft_wheat,Huelva,2803.0,11.930196762084961,27.88705062866211,13.823713302612305,22.96324920654297,17.15393829345703,5.564098358154297,12.787252426147461,7.940103530883789,10.980659484863281,10.310943603515625,19.07085337375219,2.1888548117556357,189.82375999368153,10.82770947782466,205.1121613070942,716.2771945,1702.5563266346153,1085.1945656923076,1667.8061785576922,1634.3752957307693,18.485348,9.649,427.02333896410823,6806.2095611153845
2022,common_soft_wheat,Huesca,2624.0,4.524542808532715,23.919845581054688,8.166011810302734,19.790706634521484,9.93222427368164,-0.7478711605072021,12.134077072143555,2.8691818714141846,8.290779113769531,5.389321327209473,56.748521297817405,119.94492288348238,203.33055140280862,105.71016357354159,326.8973574541377,608.1702361420118,1554.1258721775148,994.8566406804733,1569.0507951360946,1331.216019378698,12.710926,5.554135,812.6315166117877,6057.419563514793
2022,common_soft_wheat,Illes Balears,1700.0,11.266359329223633,27.7334041595459,13.600321769714355,22.49352264404297,17.59761619567871,6.7898736000061035,19.944393157958984,9.21661376953125,15.999204635620117,13.127901077270508,23.895163351539956,34.604584630578756,128.4085942728575,38.466823332531504,329.1636859123097,642.5248480930234,1567.5345328837209,1060.6232466744186,1618.9619827441861,1363.0243528604651,18.381474,13.034314,554.5388514998174,6252.668963255815
2022,common_soft_wheat,Jaén,2079.0,7.926897048950195,28.793485641479492,10.80173110961914,22.609569549560547,14.253313064575195,1.4533933401107788,8.38407039642334,5.095438003540039,6.911214828491211,6.651526927947998,37.60078438145143,15.024605974196284,218.6986705550441,23.431857056970948,236.34674310772508,703.163055762963,1691.4565845185184,1015.0742385111112,1710.1218190962963,1576.7573641851852,16.439718,5.857862,531.1026610753878,6696.573062074074
2022,common_soft_wheat,La Rioja,4636.0,4.164994239807129,21.816314697265625,6.993231773376465,17.137773513793945,9.773383140563965,-0.14939290285110474,11.381950378417969,3.135913610458374,9.207052230834961,5.562464714050293,45.80218831449747,58.28149794615233,218.132449892851,82.93400515042819,326.58611569267055,547.5319336923077,1518.719210346154,905.6069803461538,1444.1051644615386,1185.8697171923077,11.609847,5.783409,731.7362569965995,5601.8330060384615
2022,common_soft_wheat,Las Palmas,1052.0,17.12384796142578,22.64147186279297,17.075149536132812,20.158716201782227,20.109359741210938,10.290191650390625,17.194011688232422,11.068859100341797,14.720251083374023,14.768141746520996,32.96811405804596,7.202263573282644,26.4509857038134,7.0720127676368545,23.746595056825562,921.577588,1576.569915631579,1366.4981922105262,1613.7265598421054,2051.596223263158,19.536318,13.8016,97.43997115960443,7529.968478947369
2022,common_soft_wheat,León,1950.0,4.050625324249268,21.55375862121582,6.475808143615723,15.882744789123535,9.11216926574707,-0.42891961336135864,10.301223754882812,2.174001693725586,7.966699600219727,5.168722152709961,41.94451779437203,40.48988437725802,184.76958772212782,108.92314791110898,328.82638086680043,543.362817549133,1527.2508919075144,947.6899469884393,1408.2565456763004,1173.800182017341,11.031212,5.0584083,704.9535186716673,5600.3603841387285
2022,common_soft_wheat,Lleida,2707.0,4.162335395812988,22.938640594482422,7.8047685623168945,19.119964599609375,9.612775802612305,-1.5636422634124756,13.304874420166016,2.654632091522217,8.865570068359375,5.411444664001465,51.07268247317385,158.65832456129567,183.34224792939645,109.80821728132389,283.6069563028989,604.0615881481482,1502.4615661333332,1001.0109002148148,1557.6982077185185,1313.9012897407408,12.208543,5.680721,786.4884285480888,5979.133551955556
2022,common_soft_wheat,Lugo,2725.0,6.366769790649414,19.97370147705078,8.56976318359375,15.2108793258667,11.226179122924805,3.605172634124756,14.901622772216797,5.364043235778809,11.667428970336914,8.46927261352539,91.28001906689224,56.29550550723667,212.52406838992695,189.54607456009666,436.016427523381,484.8357055135135,1470.1796488828827,928.708207972973,1292.3718599279277,1118.2776562072072,12.095578,8.746136,985.6620950475335,5294.3730785045045
2022,common_soft_wheat,Madrid,2794.0,5.969655990600586,27.074085235595703,9.206703186035156,20.96146011352539,11.84436321258545,-0.3190598487854004,7.840397834777832,3.5896286964416504,6.719893455505371,5.876067638397217,21.655603825532157,21.022670582279392,212.95893504975857,24.396844599096255,223.81769337599306,626.1849819770116,1670.956490551724,959.5744291149426,1660.7990254252873,1403.3135915287355,14.483439,4.9304996,503.8517474326594,6320.828518597701
2022,common_soft_wheat,Murcia,1920.0,9.172699928283691,26.736804962158203,11.43088436126709,21.915000915527344,15.249833106994629,2.1096572875976562,14.717487335205078,6.735363483428955,10.951883316040039,9.243865013122559,21.231400246773145,11.476926230413394,313.4261599304402,45.61082501524845,142.47257898892977,670.7679740176991,1624.7926898938053,994.598440982301,1689.939113522124,1542.6567183097345,16.625843,8.833687,534.2178904118049,6522.754936725664
2022,common_soft_wheat,Málaga,1978.0,10.404086112976074,26.1603946685791,12.008230209350586,21.14727783203125,15.660287857055664,5.466896057128906,14.333216667175293,7.566661834716797,10.781318664550781,9.71473503112793,34.66258733035767,3.004481108789013,291.8373094617504,28.478666429222905,130.07666479724728,692.0690783013699,1696.473374410959,1050.7691369452054,1715.7306331232876,1669.7050679041097,16.840094,9.596261,488.0597091273672,6824.747290684932
2022,common_soft_wheat,Navarra,3748.0,5.200781345367432,22.336090087890625,8.635368347167969,18.428668975830078,10.876221656799316,1.7996121644973755,13.863357543945312,4.578412055969238,10.862221717834473,7.284677505493164,81.67113223877446,90.36389493377044,189.65985337619122,97.7324957133367,422.3416114069264,523.2300913793104,1455.6143550517243,897.6271556551725,1393.9615468965517,1144.188302362069,12.725558,7.6121597,881.7689876689993,5414.621451344828
2022,common_soft_wheat,Ourense,2990.0,5.643510818481445,21.752866744995117,8.021020889282227,15.80749797821045,10.537893295288086,2.0521700382232666,13.342231750488281,4.26901912689209,10.578169822692871,7.351783752441406,57.15783800429936,41.22074444290203,200.2184169081193,162.97315585462354,367.5267589620397,528.5972996455696,1581.2540689367088,932.4517054050634,1373.488692835443,1181.5224458101266,12.050114,7.4908595,829.0969141719839,5597.314212632911
2022,common_soft_wheat,Palencia,3207.0,4.100506782531738,22.475250244140625,7.285318374633789,17.244556427001953,9.85518741607666,-0.1617812216281891,9.903003692626953,2.6550393104553223,7.946394920349121,5.552854061126709,31.15917976317781,22.49905240996165,173.57392658276504,62.476811703336374,256.26996781986753,558.432228,1572.1068502696628,946.7360702359551,1458.177363460674,1200.8522239213482,11.802669,5.241394,545.9789382791084,5736.30473588764
2022,common_soft_wheat,Pontevedra,2320.0,7.854238033294678,21.138723373413086,10.014841079711914,16.145355224609375,12.534912109375,5.0130109786987305,15.724884033203125,6.6040544509887695,12.707855224609375,9.809611320495605,90.28079554190239,30.695942356406402,268.74062629540765,184.54889115194482,469.94405675927794,513.62463075,1536.3218648333334,976.235308,1335.6485074166667,1190.8864923333333,13.370498,9.944838,1044.2103121049392,5552.716803333334
2022,common_soft_wheat,Salamanca,2670.0,5.811076641082764,25.34506607055664,8.788372993469238,18.876848220825195,11.215828895568848,0.660352885723114,8.959043502807617,3.5909197330474854,7.905835151672363,6.40282678604126,17.045839720538684,21.243864609194652,180.99221004220777,37.264752519758126,268.9301763835706,621.8645007218045,1669.0550846466167,973.4644896616542,1531.412975368421,1357.5280539022556,13.542171,5.6536345,525.4768432752699,6153.325104300752
2022,common_soft_wheat,Santa Cruz de Tenerife,1016.0,14.739898681640625,21.409374237060547,15.043569564819336,18.546337127685547,18.358001708984375,9.27769947052002,15.388418197631836,9.93305492401123,13.57697582244873,13.519601821899414,57.53425365810593,12.001258004146319,57.459092485407986,14.177101891487837,78.44841870386153,905.3092026666666,1607.2043904166667,1381.7293476666666,1663.8341528333335,2062.3151943333332,17.742529,12.5358925,219.6201247430096,7620.392287916667
2022,common_soft_wheat,Segovia,2250.0,4.38613224029541,24.605724334716797,7.4172539710998535,18.49777603149414,10.061033248901367,-1.2044501304626465,7.459702491760254,2.2714314460754395,6.5821967124938965,4.763721466064453,30.940832820377853,23.702301387282972,187.2192146683994,43.21270046932133,236.1669403957693,612.634654,1657.6595084210526,962.5976293421054,1590.6154194210526,1324.9144125,12.504826,4.106054,521.2419897411509,6148.421623684211
2022,common_soft_wheat,Sevilla,2075.0,11.75118637084961,28.831558227539062,13.879281044006348,23.80941390991211,17.13070297241211,5.22514009475708,13.234503746032715,7.877653121948242,10.667960166931152,9.94519329071045,17.48332707541929,3.970710935692539,204.88740465842503,9.706858783960342,175.28310716991695,707.3984783943662,1700.199012971831,1062.1926970422535,1686.9274983661971,1617.9073836760563,18.755474,9.482608,411.3314086234141,6774.625070450704
2022,common_soft_wheat,Soria,2171.0,3.8315048217773438,23.60186004638672,6.587338447570801,18.1917724609375,9.404594421386719,-2.052145004272461,7.977267265319824,1.8357088565826416,6.004911422729492,4.254311561584473,22.63456163777594,31.52470140472839,194.72165468910282,44.722809077354896,237.46199500926753,608.5389984210526,1603.9837127192982,925.5772677368423,1582.8161263859652,1294.2753685964913,11.836945,3.712394,531.0657218182296,6015.19147385965
2022,common_soft_wheat,Tarragona,2189.0,8.338587760925293,26.10043716430664,11.399290084838867,21.49041748046875,13.999727249145508,2.192721366882324,17.24532699584961,6.4146223068237305,13.04314136505127,9.55771541595459,11.52563763634553,117.91753257834722,223.8303687723856,77.36762029878676,244.07638403631393,617.8402368253968,1523.9517648253968,970.9876305238095,1589.133232857143,1352.305104904762,15.888031,9.668541,674.717543322179,6054.217969936508
2022,common_soft_wheat,Teruel,1820.0,4.663147449493408,23.599475860595703,7.1979780197143555,18.9805965423584,10.204103469848633,-2.070417642593384,10.822158813476562,2.545088291168213,7.463026523590088,5.066473007202148,14.474593057338172,90.91263319223933,240.85299974567485,80.87076486469064,224.1305161960095,639.1469984402515,1552.3463311194969,923.5325136666668,1618.4365240125785,1388.14663254717,12.4749,4.815467,651.2415070559525,6121.608999786164
2022,common_soft_wheat,Toledo,1896.0,7.043508529663086,28.577880859375,10.36451244354248,22.176517486572266,13.181957244873047,1.277247667312622,7.78730583190918,4.811668395996094,7.185437202453613,6.971604824066162,21.37815577587726,17.899880173351466,196.27205921107938,14.719897262428118,238.6261345888517,650.3781087453416,1684.8636796645965,977.702123347826,1674.3015549440993,1470.0540524658386,15.754388,5.8341446,488.8961270115879,6457.299519167702
2022,common_soft_wheat,Valencia,1711.0,8.186921119689941,26.305130004882812,10.574607849121094,21.125198364257812,14.007086753845215,1.5127313137054443,15.042755126953125,6.118663787841797,12.284993171691895,9.295576095581055,22.880520714669053,40.90523739719609,366.48838986169307,69.78176181223414,304.8055555957173,640.1591142752294,1564.9517157981652,912.3122955504587,1641.9220033211009,1419.328021091743,15.701005,8.92505,804.8614653815097,6178.673150036698
2022,common_soft_wheat,Valladolid,2530.0,4.935000419616699,25.314184188842773,8.732074737548828,19.51526641845703,10.984366416931152,0.20991377532482147,8.468591690063477,3.260572910308838,7.319377422332764,5.983728408813477,18.863664308393545,13.051307520913806,155.69571288607335,33.665485984561116,217.7376756275242,595.4545320454546,1659.47032325,975.6536562727273,1544.855725409091,1285.550717909091,13.410877,5.204319,439.013846327466,6060.984954886364
2022,common_soft_wheat,Zamora,1602.0,5.180668354034424,24.826385498046875,8.54069709777832,18.662452697753906,10.74197006225586,0.4121921956539154,8.891257286071777,3.069427490234375,7.498626708984375,6.17158317565918,17.534538208640047,19.01585801102088,152.27755790948868,51.43517256874058,244.95713250871216,585.3408598214286,1645.3833464285713,965.5284946785714,1502.7343239107142,1272.8544118392856,13.115691,5.3691115,485.22025920660235,5971.841436678571
2022,common_soft_wheat,Zaragoza,1965.0,6.221746444702148,25.905027389526367,9.80246353149414,21.81997299194336,12.126543045043945,0.5456925630569458,12.011539459228516,4.362581729888916,8.50338363647461,6.777010917663574,16.85646157858378,74.24542863571898,166.94237277672647,54.88215703152596,224.73411249321828,614.2431921276595,1583.8206622978723,946.4348667978722,1599.4140614042553,1340.2214310638299,14.667049,6.496203,537.6605325157734,6084.134213691489
2022,common_soft_wheat,Álava,4500.0,4.649501800537109,20.742511749267578,7.881837844848633,16.34821128845215,10.462038040161133,1.9074366092681885,13.890619277954102,4.470180511474609,11.371002197265625,7.278185844421387,73.51891457859207,44.88581846040838,191.98740274765913,84.92728228954708,447.2643421642921,493.24331294117655,1367.0207111176471,873.403141,1284.7530882941178,1084.1608888235294,11.75769,7.6992683,842.5837602404987,5102.581142176471
2022,common_soft_wheat,Ávila,1855.0,4.763537883758545,24.490745544433594,7.10906457901001,17.973691940307617,9.972602844238281,-1.069559931755066,6.8893866539001465,2.4046878814697266,6.64626407623291,4.914792060852051,23.753155975097634,28.67819708074073,232.57436740829286,45.16488669579287,288.2984348750976,633.6151299759035,1676.2674408433736,975.2549436506024,1615.627633060241,1388.6030565180722,12.380375,4.1167274,618.4690420350217,6289.368204048193
2023,common_soft_wheat,A Coruña,3040.0,8.07498550415039,18.834617614746094,11.813864707946777,16.48950958251953,13.9365816116333,4.9531378746032715,14.950139999389648,8.688962936401367,13.067340850830078,11.366937637329102,146.61381327962303,35.547405735914964,99.33620046851146,84.98031564577516,433.80886796296363,240.3413034939759,646.2525763373494,467.5463583795181,686.0013600240964,525.1313036987953,13.847691,10.732243,800.2866030927883,2565.272901933735
2023,common_soft_wheat,Albacete,325.0,5.366358280181885,27.11621856689453,14.295282363891602,18.534046173095703,14.830561637878418,-0.4512957036495209,10.167512893676758,0.5617792010307312,9.554710388183594,7.4009199142456055,13.958060080786385,6.893278177455068,4.093338096213918,83.75314002306231,76.9302320407283,325.8300023612903,853.7297672,686.661615316129,751.9681284387098,769.5658451483871,15.828838,5.772424,185.62804841824598,3387.755358464516
2023,common_soft_wheat,Alicante,290.0,8.927053451538086,27.202926635742188,16.022647857666016,19.906017303466797,17.704267501831055,2.177910566329956,18.371952056884766,5.259954452514648,13.39771842956543,11.421029090881348,15.977596923839627,13.380181023001409,3.009733964672737,92.54262872955256,83.23910188622642,336.8557127368421,812.8856438596491,688.444454877193,776.3371447719298,793.227388631579,17.911196,10.3415985,208.14924252729276,3407.750344877193
2023,common_soft_wheat,Almería,80.0,7.919179916381836,26.617259979248047,15.374914169311523,18.936052322387695,16.680124282836914,1.8111451864242554,14.720649719238281,3.6592044830322266,11.849100112915039,8.856910705566406,18.769540700628312,7.036215326467225,4.445988566809616,99.11461063803628,44.84333814212749,350.71985767441856,844.0182118372093,702.4644976976745,779.3038583953488,860.1276976976744,17.034609,8.29232,174.20969337406893,3536.6341233023254
2023,common_soft_wheat,Badajoz,1103.0,8.406289100646973,28.504981994628906,16.408124923706055,22.30691146850586,17.115633010864258,2.942173480987549,9.169687271118164,4.32636833190918,9.305214881896973,9.966897010803223,16.353237280222984,0.261845186433285,11.256794860686309,39.701013033411336,122.97983708312469,329.99639161607143,870.9903471875,647.5296608415179,781.2590554017856,735.4718528035714,18.309595,7.612873,190.5527274438786,3365.2473078504463
2023,common_soft_wheat,Barcelona,1026.0,5.219854831695557,23.478759765625,11.978839874267578,17.5646915435791,13.64588451385498,0.7490481734275818,17.238693237304688,5.5190935134887695,12.728238105773926,10.12879753112793,33.912488266825676,78.56127594323719,23.05055923089385,108.02616749651293,117.6085357606411,302.80652176470585,740.1575762588235,616.1662581058824,734.8448393882353,683.4849085647058,14.255653,9.415444,361.1590266981107,3077.4601040823527
2023,common_soft_wheat,Burgos,2637.0,2.9033732414245605,20.820232391357422,10.024713516235352,15.224809646606445,11.847066879272461,-0.5008789896965027,10.72320556640625,2.85756254196167,9.190569877624512,6.400729656219482,68.36893953490102,11.808999429085578,25.09252070260593,69.61577380735889,126.51908761360288,253.38124069281042,750.1660714117647,536.5187161732026,700.7760785098039,629.5818505816993,12.111211,5.8453197,301.4053210875543,2870.423957369281
2023,common_soft_wheat,Cantabria,2200.0,4.748636722564697,18.235387802124023,10.34853744506836,14.955364227294922,12.538091659545898,1.5336863994598389,14.58056640625,5.984188079833984,11.651322364807129,8.58287239074707,137.41852113333616,66.16041428636422,56.28228294090792,112.24959641803395,174.69407675591384,240.91049418181817,577.8898491272728,496.8205341363637,642.4649595636363,591.4444765636364,12.227351,8.485918,546.8048915345561,2549.530313572727
2023,common_soft_wheat,Castellón,1590.0,6.243806838989258,24.664730072021484,13.646706581115723,18.39496612548828,14.921666145324707,-0.24956372380256653,16.619924545288086,4.342951774597168,11.130804061889648,10.111146926879883,18.453627115194227,20.747417961260382,5.974267240272651,76.85219073526457,131.82859581457058,328.30301670422534,785.1921642816901,651.708847971831,749.3389924225353,712.7838811267605,15.4655905,8.677735,253.8560988665624,3227.326902507042
2023,common_soft_wheat,Ciudad Real,500.0,6.267961502075195,28.913352966308594,15.103313446044922,20.758981704711914,15.672021865844727,0.8257514834403992,6.335819244384766,1.5260249376296997,8.057130813598633,7.851316452026367,20.62030411500965,1.4351437013099442,9.409548529811453,48.80124000213934,119.50486701598578,329.1139559330144,877.3223434354068,667.2051363827752,775.45305384689,750.2069468325359,17.064608,5.4078937,199.77110336425616,3399.301436430622
2023,common_soft_wheat,Cuenca,800.0,3.8639538288116455,25.97148895263672,12.489437103271484,17.496952056884766,13.264986991882324,-1.4425804615020752,8.523043632507324,0.6105571985244751,8.159650802612305,6.973230838775635,22.912856247883454,4.617840450459524,8.94104346651179,71.11308950088593,140.16393376530513,315.1333155652174,864.368017423913,664.3087695869565,759.9979950326087,715.1600552608696,14.391968,4.966189,247.74876343104583,3318.968152869565
2023,common_soft_wheat,Cáceres,805.0,7.388896942138672,27.603294372558594,14.868417739868164,21.11469268798828,15.893086433410645,2.2690138816833496,9.470748901367188,5.064461708068848,9.770172119140625,9.909161567687988,24.671470271519652,0.14682555727088417,19.798597520575836,51.7109905954258,261.2833378397523,321.7206565539906,865.6439304319249,623.712220455399,765.0690590234742,678.2274349483569,17.126913,7.73212,357.61122178454445,3254.3733014131453
2023,common_soft_wheat,Cádiz,1328.0,11.41356372833252,27.15770149230957,17.285640716552734,21.707809448242188,18.765430450439453,6.627485275268555,15.566226959228516,8.34267807006836,13.409496307373047,13.177072525024414,29.280733738566788,0.19931222006234234,11.54800305735897,44.19229139996247,144.33685720323678,351.2174332112676,857.187674169014,667.9248849295775,799.273886084507,828.9952592676057,19.182596,11.716672,229.55719761918735,3504.599137661972
2023,common_soft_wheat,Córdoba,1120.0,8.557005882263184,29.82480812072754,17.107379913330078,22.414243698120117,17.545373916625977,2.6486005783081055,9.229843139648438,3.798419237136841,9.583337783813477,9.463872909545898,23.600944466250283,0.572492709639898,9.551213239452668,51.49390248996871,109.48655958218234,341.1758094,875.2937707857143,672.2833185285715,780.9597407,781.3852637285714,18.832365,7.3646584,194.70511248749392,3451.097903142857
2023,common_soft_wheat,Gipuzkoa,5000.0,5.794064521789551,19.12531852722168,11.069000244140625,16.041790008544922,13.858301162719727,2.3166143894195557,15.69660758972168,6.768607139587402,12.94066047668457,9.7735013961792,118.64361073754051,72.18956378915094,80.0917714563283,132.36415673385966,209.87121849303895,230.6637150909091,602.9925911818182,472.7114998636364,645.6512412727272,584.620528090909,13.29113,9.544915,613.1603212099184,2536.6395755000003
2023,common_soft_wheat,Girona,2256.0,5.72530460357666,23.1953067779541,11.512750625610352,17.938861846923828,14.034011840820312,0.6912206411361694,16.944690704345703,6.142036437988281,12.167795181274414,9.949991226196289,43.52269343372251,91.81258185012419,50.38220147959521,112.69195165497358,104.37691094543113,294.1404339672131,726.3072683606557,574.2697548688525,739.9103323278689,679.6614271967213,14.406708,9.307621,402.78633936384665,3014.2892167213113
2023,common_soft_wheat,Granada,465.0,5.524342060089111,26.65670394897461,13.873479843139648,17.933197021484375,14.639758110046387,-0.03634077310562134,8.63448715209961,0.9997749924659729,8.7056245803833,6.041654586791992,23.873207923400308,5.85425270548047,6.315583863779326,98.26544485905373,87.37385364927987,353.04639937984496,859.5603917829458,700.3245697674419,764.7921140620155,844.1513491472867,15.544539,5.064476,221.6823430009937,3521.8748241395347
2023,common_soft_wheat,Guadalajara,1799.0,2.8803939819335938,24.503738403320312,11.068696975708008,16.389705657958984,12.032341957092285,-2.030261993408203,7.048272609710693,0.31772667169570923,7.485680103302002,6.008378505706787,29.19080069755006,6.032453888484577,15.162151244270989,64.70994106709487,142.06469322048773,298.91268507086613,853.754136488189,633.8597963622046,756.6671127559056,679.2376901259843,13.151203,4.1396956,257.16004011788823,3222.4314208031496
2023,common_soft_wheat,Huelva,1693.0,10.592991828918457,28.62804412841797,17.696592330932617,23.016407012939453,18.24472427368164,4.969860553741455,11.618024826049805,6.768275260925293,11.487739562988281,12.198033332824707,14.810045527724117,0.07057929399832993,7.110215481191587,35.52746111469773,133.17449971259788,339.47081282692307,866.6771745576923,662.5462111153847,797.6125286923077,781.7609815192307,19.403913,9.873328,190.69280113020963,3448.067708711538
2023,common_soft_wheat,Huesca,1766.0,2.413206100463867,23.13727378845215,10.653202056884766,17.0380802154541,11.797679901123047,-2.2797374725341797,12.207762718200684,2.290024757385254,8.613775253295898,6.97827672958374,52.56865841785127,41.20687637156283,23.3703614224035,83.48451471522715,140.17579999407366,311.48383751479287,800.8820144615385,615.4442729556213,761.992783112426,685.0550394260355,12.806187,5.7980633,340.8062109211184,3174.8579474704143
2023,common_soft_wheat,Illes Balears,1870.0,10.966157913208008,26.89681625366211,15.098331451416016,21.110015869140625,19.535568237304688,6.404111862182617,20.49146270751953,9.764469146728516,15.410249710083008,15.179845809936523,54.77941846223765,35.39406293959812,12.780965869899752,33.703495420169,121.58850226984468,315.49076427906977,810.2484606046511,676.387469627907,801.5778406511629,782.2134400930232,18.857077,13.738331,258.2464449617492,3385.917975255814
2023,common_soft_wheat,Jaén,770.0,6.698718070983887,29.267696380615234,15.44189167022705,20.82439613342285,16.05342674255371,1.1364707946777344,7.085836410522461,2.1024954319000244,8.42501449584961,7.552896022796631,35.53123897578981,2.9635524234165334,9.500713506561738,56.70511672408493,111.25557914751548,338.97280102222226,873.3157812592592,681.0797392,769.9948847555555,793.667720874074,17.389925,5.6426015,215.95620077736848,3457.030927111111
2023,common_soft_wheat,La Rioja,2346.0,2.892383098602295,20.55338478088379,10.289647102355957,15.237344741821289,11.982447624206543,-0.9742971658706665,11.997550964355469,2.837939977645874,9.363123893737793,6.428863525390625,67.49362321083362,25.519121453739128,24.970347069347135,91.91027711618405,112.98313155025244,263.7255633076923,753.6446794615384,552.2630646538462,701.977482,646.112235173077,12.156276,6.0136743,322.87650040035635,2917.7230245961537
2023,common_soft_wheat,Las Palmas,1000.0,16.417587280273438,23.540647506713867,18.92637062072754,21.043609619140625,21.031143188476562,10.520280838012695,18.03743553161621,13.445176124572754,15.464938163757324,16.205385208129883,18.67008397904666,3.3242132716174972,2.436928318262002,7.924318924864852,44.92155278630947,410.65557615789476,740.6925039473684,692.0845645263157,775.0105673684211,1005.2869838947369,20.33175,14.979767,77.27709728010048,3623.730195894737
2023,common_soft_wheat,León,1225.0,2.4967312812805176,19.758981704711914,9.257806777954102,14.591940879821777,10.397503852844238,-1.1119043827056885,10.053262710571289,2.666318416595459,8.353829383850098,6.248674392700195,86.62992865605162,12.846462434663767,31.663223823370963,71.14123887099282,191.22799068396492,266.6565338034682,745.7717216763006,541.4973819913296,707.4963289248556,585.3332276242775,11.150078,5.409809,393.50884446904405,2846.755194020231
2023,common_soft_wheat,Lleida,607.0,2.752753973007202,22.432844161987305,10.52147102355957,16.286527633666992,11.563724517822266,-2.557633876800537,13.501129150390625,2.301395893096924,9.21901798248291,7.051557540893555,33.2688578074729,61.09982485983659,19.855686322516867,97.07375872554603,114.2796923213535,309.7127434962963,778.5371394962963,621.1497954962963,738.841994725926,698.761115762963,12.520175,6.094504,325.5778200367259,3147.0027889777775
2023,common_soft_wheat,Lugo,2480.0,5.384422302246094,18.64388656616211,10.564992904663086,15.457012176513672,12.431086540222168,2.6436774730682373,13.512134552001953,6.712048053741455,11.58232307434082,9.354787826538086,155.98744996281357,33.25598599714739,79.13087281826381,84.74383316920684,326.98795265657407,242.9710640720721,677.4573672432433,482.75054042792794,677.3937454234234,543.215308063063,12.485415,8.85996,680.1060946040056,2623.78802522973
2023,common_soft_wheat,Madrid,1363.0,4.57843017578125,26.519405364990234,13.053853034973145,18.739606857299805,13.572701454162598,-0.47462937235832214,7.227410316467285,1.4656347036361694,8.28149127960205,7.516005516052246,21.499995015818495,1.9211251709473738,12.396539791305175,55.29308155213279,137.23199146300897,302.3624564597701,862.871293724138,647.9196245977012,776.2223445517242,691.7260263678161,15.006116,5.2553196,228.34273299321282,3281.1017457011494
2023,common_soft_wheat,Murcia,420.0,8.077226638793945,27.247074127197266,15.840903282165527,19.674028396606445,16.87942123413086,1.3031494617462158,16.295377731323242,3.793191432952881,12.443962097167969,10.03431224822998,12.792189793381015,8.784164894504094,2.4494202219081664,82.21487239451535,56.01318719666616,339.21857123893807,827.8352785132743,695.1630131681416,766.3259153628319,817.1071447964601,17.433012,8.984052,162.2538345009748,3445.6499230796458
2023,common_soft_wheat,Málaga,800.0,9.291814804077148,27.245464324951172,15.887874603271484,20.150936126708984,17.177082061767578,4.516438007354736,13.913534164428711,6.295731544494629,11.920543670654297,10.643442153930664,25.38414574322635,1.5999469966340607,7.654036389383143,56.7925625214838,102.25259467061251,351.21136386301373,860.1837279452054,679.9128612876713,779.2995040547945,838.5919269041095,17.821709,9.655522,193.68328632133986,3509.1993840547943
2023,common_soft_wheat,Navarra,3903.0,4.040591239929199,21.088804244995117,11.032042503356934,16.607135772705078,13.007882118225098,0.2978905141353607,13.943710327148438,4.675087928771973,10.886151313781738,8.278973579406738,67.70356111999216,31.90299295486304,48.17680363633252,79.32549565285444,137.90861485898495,261.1386258620689,697.7944887758621,526.7242372974138,702.1893156896552,627.4850484913793,13.130723,7.7267976,365.01746822302715,2815.3317161163795
2023,common_soft_wheat,Ourense,3100.0,4.498466491699219,19.382659912109375,10.225059509277344,15.494559288024902,11.834992408752441,1.1204135417938232,12.058917999267578,5.448701858520508,10.375757217407227,8.493968963623047,126.72172144998477,12.266906654674418,70.60922052739542,91.42068516981752,387.23328260681296,266.19153458227845,752.0511316455696,501.43172574050635,704.0231090632911,547.5304854303797,12.211788,7.6652884,688.251816408685,2771.2279864620255
2023,common_soft_wheat,Palencia,2528.0,2.870098114013672,21.34461212158203,10.16369915008545,15.490304946899414,11.546558380126953,-0.6308233737945557,10.037317276000977,2.6971123218536377,8.836288452148438,6.4366455078125,53.04787122466591,8.34879618995101,18.65663951149817,62.404867348376285,138.83958082754958,263.3088355505618,766.7673376629214,546.0912969494382,728.0294253258427,622.2799736067416,12.160305,5.635531,281.297755102041,2926.4768690955057
2023,common_soft_wheat,Pontevedra,2200.0,7.0592145919799805,19.204578399658203,11.621591567993164,16.544321060180664,13.62481689453125,3.945220947265625,14.626699447631836,8.38487720489502,12.763479232788086,11.09093189239502,164.58948328346014,30.460078793888293,121.73002329965432,98.8944337653617,587.515572398901,259.1091421666667,706.8292007083332,481.7820683333333,695.4001328333334,547.3833039166667,13.613224,10.317023,1003.1895915412655,2690.503847958333
2023,common_soft_wheat,Salamanca,2300.0,4.3357954025268555,23.546133041381836,11.609601020812988,17.469009399414062,13.005046844482422,0.3805190622806549,9.208480834960938,3.2454800605773926,8.887749671936035,7.837975025177002,34.98573839216304,1.289630066199032,15.297893419973832,61.82943831059269,204.0324176733655,298.988112556391,855.5131072330828,596.7816785789473,758.3036443007519,639.2035673233083,13.828439,6.23303,317.4351178622941,3148.790109992481
2023,common_soft_wheat,Santa Cruz de Tenerife,965.0,13.639678955078125,22.416210174560547,17.289661407470703,18.892650604248047,18.921680450439453,8.997915267944336,16.513864517211914,11.550527572631836,13.997873306274414,14.780731201171875,37.367034289985895,5.165908802921573,5.522954737922798,21.810995764409505,101.8046479751356,411.10634833333336,761.9526399166667,690.4526193333334,778.3794241666667,971.8590250833333,18.346928,13.43694,171.67154157037535,3613.7500568333335
2023,common_soft_wheat,Segovia,1566.0,2.898172378540039,23.334579467773438,10.557409286499023,16.158971786499023,11.972522735595703,-1.1075198650360107,7.811528205871582,1.3765467405319214,8.028761863708496,6.0226006507873535,43.88535376520534,3.669168530644751,17.933400810156996,59.75029636684217,142.50898388341852,284.7496171578947,848.2560070000001,612.8233597960526,770.5790974210527,676.6852137631579,12.815697,4.6924195,267.7472033562678,3193.093295138158
2023,common_soft_wheat,Sevilla,1234.0,10.502376556396484,29.37994956970215,18.33580207824707,23.24776840209961,18.66469955444336,4.410764694213867,12.361190795898438,5.877716064453125,11.50656795501709,11.616067886352539,16.721399496243873,0.17403179723224244,6.528581651531055,43.73022044775352,97.67757169849855,348.01189856338027,868.0611066760564,669.8211209295774,792.7542917323944,802.5031437605634,19.799215,9.564729,164.83180509125924,3481.1515616619718
2023,common_soft_wheat,Soria,958.0,2.3002805709838867,22.56406021118164,10.240386962890625,15.530288696289062,11.516815185546875,-2.246748447418213,8.517252922058105,0.5523665547370911,7.5169782638549805,5.477323055267334,41.25238716680752,11.579324578016735,16.04679590940737,61.12008918560388,115.34381687562717,290.51083600000004,827.4493437894737,593.380644368421,760.2458209649122,669.4770495614035,12.278108,4.2157493,245.34241371546267,3141.0636946842105
2023,common_soft_wheat,Tarragona,1267.0,6.964695930480957,25.646148681640625,14.216949462890625,19.86855697631836,15.937942504882812,1.4227813482284546,17.19599151611328,5.834460735321045,12.586692810058594,11.389201164245605,25.681325359476936,24.441811655958492,4.894940102738994,61.004527635044525,99.10593933623935,315.2509638095238,766.9112693968253,639.8602700634921,776.1141266349207,695.2997690317461,16.428705,9.969722,215.12854408945827,3193.436398936508
2023,common_soft_wheat,Teruel,796.0,3.0365288257598877,23.39596939086914,11.443094253540039,15.884632110595703,12.318546295166016,-2.6585378646850586,10.92538070678711,0.27898189425468445,7.762478828430176,6.4338555335998535,18.82453758424183,14.494990694166729,6.430025478321239,77.2643693786747,111.23559579515607,319.04018153459117,831.0502791823899,649.4070723773585,734.3613698616352,709.5811014842767,13.066219,4.862669,228.24951893056058,3243.4400044402514
2023,common_soft_wheat,Toledo,379.0,5.937272548675537,28.14727210998535,14.473051071166992,20.276973724365234,15.078819274902344,0.7332196831703186,7.256175994873047,2.215251922607422,8.56153678894043,8.378419876098633,14.804290460873833,0.8095075841085633,12.060155116345571,53.93807317788556,144.40625618129783,316.85649506832294,872.7128198633541,661.3749245590062,773.4117061987578,718.742633826087,16.498701,5.920504,226.01828252051138,3343.098579515528
2023,common_soft_wheat,Valencia,801.0,7.013106346130371,26.6098690032959,15.290182113647461,19.33051300048828,16.09880828857422,0.3776779770851135,16.13330078125,3.3690836429595947,11.942020416259766,10.044386863708496,15.141328706038655,15.039807438440278,2.0895922763631978,79.6452202277446,95.58498603433644,325.121762587156,805.1677552293579,676.474908440367,752.3937051559633,742.0344018715596,16.740213,8.65181,207.50093468292317,3301.192533284404
2023,common_soft_wheat,Valladolid,1597.0,3.8822436332702637,23.90854263305664,11.705941200256348,17.49956512451172,12.936820030212402,0.09638839960098267,9.056005477905273,2.403717041015625,8.840018272399902,6.947939872741699,32.04853877492926,1.9261403547345914,11.17457802636041,42.51687312938951,143.00177347490734,273.3234211590909,842.0606140227273,586.4627379772728,781.8634015,654.2646875,13.811656,5.7153344,230.6679037603211,3137.974862159091
2023,common_soft_wheat,Zamora,1593.0,3.952213764190674,23.006568908691406,11.345550537109375,17.378543853759766,12.461094856262207,0.0820356011390686,9.178279876708984,2.783939838409424,8.47587776184082,7.296268939971924,40.02639912441373,1.7208334400742649,16.061560259001062,49.47099654376507,184.31476817865456,279.171528625,830.8642973214286,572.2067594285714,773.2637769464286,611.0657382053572,13.434177,5.852112,291.5945575459087,3066.5721005267856
2023,common_soft_wheat,Zaragoza,767.0,4.981330394744873,25.102876663208008,13.589591979980469,19.094999313354492,14.276327133178711,-0.24289460480213165,12.225316047668457,2.671541929244995,9.246862411499023,8.16685962677002,26.994950793525007,18.30199834953082,10.257076070842114,45.84987671594036,88.8564349075264,303.50317328723406,815.7523684893617,615.4993889813829,776.2192665425532,694.7659733829787,15.220242,6.705757,190.26033683736472,3205.7401706835108
2023,common_soft_wheat,Álava,5500.0,3.859405517578125,19.487407684326172,10.37862777709961,15.399250984191895,12.54581069946289,0.8742263317108154,13.712074279785156,5.138142108917236,11.235856056213379,7.793910980224609,95.94436494041891,23.88827945248169,45.34846929066322,85.0985093292068,126.97767847425797,233.73263970588238,645.4159809411765,499.09945661764704,644.8609687647058,604.3899721764706,12.369385,7.7580204,377.2573014870286,2627.4990182058823
2023,common_soft_wheat,Ávila,912.0,2.97530460357666,23.331287384033203,10.670133590698242,16.08087158203125,11.613227844238281,-1.3512084484100342,7.026983261108398,1.1564422845840454,7.495062351226807,6.303919792175293,33.88314727164176,2.878162597036775,16.313742011785507,71.52729622678584,198.3583986285221,302.3273346506024,864.7902390843373,637.6735697891565,760.2524925783132,682.4396620240964,12.714009,4.489187,322.960746735772,3247.483298126506
