ano,cultivo,provincia_estandar,rendimiento_kg_ha,clay_pct_0_30cm,sand_pct_0_30cm,soc_g_kg_0_30cm,ph_0_30cm,bdod_g_cm3_0_30cm,NDVI_jan_feb,NDVI_jul,NDVI_mar_apr,NDVI_may_jun,NDVI_nov_dec,EVI_jan_feb,EVI_jul,EVI_mar_apr,EVI_may_jun,EVI_nov_dec,NDMI_jan_feb,NDMI_jul,NDMI_mar_apr,NDMI_may_jun,NDMI_nov_dec,n_recintos,superficie_eurocrops_ha,superficie_media_recinto_ha,temp_media_c_ene_feb,temp_media_c_mar_abr,temp_media_c_may_jun,temp_media_c_jul_ago,temp_media_c_sep_dic,temp_rocio_c_ene_feb,temp_rocio_c_mar_abr,temp_rocio_c_may_jun,temp_rocio_c_jul_ago,temp_rocio_c_sep_dic,precipitacion_mm_ene_feb,precipitacion_mm_mar_abr,precipitacion_mm_may_jun,precipitacion_mm_jul_ago,precipitacion_mm_sep_dic,radiacion_mj_m2_ene_feb,radiacion_mj_m2_mar_abr,radiacion_mj_m2_may_jun,radiacion_mj_m2_jul_ago,radiacion_mj_m2_sep_dic,temp_media_c_campana,temp_rocio_c_campana,precipitacion_mm_campana,radiacion_mj_m2_campana
2017,barley,A Coruña,2100.0,16.8174956794124,45.38603802117088,56.51798682220782,5.187478829120761,1.198658446748758,0.8300928036810986,0.7323545531995638,0.5681930869574542,0.4590376947392426,0.787056440707084,0.6228998042107878,0.5255203689329961,0.3850223913660742,0.2949715913558962,0.533278425584476,0.3809864802163155,0.2051069557267975,0.0820246556234164,-0.037079945492951,0.3143978360471369,541,267.96,0.4953049907578558,8.3961872,11.37924625,16.293048,18.4888505,13.109352,5.72572395,7.65489835,12.916764,14.44459475,10.326747425,219.221175,161.017452,189.418214,51.477906,300.19602,419.24978,1080.12479,1323.41386,1301.1195,1189.6826,13.462672658333332,10.232579316666667,921.330767,5313.59053
2017,barley,Albacete,1764.0,24.808089988498978,40.84869918043516,16.202073223185316,7.77704961335989,1.4307609142846458,0.201154565436972,0.173820865227723,0.2597391793790933,0.2050518023987202,0.1600378488261439,0.1269438432799239,0.1308578572169091,0.189392377722327,0.1425473077663252,0.0995506518128267,-0.1425952387684897,-0.121144456119573,-0.074180099686852,-0.0839757197987555,-0.1914474056368181,31238,115428.15,3.695119725974774,5.927911,11.4911615,21.019613,25.31348,13.4628989,1.66530352,3.38173105,7.325666999999999,10.5985275,6.692107,66.127588,120.31193,30.697006,66.325,240.635714,597.85688,1235.46729,1654.3883,1579.9766,1479.50298,15.112993883333331,6.059240511666666,524.097238,6547.19205
2017,barley,Alicante,1049.0,28.14081783274487,32.7017122972431,19.33509823066453,7.803332708707288,1.4283765640307449,0.314083047698122,0.3106013628521965,0.3808778404121636,0.322188656183075,0.3339544954852345,0.2369780828855446,0.2558360413942432,0.3222076738440168,0.2636576440355048,0.2324958390600234,0.0021330850193687,-0.0135431665026112,0.0663377080164704,0.0058255953409201,0.0020256937865218,1340,2298.5,1.7152985074626863,9.490597,13.7160685,21.9057905,25.4123655,16.162821875,4.6934991,6.554007,11.208038,17.007553,11.1937826,100.471623,94.60436,11.7598063,63.2257023,259.056931,632.08106,1247.1365999999998,1685.04107,1523.8099,1465.95299,17.141744208333332,10.308443716666666,529.1184226,6554.02162
2017,barley,Almería,1481.0,24.65662421812085,39.35405773908459,16.518651100140257,7.673561929359524,1.4301057094426903,0.4085305961240495,0.298739740151862,0.3652446822410617,0.3418604600769211,0.3867172619716253,0.2715761130692068,0.2403524306257015,0.2831549891200333,0.2753462399320882,0.2558930668166364,0.1346975560928616,0.0449569552865307,0.111351519094936,0.0683675515317384,0.1114466404048565,4288,8986.91,2.095827891791045,8.008039,12.682529,21.221509,25.04513,15.0491245,3.443756,5.1315483,9.08241365,14.29343975,9.0556395,72.735145,77.69601,12.061809,53.222956,239.105301,667.6002599999999,1274.089,1695.8162000000002,1595.3683,1596.01405,16.175909333333333,8.34373945,454.821221,6828.88781
2017,barley,Badajoz,2088.0,21.418389931563453,45.44558736513142,18.433958609800072,6.540236159018335,1.4420478317211065,0.3339773384621893,0.1972494545215436,0.2753875595471149,0.2245748424131551,0.3085328538619977,0.2363116429206895,0.1308079333245305,0.1699008274010579,0.142546281274228,0.1523265403405631,0.0332017616568635,-0.1133554840836938,-0.0898912126190265,-0.0996135372153329,-0.0976879284677423,17053,50350.28,2.9525760863191226,8.6492833,14.61870025,23.2708605,27.4037565,15.99858775,4.41587605,5.71832705,9.98743975,9.0440155,8.1154501,86.35700800000001,92.436688,40.1210997,19.247303,203.831419,599.97333,1174.50418,1592.98633,1683.72336,1564.23918,17.65662934166667,7.566093091666667,441.9935177,6615.42638
2017,barley,Barcelona,3299.0,26.204354638848468,32.753960683736054,29.990155084554463,7.185439990586382,1.3308924085894462,0.3497200147484081,0.2206674210876223,0.6583310305734491,0.3184146463083111,0.2537864225621137,0.2166983991435152,0.1542314039599777,0.4804352514066945,0.2207199269226515,0.1366882490906037,-0.0117893959657466,-0.1074113406574338,0.2557638718546515,0.0037940998244657,-0.1133641427581515,47320,35856.69,0.7577491546914624,5.897351899999999,10.84883275,19.1171705,22.9602235,12.4053676,2.223972105,5.886663,12.0802685,16.016741500000002,8.89213375,114.848846,142.431668,72.92872600000001,97.515404,295.576539,535.84647,1148.7981,1519.72086,1450.2806,1287.00592,13.939052308333332,8.998652100833333,723.301183,5941.65195
2017,barley,Burgos,1608.0,28.704485606590584,31.060509805013474,24.87810186587034,7.255276655331994,1.342514301757512,0.2236131216470252,0.208949040073923,0.5332208358735593,0.3847511589068873,,0.1396417370423211,0.1287318523883015,0.3925707696883608,0.244135561209803,,-0.1414213923063459,-0.1523929079330619,0.1054637144293572,-0.0214817735839367,,153746,138563.48,0.9012493333159888,3.86284815,8.9816335,17.020752,19.836506,10.3671594,0.4869609000000001,2.30658495,9.07133215,9.83330725,5.1847121000000005,124.93272,73.74662599999999,121.716833,49.101111,169.12216600000002,477.2263,1121.38602,1395.926,1441.72306,1270.79252,11.739343075,5.344601575,538.619456,5707.0539
2017,barley,Cantabria,1300.0,26.518497065553525,34.15904029717853,48.03415414859565,5.901187501396216,1.1880124590310424,,0.6500628190474944,0.6623046067843048,0.4903896486629844,0.8305339614327725,,0.4826309523958824,0.4943179636434623,0.3260575280212663,0.6675706876784733,,0.1344549006586622,0.1971881950322428,0.0371114798203089,0.325384169197942,340,137.56,0.4045882352941176,5.52353235,9.2754255,15.6075885,17.611514999999997,11.243038475,2.3649031000000003,5.01408415,11.6694735,13.737582,7.786093375,193.146025,143.35854,235.85158,144.24552,281.11953600000004,464.39347,1070.8652,1245.03084,1209.67556,1175.98345,11.750689716666663,8.059704916666666,997.721201,5165.94852
2017,barley,Castellón,1200.0,25.020657600298016,35.18430293109192,25.18941010889611,7.478638418212487,1.3693323784264495,0.2634824776606577,0.337798263007236,0.3926541641476555,0.3495169003487055,0.3378914567569068,0.1580587962903479,0.2284170769411792,0.2598489546603084,0.2324843773479897,0.189396565162151,-0.0920780734622097,-0.0331829075720786,0.0018562861960074,-0.0331221147254514,-0.0977353975069564,3567,2714.15,0.7609055228483319,6.93740175,11.669227,19.6882275,23.4166895,13.623706,2.1055767000000003,4.78044845,11.06121,15.2533445,8.8254675,120.76454,81.812285,90.685179,69.169708,284.056012,580.49677,1200.2231000000002,1604.6439,1480.34994,1350.98982,14.826492958333333,8.475252441666667,646.487724,6216.70353
2017,barley,Ciudad Real,2015.0,25.540821734229457,43.21070474494339,17.036367121796776,7.364130323396798,1.433797668518283,0.2226110333536025,0.1699056359937192,0.2636729066935451,0.1855270635286505,0.1834653977397481,0.1347461769254332,0.1229934454990278,0.1660011792301205,0.134746017863285,0.105306663028898,-0.1289761553724189,-0.1230468958025018,-0.0898888318899506,-0.1152114410807929,-0.1523769465486333,51137,133808.89,2.616674619160295,6.715259,12.889314,22.8186155,27.2980615,14.445801875,2.461577275,3.74235095,7.79641,7.32606275,6.411410425,71.140719,108.088577,43.741982,47.559454,240.426679,575.80179,1200.8194600000002,1622.37024,1645.49006,1522.46288,16.435475625,5.691536970833333,510.957411,6566.94443
2017,barley,Cuenca,2640.0,24.3775694278534,38.26548047834629,18.5023914290409,7.574921749070817,1.4037943711750291,0.1894240253282842,0.1855578094357446,0.2636566043982461,0.2050812495308288,0.1659822633799983,0.115196915171452,0.1347334336338598,0.1816339957076819,0.146479254620981,0.0956582952914829,-0.1503641972528171,-0.1230527833931303,-0.0898515225091559,-0.0840087871945464,-0.1894769665213112,134392,230669.43,1.7163925680100005,4.64563375,10.813125,20.1508255,24.53005,12.12620625,0.2967144,1.59236345,6.8709755,8.8011835,5.547897949999999,71.90502000000001,79.368927,72.177944,74.912838,257.070245,557.46222,1227.5659999999998,1616.2348,1604.83415,1423.96082,14.065341125000002,4.776172125,555.434974,6430.05799
2017,barley,Cáceres,1854.0,17.110187741336116,49.48306677938192,24.119467904773227,6.249366989402125,1.4092271256290698,0.3027765367880836,0.380798122812606,0.197273791694863,0.3066226665455047,0.3398722262452011,0.1972853815393474,0.2715527502447138,0.1347117690734449,0.2207033695933586,0.1659242281157392,-0.0428693144778394,-0.0136691321480509,-0.1367290418648874,-0.0605253960098374,-0.0976540189052251,860,1344.13,1.5629418604651164,7.781069199999999,13.61542375,22.510869,26.558658,14.99532025,3.71596925,5.524277,10.003519,9.2697205,7.683099925,136.057996,67.217308,58.126315600000005,35.324122,292.691366,570.43008,1159.68422,1548.8512500000002,1676.3529,1493.59771,16.742776741666667,7.313280933333334,589.4171076,6448.91616
2017,barley,Cádiz,3020.0,32.30254239464251,32.14110893702688,22.84139486334083,6.959262369169773,1.41145303721279,0.251962004534884,0.1972599910630154,0.5566467982066585,0.2323214571684623,0.2363490673771226,0.1191303084327787,0.1386193815709229,0.4043697275264685,0.167772782224206,0.1191100035168431,-0.1914381159727345,-0.1035106746751577,0.1523898713556074,-0.0664759844266972,-0.1836496527225853,2354,9616.57,4.085203908241291,11.1337185,15.2801295,22.3982155,26.4508005,17.530149125,7.131724,8.895546,12.723018,15.450513,12.20780575,121.77661,108.077126,31.4020353,14.610583,356.58747100000005,664.83644,1259.71615,1670.4229,1662.60897,1640.66935,18.38719370833333,11.43606875,632.4538253000001,6898.25381
2017,barley,Córdoba,1504.0,27.977760955586824,35.93623331493473,18.0370448614793,6.989155646943889,1.4420640893083423,0.3867530044967112,0.2090163773441017,0.4668162631030548,0.2675662192600883,0.3085521417229447,0.2246350525811066,0.1503642083996552,0.3183709270917468,0.1933527565457428,0.1601226647929779,-0.0116875833902683,-0.0956936274084347,0.0663788591232191,-0.0605649219904357,-0.0821617415408653,5618,18415.88,3.2780135279458884,8.694363,14.624452,23.8301825,28.477145,16.22780175,4.2858738,5.90974035,9.8164785,9.9357135,8.285415375,72.311473,111.466268,39.5041444,39.768536,247.958005,618.2748099999999,1210.3444,1632.75275,1667.38376,1588.25121,18.013624333333333,7.75310615,511.0084264,6717.00693
2017,barley,Girona,2587.0,24.476401855517217,35.04049237182743,36.777612495839975,6.784815616004859,1.2801373830084133,0.5097687412725119,0.2929765171609374,0.5761789695226227,0.3026198052618353,0.3573336920730868,0.3027006652408097,0.1933632855440606,0.417959966533527,0.2051157068862191,0.2044659140438983,0.1228968282968719,-0.1055764689915981,0.1699346366324474,-0.0604951931993472,-0.0020571518915488,21948,19657.55,0.8956419719336614,6.12701365,11.3386215,18.9891265,22.5037325,12.71615575,2.064753865,5.846894499999999,12.876359,16.080807,8.565639125,196.30672,149.394248,128.235821,104.363452,318.29186500000003,521.00487,1146.07563,1446.34955,1390.189,1278.20952,14.065134275,9.000015435833333,896.5921060000001,5781.82857
2017,barley,Granada,1306.0,25.37142730345376,36.99702425585095,19.547918796864348,7.429837891956373,1.4011652536355377,0.2363199004098587,0.2519849445298261,0.3534904968198631,0.2382097953429032,0.1580440135890301,0.1543463431797856,0.1933287237242885,0.2558437198019836,0.1777092519548362,0.0995201705111659,-0.0605153905006465,-0.0332138985405552,0.035142341444421,-0.0332030133026635,-0.1542502034617094,14976,33748.5,2.253505608974359,5.611944299999999,11.147293,20.4831145,25.217284,13.15608615,1.4162761350000002,3.11799395,7.089654,8.8656895,5.7829531,84.465676,95.9375,27.749827,44.405724,261.284781,653.89948,1277.3142,1675.52494,1635.03223,1614.74992,14.79530135,5.342586630833334,513.843508,6856.52077
2017,barley,Guadalajara,1700.0,23.64379090165741,34.41609728768813,21.88481025817056,7.33873430562416,1.3712528918954368,0.2167423629327947,0.1776948018657213,0.3261853518837234,0.29102840965801,0.169908676631928,0.12305374939287,0.1230112825890015,0.2168066299478494,0.2011450575860722,0.091767491032691,-0.1270102263493821,-0.1465141795228743,-0.0566565273845774,-0.0371195899612163,-0.1914284130893144,94560,80342.05,0.8496409686971236,3.63817665,10.1677015,19.1405055,23.255772,11.119257175,-0.5347673000000001,0.22508972,6.538339799999999,7.1828392,4.286698425,83.87127,68.362088,93.185756,71.91086,215.629687,531.83536,1206.9787,1550.66187,1581.41523,1385.14677,13.073445,3.6641497116666666,532.959661,6256.03793
2017,barley,Huelva,3877.0,21.64026163403111,47.16316770994197,22.531403594582663,6.4534755998146105,1.4502325065903123,0.3300282731907938,0.2402011899909927,0.4629400400273569,0.3574030387255282,0.2695393982655112,0.1934042242348262,0.1777093140004685,0.345709928480793,0.2675700547988442,0.1523201342773029,-0.0723303994110013,-0.0644520791679172,0.0819303978508675,-0.0019271915815852,-0.1211576918303366,375,1106.49,2.95064,10.4957485,15.7435605,23.2201985,27.7984645,17.353555125,6.023796750000001,7.8551705,11.915915,11.6845255,10.0918415,109.603944,125.741264,33.154879,4.12013484,217.139368,649.3034399999999,1216.54464,1629.7889,1696.72717,1632.77391,18.660847041666667,9.610515125,489.75958984,6825.13806
2017,barley,Huesca,3461.0,26.58874404243393,30.187439148002905,33.42726025881975,7.267331212487676,1.316439111840041,0.2987955018309162,0.2792968086434408,0.6230017230512158,0.3495681471457086,0.2128527277422642,0.1777349528897661,0.1972080049479476,0.472642494367421,0.2226036291857506,0.1191148407301218,-0.0585740626634424,-0.0801259854227814,0.2148410466523615,0.0370954317666881,-0.1543223151287767,90301,174934.47,1.9372373506384204,3.32347145,9.4139935,18.3526355,22.175137,10.565052275,-0.6827925499999999,2.6423110000000003,8.784788299999999,11.567616,5.4890594825,139.188526,143.920605,137.51504,93.96635,293.74064,559.9934,1202.7734,1541.14804,1484.51684,1350.30458,12.399223666666666,5.5483402858333335,808.331161,6138.73626
2017,barley,Illes Balears,1482.0,27.33129873118016,35.992629600353304,28.276301755714144,7.242465755966496,1.379667115707908,,0.2011416763867238,0.4549930026209265,0.2167787526160248,0.2831869153350078,,0.1386744193927073,0.3164240558250516,0.1425678665433852,0.1913747341814768,,-0.1621411379739784,0.0721241822411189,-0.1348243979253926,-0.0917840679324002,19044,16619.07,0.872666981726528,11.5948965,14.5021715,21.9211375,26.228177,18.34393875,7.2523722,9.029748,15.0287145,19.0846375,13.6881855,142.600693,52.224444000000005,42.035045,23.036495,217.549929,591.3253199999999,1264.775,1628.5668999999998,1546.7100799999998,1407.82045,18.48904333333333,12.961973866666668,477.446606,6439.197749999999
2017,barley,Jaén,2125.0,30.688116173516992,29.78343230591621,19.18514732549988,7.46462718569945,1.4138276559180596,0.3711064541233921,0.2675879796742682,0.3925993065490509,0.2714594681219057,0.3183406865647407,0.2305124502316798,0.1894578911596164,0.2713906329399964,0.1933470432178054,0.1738638976449926,0.0117310897577977,-0.0722997266422924,0.0195499935647753,-0.0683924785572635,-0.0410699713606233,2117,5299.98,2.503533301842229,7.0705288500000005,13.0378,22.960024,27.846794,14.79753265,2.5883235,4.11245475,7.612466,7.85082575,6.407558125,77.131781,124.71381,26.260481,32.648417,222.1492106,605.4816000000001,1238.00286,1641.9426,1643.01883,1577.42911,16.751702025,5.829864375,482.9036996,6705.875
2017,barley,La Rioja,3313.0,28.12442067559485,29.71901618110145,25.75944795249755,7.2019767906766194,1.3299673371068308,0.3065950572166035,0.2637264043451441,0.435507220422652,0.3261559587180032,,0.1660856227190951,0.181628490737094,0.2988310469100456,0.2089744280913963,,-0.0488638963655598,-0.0878858921077234,0.064413176900661,-0.0331569943569534,,30791,18625.02,0.6048851937254393,3.80050195,8.872758000000001,16.8949655,19.639003,10.2816326,0.3009150500000001,2.687925,9.739251,10.832672,5.24787555,131.801594,93.300202,160.32718,75.79611,185.882612,500.87422,1129.78519,1422.94537,1415.6171,1273.29906,11.628415608333333,5.676085691666667,647.107698,5742.52094
2017,barley,Las Palmas,1492.0,25.810032702265115,43.41993635882721,20.35506831674174,7.67681131541121,1.3702478585894209,0.4046633923471967,0.2096727212519623,0.3343613031931929,0.3259525685474562,0.4001272234461657,0.2908394570288831,0.1344538450443875,0.2561408200431919,0.2425185849133074,0.2686858207145299,0.2004121136564488,-0.0379588062111315,0.1269539172037515,0.0673777263163088,0.165971040371211,84,47.64,0.5671428571428572,16.047554,17.973779,20.636268,22.5136645,19.8479405,10.3297555,11.95624,15.3262285,17.121169000000002,14.7693595,29.108468,20.54539,12.7913693,5.4546001,98.3111035,884.02814,1423.1808500000002,1598.1965,1607.67713,1994.65791,19.47785775,14.045352,166.2109309,7507.74053
2017,barley,León,642.0,21.7109395695188,41.01995601706934,40.73160813987658,6.364580219073536,1.2637501117939414,0.2304744273865842,0.2988462808205606,0.2988789002383397,0.2929502155610744,,0.1230135878193501,0.1835625037022658,0.1894821532986199,0.1913693072656113,,-0.1446036029632319,-0.0820692709943715,-0.0820768896399889,-0.0664436157726921,,19603,21528.76,1.0982380247921235,3.44356965,8.6653898,16.186400499999998,19.267841,9.829121,0.23709175,1.56064235,8.551438000000001,9.2544145,4.887306225,179.404095,75.205633,140.520672,49.468669,181.737365,476.84317,1139.05628,1370.0366,1475.682,1255.7365,11.203573825,4.896366508333333,626.336434,5717.35455
2017,barley,Lleida,3255.0,26.80088779228917,29.478447761727296,36.8381330183701,7.17928910655981,1.3082891532821035,0.4550664564338583,0.2988637031681069,0.7128954622799623,0.3769658728600683,0.2285295403492011,0.279303928942979,0.2128819679421762,0.5507826746769956,0.2695379521250333,0.1308179087894116,0.0293303694326759,-0.0566600598071321,0.3066299416667971,0.0664242281390142,-0.1504365189364816,111854,110567.44,0.9884978632860694,3.1968089,9.1200265,17.8899435,21.7973595,10.248006175,-1.13376845,2.51657785,8.986366,12.1900255,5.5895311375,111.088596,152.514315,131.457359,92.749367,254.817992,553.3451,1195.1418,1525.28354,1477.86763,1336.59208,12.083358458333334,5.6230438625,742.6276290000001,6088.230149999999
2017,barley,Lugo,1760.0,16.86948151240638,45.92492350279246,55.1018177413162,5.189617673244169,1.159444550632349,0.7988436962275738,0.6345275492371453,0.6454277485708085,0.4491802821112118,0.8031471107847138,0.5877814659482541,0.4395924332121156,0.4801929699622227,0.2891092549979456,0.5410047879938045,0.3571417453977865,0.1133766174027131,0.2076463204056763,-0.0195031359747058,0.3499661276489965,534,406.37,0.7609925093632959,6.2246986500000006,9.9547765,15.9569005,18.253741,11.379638,3.67514,5.822855000000001,11.9283725,13.244778,8.387110825,196.1216,137.350478,209.405736,59.007684,295.876982,433.1326,1082.30956,1317.2727,1347.36983,1206.29855,12.191565441666668,8.574227858333334,897.76248,5386.38324
2017,barley,Madrid,1258.0,23.93837642946105,42.31762860431763,19.785028990224937,7.3526634916591185,1.3807294025513286,0.2460538238064988,0.162052077823193,0.3495815686568732,0.205072848830139,0.2206809136790876,0.1464674801940943,0.1151698903428866,0.2362859658494204,0.1464310710597357,0.1230342593548536,-0.1055002484340246,-0.1543100073657815,-0.0331946776265428,-0.080076411992395,-0.1425664937756173,26851,39710.37,1.4789158690551565,5.14233515,11.81251125,21.156511,25.190063,12.8288373,1.03743875,1.9587623,7.49817885,7.8167165,5.511244975,93.972431,50.112467,71.765748,82.185379,260.627691,543.2358300000001,1212.5182,1590.051,1631.33867,1414.53485,14.826515833333334,4.888931058333333,558.663716,6391.6785500000005
2017,barley,Murcia,1030.0,28.14212353531068,32.383473663801254,15.80811473143195,7.861866665395269,1.4499177163689994,0.3809001666772268,0.2870535105213221,0.3573526801754776,0.2792841803871392,0.3340246578500835,0.283242219088361,0.236293475387371,0.2870203816528092,0.2206456776443282,0.2285355675174087,0.089753472333984,-0.0097560671309901,0.0527389353563577,0.0019963021705784,0.0428518462849433,6841,18398.52,2.689448910977928,8.43508785,13.034251,21.726121,25.390503,15.47833775,3.72676035,5.82478905,9.810681,15.573377,9.786128075,74.186735,106.901181,14.446588,69.052498,246.003877,642.5556,1241.6808,1694.0908,1549.15776,1507.00301,16.590439725,9.084643925,510.590879,6634.48797
2017,barley,Málaga,2520.0,31.4056117216678,32.82147773423947,22.06149385701749,7.10139275801547,1.3994517617706483,0.3144652735021204,0.2070958515568413,0.396586407410148,0.2284908234699647,0.2441987025650099,0.1581890463182059,0.1425495318879815,0.2558718262355571,0.1621316455796989,0.1151412814018887,-0.0818840601181093,-0.0761669347105896,0.0272393321284888,-0.0645176405047878,-0.1366965757947479,4146,11480.94,2.769160636758321,9.121343,13.3795885,21.1581715,25.491847,15.88399725,5.39566375,7.560571,11.47983,14.36033025,10.47347425,111.245704,99.180774,20.5274054,62.3258924,344.923884,664.2868,1269.7510000000002,1690.75645,1653.24626,1626.40445,16.819824083333334,9.957223916666669,638.2036598,6904.44496
2017,barley,Navarra,3991.0,31.32335790547628,24.970152669805643,31.35806266455273,6.954826134924855,1.298901861511466,0.388646747624772,0.2402394293759082,0.5917306422193926,0.3105211103484819,0.3258855665496128,0.2481167760840338,0.1777080162716267,0.4472815321682487,0.2069810189757604,0.1815212244236284,0.0371538495950049,-0.0996177507203844,0.2070026222073715,-0.0273820906878007,-0.0740574390532639,41971,68644.02,1.6355107097757977,4.9035319,10.0183325,17.999369,20.2599135,11.393565975,1.658481955,4.32923325,10.8474425,13.09304375,7.25840925,166.82596,137.308267,147.67069400000003,104.681347,262.645397,503.3594000000001,1109.15764,1407.1938,1330.82788,1244.52775,12.661379808333336,7.407503325833333,819.131665,5595.06647
2017,barley,Ourense,1760.0,16.249732452434706,53.44489651287875,52.00591259343389,5.283026888645734,1.195422189596347,0.3886830194393973,0.4668902776797473,0.4237003423528193,0.5211490412937025,0.5083127141505387,0.2171356847034167,0.3026103027718346,0.267865622908343,0.37131762691542,0.2414314057358086,-0.1135670588635336,-0.0021030958183153,-0.0743900892056693,0.0584357031103513,-0.0441296226508777,1307,1009.77,0.7725860749808722,5.31078285,10.0360555,16.498023500000002,19.142545,10.92522115,2.5195447,4.25045705,10.8623355,11.81961275,7.0636379,243.3204,108.444377,166.39973,62.040878000000006,270.413386,459.14112,1114.90555,1400.7881,1502.36727,1296.16858,12.139641525,7.263204300000001,850.618771,5773.37062
2017,barley,Palencia,751.0,26.83553580524947,32.61265872254773,23.38300995902138,7.347835062602215,1.3561270357835948,,0.177685938324357,0.4629157915702078,0.251979169533818,,,0.119082655593675,0.3300664959962195,0.1660092782369978,,,-0.1679801292139613,0.035233662984236,-0.1211612954623516,,46919,108828.84,2.319504678275325,3.81208465,9.4178865,17.3177245,20.4634725,10.48847925,0.3415571499999998,1.607008085,8.61823825,9.055257,4.994384125,120.019117,55.384313,131.1706,39.334845,152.767308,480.85294,1146.12524,1408.12003,1501.6117,1285.57596,11.998021108333331,4.9351381225,498.676183,5822.28587
2017,barley,Salamanca,1254.0,18.109806377959167,51.23045171113789,24.86092930572984,6.12553323366478,1.3795701483018383,0.2597346077750271,0.1659730197722128,0.4120986718766112,0.2402064886528526,0.1933367716140962,0.1621049533369583,0.1190780158767714,0.2988637442928743,0.1757311838166459,0.0995524711439831,-0.1074529507218262,-0.1680694910341559,0.0175606755502337,-0.0742818233864425,-0.1915125137174008,12444,31001.81,2.491305850208936,5.0827875,10.9748435,19.6150575,22.6696015,11.8844955,1.538005433,3.0057321000000004,8.3636275,8.5490168,5.92550455,114.832256,49.978965,63.768999,43.248833,212.588442,543.21972,1183.51933,1507.9000299999998,1661.66083,1397.8878,13.6852135,5.551231822166667,484.417495,6294.18771
2017,barley,Santa Cruz de Tenerife,1000.0,32.70205678621995,32.97358463013403,38.50748213094444,7.034813305143394,1.25841503859716,0.5251885614925849,0.5606154734231867,0.4589509127934279,0.4706567399268695,0.4832650273224044,0.3692651954982893,0.4244488374344021,0.346031553127845,0.3847920347501519,0.4833050367855122,0.2267466481293158,0.2675724022478145,0.1700487063165782,0.1448569382145354,0.31,31,8.11,0.2616129032258064,14.048533,15.78587775,18.765412,21.385977,17.59349575,9.2101135,10.233958,13.930654,15.3461405,13.12513225,51.516944,39.330197,19.1624845,9.4630762,123.2407674,904.78808,1417.4494599999998,1627.56106,1637.5916,2020.35325,17.528798541666667,12.495188416666666,242.7134691,7607.74345
2017,barley,Segovia,1200.0,22.95033943412197,47.58392804435696,19.96673350457498,7.250836937457768,1.370242006893574,0.244128677690957,0.1698922371439093,0.4355584086375802,0.216781588275608,0.1972089326218188,0.1660375582263602,0.1287093725001674,0.3340142937654156,0.1503957318017098,0.1229924796445228,-0.1289482907545616,-0.1680489631004701,0.027419378232748,-0.1269488953624065,-0.1521522287212827,48577,67704.62,1.393758774728781,3.8988469,10.044297,18.8616225,22.4453945,11.00403615,-0.05472765,0.7047488949999999,7.06620515,7.3607613,4.4839462,102.236561,53.946607,91.770899,51.937708,196.004188,521.2288599999999,1200.39682,1519.05164,1598.5354,1391.90516,12.8763722,4.007480015833333,495.895963,6231.11788
2017,barley,Sevilla,2232.0,31.77131470630645,30.53762004011168,16.95241902290036,7.288286143117437,1.480187214073171,0.3300694665833716,0.216776074527728,0.4707147174349248,0.2870978817933771,0.2480033861618529,0.1738214467964829,0.1503385713373707,0.3222523084666414,0.2011449369047336,0.1230368008168195,-0.0898404079653072,-0.1035067596497737,0.0663854391805093,-0.0587019836281826,-0.1445674810838641,4755,22552.17,4.742832807570977,10.3329375,15.9502785,24.367385,28.751815,17.53834925,5.743231,7.397416,11.207468,12.32676525,10.1745475,78.702032,113.86824,32.535718700000004,18.742848,248.279313,642.4339,1230.77307,1651.6967,1681.20974,1622.43301,19.079852416666665,9.503995875,492.1281517,6828.54642
2017,barley,Soria,1416.0,24.14897133863889,38.1844620214656,21.79758516066749,7.418943188363471,1.364438552086122,0.2089677947950691,0.2206700529906127,0.3340386007534011,0.2754128320901238,0.1621013828136385,0.1241059158459764,0.1503666929282771,0.2245547734687125,0.1816504111108717,0.0917375145356508,-0.1465224262244149,-0.1289863630305819,-0.0527419442236294,-0.0800945076277204,-0.1992385365978019,72360,75967.29,1.0498519900497512,3.2416077,9.251902,17.736296,21.312407,10.249688625,-0.7799109500000001,0.23328335,7.4712133,8.12461275,3.9792689,100.117746,61.625928,126.626283,59.430837,165.609019,532.03952,1189.52817,1492.3953,1536.1281,1353.72058,12.006931658333334,3.834622708333333,513.409813,6103.81167
2017,barley,Tarragona,2206.0,27.039674946850173,29.157641826116148,25.42767199008608,7.541700374846145,1.3779395177871585,0.2870677948547507,0.3535318626748697,0.3339589751271842,0.3183760951995579,0.2597323468884053,0.1777403275233859,0.2480641398684973,0.2363240256483867,0.2324096193141658,0.1464377654333904,-0.0274115850898036,-0.0255988516450725,0.0018829503190511,-0.0058552715857518,-0.105409575494378,18795,13745.41,0.7313333333333333,7.57041515,12.7179165,20.8145865,24.57127,14.351766825,3.4712704,6.1964825,12.093595,16.3468485,10.195344175,94.47328,98.137428,56.762891,48.680939,255.545412,551.7098,1202.13415,1605.7608,1496.08014,1328.57092,15.7296203,9.749814125,553.59995,6184.25581
2017,barley,Teruel,1345.0,22.47443950415829,33.79777589993578,21.10040503109295,7.412077456982944,1.4040643147552672,0.2284732677311449,0.1855385712458201,0.3339266871050243,0.2519326985545491,0.1660261824930927,0.142553965066854,0.1347390942718898,0.2363620553346329,0.1757412859857253,0.095653216636843,-0.1269297832533985,-0.1308777718705224,-0.0332211269680176,-0.0722443996075889,-0.2050701524635163,106131,97364.16,0.917396048279956,3.76717025,9.765909,18.39087325,22.238278,10.8078575,-0.7552906500000001,0.836517725,7.39679765,9.95235025,5.106350325,86.204085,75.695336,109.71395,69.975111,209.465768,576.37324,1216.4351,1569.1289000000002,1508.30486,1371.12042,12.629657583333334,4.607179270833333,551.05425,6241.36252
2017,barley,Toledo,1312.0,24.03382423807433,44.03232096632096,15.83815342941664,7.521497534421158,1.4232979965825454,0.2147878193261531,0.1738221930246834,0.2871540848932267,0.185523398089543,0.1913642552722697,0.1347492607271964,0.1230417253030435,0.1972596394148264,0.1365826711126406,0.1112996289687527,-0.1211367805126809,-0.1602019537322763,-0.0742783581896375,-0.1230539355716079,-0.1601582392841704,60027,129337.7,2.154658736901728,6.2964105,12.653938,22.30773,26.3568715,13.930994,2.269030135,3.609372,8.25359125,8.435002,6.44384115,79.489309,69.981752,55.404655,82.613451,269.833462,562.5684699999999,1190.98169,1606.68818,1648.84601,1461.97694,15.912822999999998,5.9091129475,557.322629,6471.06129
2017,barley,Valencia,1815.0,26.0008257832434,37.048684736688,22.372951102187645,7.601531685280463,1.4041003137156485,0.2518621672924038,0.3691278783292647,0.2909309628359223,0.3613177916482594,0.2791945451127596,0.1581878895582592,0.2714563622957476,0.2129259711669412,0.2597575578846594,0.1621065701343504,-0.0800931649485592,0.0057870337421056,-0.0331486593601702,0.0214860661184758,-0.0821410098781039,6365,7672.99,1.2054972505891597,7.63151575,12.4625335,21.067788,24.811816,14.60537825,2.93162525,5.27696625,10.473968,15.3917355,9.3921802,97.482994,90.7005,25.651271,62.36231600000001,338.884155,600.07452,1224.00884,1650.96804,1509.78613,1386.77323,15.864068291666667,8.8097759,615.081236,6371.61076
2017,barley,Valladolid,611.0,25.05730563338003,44.38433851977854,16.605732397771998,7.537662389100126,1.368638307984791,0.23044130793479,0.1620763916423892,0.4198812428402509,0.2050713578150614,0.1648101675220564,0.1522229612127862,0.1130724997565038,0.3144532206577157,0.1443825841865606,0.0981054542287644,-0.1289606942321343,-0.1758328751448834,0.0195774430155631,-0.1152804651840658,-0.1687309054902076,60977,161434.74,2.6474693736982795,4.871202,11.225683,20.073627,23.0161105,11.665174875,1.10602084,1.4139265165,7.71485215,8.07040935,5.48122615,92.982027,34.387362,69.082415,32.918508,156.095444,503.9614,1193.20505,1499.34064,1615.7675,1359.61132,13.752828708333332,4.8779435260833335,385.465756,6171.88591
2017,barley,Zamora,894.0,20.944712657487724,43.92237419003452,25.184467164860514,6.42948867049523,1.3298581028586076,0.2481002208733611,0.1776788167890561,0.3574406323551916,0.20895704331727,0.2284904685049609,0.1464690546093029,0.1230087669085888,0.2480798598965054,0.1425439893779362,0.1113223569596328,-0.1211173909372829,-0.1524541998165807,-0.0253876944196926,-0.1113380548496645,-0.1914261383177435,29950,63008.49,2.1037893155258764,4.835715049999999,10.762726,19.1034325,22.1763175,11.361359,1.35880395,1.9527719,8.28197775,8.607993,5.6992406,138.104819,42.728835,82.63789200000001,40.172722,165.635406,505.64745,1177.90173,1483.4511,1630.08025,1324.77473,13.266818175,5.2666713,469.279674,6121.85526
2017,barley,Zaragoza,1699.0,28.48526921389855,27.13269446924836,19.52018178987687,7.699227047889838,1.4005314565905318,0.2480321964364219,0.2636011128801347,0.4981123373516854,0.3574131953304912,0.1972343189534731,0.1542629528529284,0.1933201524316244,0.3808461995998606,0.2460675363272528,0.1151790309951271,-0.1055202140067509,-0.0723107856222779,0.1132423352813457,0.0215002078880587,-0.1680325212953072,125871,163698.06,1.3005224396405843,5.7350885,11.960484999999998,20.986408,23.9478895,12.5981765,1.45632675,3.09051825,9.057736,11.568730250000002,6.839730175,79.58369,75.729561,80.643089,51.051716,183.548762,554.73552,1211.69115,1552.28855,1511.59461,1355.04944,14.637704,6.4754619333333325,470.556818,6185.35927
2017,barley,Álava,4800.0,31.5827763496144,25.36169499958537,33.23610968294773,6.722444370732785,1.2771215689526494,,0.2558256834306786,0.7324817143482277,0.5918810853140306,,,0.1620786002801011,0.5566678870785859,0.4082422735345427,,,-0.1289304412327779,0.3184135964565919,0.2090072687241069,,13691,12922.23,0.9438485136220874,4.65799675,9.1248725,16.505221499999998,18.705928,10.77275335,1.9025969,4.6167585,11.1479225,12.892672999999998,7.120502975,148.780517,119.589777,134.70247,62.749575,202.226214,466.1268,1062.70673,1314.0342999999998,1256.4119,1200.36508,11.756587575,7.466826141666666,668.048553,5299.64481
2017,barley,Ávila,475.0,18.84587684120659,52.67248967780342,26.25381735908533,6.769433481413691,1.3472347846903128,0.2715872164222335,0.158118070414308,0.4083653992702685,0.1933218829319649,0.2673015477681805,0.1933436233979069,0.120925638086335,0.3223264753083235,0.1464600811341068,0.1701053341475777,-0.072294356366787,-0.1837076783558154,0.0116226324525243,-0.1113331740684761,-0.0802599669293909,20876,46420.69,2.223639107108641,3.81014345,9.7529042,18.5660975,22.1771975,10.967450625,-0.07463385,1.20332613,7.01872665,7.1151521,4.38197015,119.906397,56.059039,84.782684,62.006212000000005,269.153674,556.72459,1207.5506,1540.6475,1644.0963000000002,1437.25028,12.706873983333333,4.004418555,591.908006,6386.26927
2018,barley,A Coruña,2080.0,16.8174956794124,45.38603802117088,56.51798682220782,5.187478829120761,1.198658446748758,0.8067033399901659,0.6582961142533628,0.5840611749925486,0.435609388735473,0.5838087353660283,0.591704277274186,0.4551261738529042,0.4120227743042487,0.2793753944417973,0.3106193813209523,0.3573062320676153,0.1348118841779008,0.1387724719734225,-0.0584771566588122,0.0645028102342199,541,267.96,0.4953049907578558,7.973672500000001,9.4760345,14.6050465,18.999517500000003,12.8016965,5.5385225,6.6306665,11.8217595,15.6110055,9.5970106,291.81224,433.88967,160.249042,83.835887,329.602594,393.85617,852.64887,1200.988,1283.0877,1176.57225,12.776277333333333,9.7993292,1299.389433,4907.15299
2018,barley,Albacete,2300.0,24.808089988498978,40.84869918043516,16.202073223185316,7.77704961335989,1.4307609142846458,0.162073591303345,0.1855395493167174,0.2167943534043308,0.2519283161591272,0.1542639696015384,0.0995474084741335,0.1386430394328071,0.1542775279592373,0.1816366625847078,0.0956709261918044,-0.1679600173263121,-0.1074340056293146,-0.1054974906038438,-0.0800924794639196,-0.1679674320303476,31238,115428.15,3.695119725974774,5.25883115,9.61887835,17.8232325,25.3412315,13.09422575,0.3669314,2.8568792,8.213724,10.0400512,4.37005004,98.37513,132.548402,121.089673,34.9261944,82.192604,627.4097,1102.38434,1502.5993,1623.1935,1639.99366,14.0384375,5.03628098,469.1320034,6495.5805
2018,barley,Alicante,800.0,28.14081783274487,32.7017122972431,19.33509823066453,7.803332708707288,1.4283765640307449,0.2987987020466186,0.3106077652104546,0.310595042977467,0.3338595696284183,0.283168702995137,0.2011209909137853,0.255818781060155,0.2401527570793619,0.2753955297929665,0.189389641222425,-0.0114829603163357,-0.0097017185578968,-0.0098161301713012,0.0019338996000528,-0.0430083569666115,1340,2298.5,1.7152985074626863,9.1289405,13.3740105,19.778479,25.8794865,15.63370525,3.40267405,4.64692605,11.520437,16.7793605,8.965148075,111.227604,54.067381,94.013273,42.1935323,78.3581265,623.76883,1191.55826,1577.64784,1547.1931,1586.32793,16.571387833333333,9.046615625,379.8599168,6526.49596
2018,barley,Almería,1730.0,24.65662421812085,39.35405773908459,16.518651100140257,7.673561929359524,1.4301057094426903,0.2950352626390891,0.306692857944715,0.3340000461408942,0.3302297030640377,0.3067482240200674,0.1931791691905468,0.2441493983026326,0.2440982830789274,0.271484228305869,0.1973713309757894,0.0291416008904197,0.0487785764970573,0.0603176546723021,0.0528147435753787,0.0488698366589121,4288,8986.91,2.095827891791045,7.9157335,11.62668825,18.547349,25.080754,14.7112385,1.9486247,4.3171066,9.494906,13.1689425,7.685072175,61.934899,121.74754,60.54155900000001,23.87771925,69.76121499999999,696.99359,1196.817,1601.3344000000002,1638.96705,1714.2029699999998,15.432166958333331,7.383287358333334,337.86293225,6848.31501
2018,barley,Badajoz,4168.0,21.418389931563453,45.44558736513142,18.433958609800072,6.540236159018335,1.4420478317211065,0.2714838299036203,0.2089908832636107,0.3456754002253196,0.2910338328013202,0.1894257089887949,0.1503554615397354,0.1443308852990038,0.2167815319384255,0.1894228684061366,0.0996001349321086,-0.1211466368049127,-0.0977041029505439,-0.0117692373904951,-0.0605424937161345,-0.1679756493368093,17053,50350.28,2.9525760863191226,7.93440925,11.514173,19.2647315,26.731798,16.440871875,2.96281655,6.38155695,10.472966,10.9478235,5.76027125,94.431625,257.47415,70.055584,5.24952003,101.67842372,616.61248,1024.3217,1463.86965,1685.95176,1685.81608,16.38780925,7.047617583333333,528.88930275,6476.57167
2018,barley,Barcelona,4678.0,26.204354638848468,32.753960683736054,29.990155084554463,7.185439990586382,1.3308924085894462,0.2636563428805232,0.3027109660411948,0.5565514689259842,0.3652622836521559,0.2245387314086759,0.1425815963406046,0.2168454680549423,0.4023254736885679,0.2538940228579976,0.1308472852356782,-0.0800784792688089,-0.0566437987694961,0.162192533919918,0.0058687350537733,-0.113327638929261,47320,35856.69,0.7577491546914624,5.10360635,9.706929,16.8298845,22.487503,11.30747375,1.72027985,5.13455475,12.6530125,17.112852,7.190959985,206.39382,207.69855,260.52385,201.423392,206.372681,505.27967,1085.31103,1347.05084,1373.84836,1306.64029,12.790478391666667,8.500436511666667,1082.412293,5618.13019
2018,barley,Burgos,4324.0,28.704485606590584,31.060509805013474,24.87810186587034,7.255276655331994,1.342514301757512,0.2207378353458052,0.2636601855656665,0.4433669647037811,0.5800589427219692,0.1678811299450697,0.1308564343499599,0.1698808768616204,0.3378821917499289,0.4160386936989014,0.0951396723571417,-0.1425495401486856,-0.0918283611124795,0.0605515439212758,0.1894193831578907,-0.1836420119687822,153746,138563.48,0.9012493333159888,2.70450375,6.91617065,13.542415,19.3828065,9.9091107,0.2709309,2.9234691,9.172634,12.3928575,3.82198655,187.84736,240.51328,171.23961400000002,71.512895,170.776116,406.05524,938.25043,1287.3222,1421.86455,1308.40291,10.39401955,5.4006441,841.889265,5361.89533
2018,barley,Cantabria,1504.0,26.518497065553525,34.15904029717853,48.03415414859565,5.901187501396216,1.1880124590310424,0.8028611967759199,0.6190045252298093,0.7010985069466676,0.533374520851808,0.732839974848218,0.634520214117454,0.5550210908014505,0.5486303180417281,0.4001724526356001,0.5583929552597603,0.3576278158443145,0.2463165848129958,0.2756369988965201,0.1074325540278753,0.2909150795942179,340,137.56,0.4045882352941176,4.3838862,8.1825148,13.4893865,18.210432500000003,10.591271,2.0381608,4.223326,10.6110015,15.1366785,7.069464475,304.73705,281.597104,241.16611,178.167025,378.307255,405.70712,903.22223,1166.77104,1184.70076,1196.14813,10.908127,7.691349291666666,1383.974544,4856.54928
2018,barley,Castellón,1109.0,25.020657600298016,35.18430293109192,25.18941010889611,7.478638418212487,1.3693323784264495,0.2518185461236283,0.3379457624786477,0.2911025864746182,0.345805778058417,0.2596420280636774,0.1465683225218833,0.2362333495814319,0.1894427121432017,0.236444300164908,0.1503439636086079,-0.1230854713514578,-0.0370327103881991,-0.0800661906099886,-0.0488102801532666,-0.1151124687075395,3567,2714.15,0.7609055228483319,7.101727,11.2122275,17.821533000000002,23.768542,13.24202125,0.73668186,3.1383998,10.646775,15.586849,5.7097370775,90.908386,97.878193,168.367987,95.18552,71.7810184,586.94976,1136.3659,1455.0033,1454.16337,1529.34333,14.398012,6.9213633025000005,524.1211044,6161.82566
2018,barley,Ciudad Real,2160.0,25.540821734229457,43.21070474494339,17.036367121796776,7.364130323396798,1.433797668518283,0.1894439462973185,0.1933401030391036,0.248027721339918,0.2207024090816902,0.1699038917918084,0.1112668679989809,0.1386420363951632,0.1737996971377702,0.1425551470627991,0.1034887989491479,-0.1367631912274081,-0.105496307474483,-0.0683597459148686,-0.1113309272675892,-0.1445352634838707,51137,133808.89,2.616674619160295,5.7860382,10.00999515,18.562776,26.9320085,14.455528325,1.31204215,4.499651999999999,8.817872,7.847944,3.782277975,107.42523,248.50066,85.52158,8.018562450000001,117.48536284,599.80344,1030.61666,1484.3566500000002,1691.99834,1666.5374,15.03364575,5.007011016666667,566.9513952899999,6473.31249
2018,barley,Cuenca,2967.0,24.3775694278534,38.26548047834629,18.5023914290409,7.574921749070817,1.4037943711750291,0.1699087762144579,0.2089546624118279,0.2480271692678229,0.2832026114597104,0.1581764805411332,0.0917499078940438,0.1542560356981912,0.1777389639493783,0.1972401126838665,0.0917531154321294,-0.1855347786063005,-0.0839950336796691,-0.0722751755218338,-0.0527542612014448,-0.173826033468215,134392,230669.43,1.7163925680100005,3.94249825,7.920260349999999,16.487367499999998,24.274834,11.71756785,-0.6366723000000001,2.58498625,8.06697835,9.05295085,2.84797872,109.307074,229.60559,142.218208,26.9994566,95.4030534,567.30393,1021.93995,1464.48373,1615.7315,1589.81943,12.676682633333334,4.1273667650000005,603.533382,6259.27854
2018,barley,Cáceres,3125.0,17.110187741336116,49.48306677938192,24.119467904773227,6.249366989402125,1.4092271256290698,0.2988372841235113,0.3221663905785579,0.3223126690581394,0.2793055917248673,0.2168121228480622,0.1738892729703964,0.2245838671897884,0.2089182934912481,0.2050841899426092,0.1229974885387756,-0.1210688924111829,-0.050816923894533,-0.0352746804718408,-0.0606033290160669,-0.1758428513161881,860,1344.13,1.5629418604651164,7.2101712,10.633235,18.8291845,26.223931,15.35288815,2.331550525,5.87560795,10.5776215,11.031794,5.4135564,110.039162,355.0564,80.908673,7.9947203,124.80446458,577.8946100000001,987.72594,1452.37455,1663.8309,1637.14891,15.600383,6.773947795833333,678.80341988,6318.97491
2018,barley,Cádiz,5510.0,32.30254239464251,32.14110893702688,22.84139486334083,6.959262369169773,1.41145303721279,0.2480281249191534,0.2246159788269801,0.5877144270445669,0.2949400300704932,0.2011504776527896,0.138692823487642,0.1659717620997959,0.4238199138425378,0.2050596276777969,0.1073883381942158,-0.1523918053282965,-0.0761761916651964,0.2066138156165885,-0.0195920497444649,-0.2070406743147016,2354,9616.57,4.085203908241291,10.47604,13.381351,19.0713535,25.1252215,17.832703,5.90392165,9.219992,12.4861095,15.6255955,10.913055,103.659456,420.258136,37.830868,0.4588018299999999,142.5266296,694.9354,1096.5421700000002,1595.1053000000002,1696.1937,1766.82969,17.286562,10.843621441666665,704.73389143,6849.6062600000005
2018,barley,Córdoba,4340.0,27.977760955586824,35.93623331493473,18.0370448614793,6.989155646943889,1.4420640893083423,0.3301341953472401,0.2441803846894247,0.5332480707081263,0.3066336943581563,0.2089614851766274,0.2089604683919085,0.1816449945523535,0.372973613301775,0.2206894524100272,0.1230119062046623,-0.0429226660164429,-0.0586145627516042,0.1523632736288629,-0.0214931931690123,-0.1367787602888013,5618,18415.88,3.2780135279458884,7.823754149999999,11.632892,19.7913265,27.4700545,16.36729525,2.8688365,6.535458800000001,10.29012875,10.798733,6.281155175,116.472353,309.74666,57.324456,4.01753879,118.9743209,648.21182,1025.8968,1499.38634,1699.376,1717.92518,16.575436274999998,7.175911233333333,606.53532869,6590.79614
2018,barley,Girona,3339.0,24.476401855517217,35.04049237182743,36.777612495839975,6.784815616004859,1.2801373830084133,0.4121123850270841,0.3301031271469588,0.65427265824281,0.3946252898804307,0.2753916023369523,0.2403154140123563,0.2246577591467262,0.4883402595869572,0.2773656196324578,0.1543017426802083,0.0059080319172385,-0.0643705109105402,0.2753562945273569,0.0194027741329775,-0.0723024053067265,21948,19657.55,0.8956419719336614,5.2753611,10.1639567,17.289932999999998,22.9536445,11.382680625,1.24445137,5.50006265,12.217445,16.536738,6.8348310125000005,177.100935,211.354365,236.4762,188.68964,245.722916,490.83253,1052.70468,1339.8642,1351.64148,1275.45778,13.074709425,8.1947265075,1059.344056,5510.50067
2018,barley,Granada,1907.0,25.37142730345376,36.99702425585095,19.547918796864348,7.429837891956373,1.4011652536355377,0.2089900147529625,0.2636246566371734,0.3691093161688688,0.2793116224640323,0.1893931242163933,0.1191417045359542,0.2089982438829447,0.2695585788333052,0.2129104035499018,0.1190724269598819,-0.0976593554696472,-0.0136697759650032,0.0664146589056872,-0.0097229019729706,-0.0977702326967971,14976,33748.5,2.253505608974359,4.99502065,8.48316,16.346578,24.0753645,13.001048,-0.0377034,3.48778935,8.0827589,9.15076885,4.3115726425,76.898628,290.54165,94.67218,24.84969577,118.6442576,690.53379,1097.36647,1555.18565,1677.1748,1726.0091200000002,13.317036525,4.884459830833333,605.6064113699999,6746.26983
2018,barley,Guadalajara,2900.0,23.64379090165741,34.41609728768813,21.88481025817056,7.33873430562416,1.3712528918954368,0.1816171788495656,0.2206886018151584,0.3262037851218537,0.3965396741833666,0.1737990859014049,0.0995740943037735,0.150392663775892,0.2363583581873765,0.2676335944326506,0.0995908215363548,-0.1835974852820848,-0.0800841665496675,-0.0292407196014707,0.037077818839186,-0.1660426237866383,94560,80342.05,0.8496409686971236,2.72005505,6.939118199999999,15.290196,22.9098625,10.448427375,-1.09330044,2.10831365,7.714150500000001,8.0435455,1.895392335,130.125683,229.206195,159.14784600000002,22.9887535,91.091313,502.02505,997.61694,1428.0545,1593.3746,1513.84172,11.45934775,3.4272489800000003,632.5597905,6034.91281
2018,barley,Huelva,3766.0,21.64026163403111,47.16316770994197,22.531403594582663,6.4534755998146105,1.4502325065903123,0.326167695432999,0.2910273046629802,0.4435067383215337,0.3730543908472561,0.1932826157037847,0.2010768972822691,0.2089544706744069,0.3184210528349227,0.2675604353265892,0.1151762740784844,-0.0722876645141342,-0.0566757707024862,0.0800793387887396,0.0098316834346846,-0.1621538169254375,375,1106.49,2.95064,10.0493655,13.033534,19.7633075,26.5883625,17.9692455,4.1683843000000005,8.1520829,11.711212,13.174225,8.25111475,85.475965,285.34533,64.749171,5.8551204,92.4717232,674.91693,1050.32931,1503.90045,1688.6086300000002,1743.77607,17.562176750000003,8.951355616666667,533.8973096,6661.53139
2018,barley,Huesca,3463.0,26.58874404243393,30.187439148002905,33.42726025881975,7.267331212487676,1.316439111840041,0.2675774144860902,0.2636660630935564,0.5918214667919094,0.3808738313847206,0.2011671922899742,0.1582296870671457,0.1894348306738943,0.4433686138032697,0.2636594893217023,0.1191276861480213,-0.0976164567670816,-0.0839871378187199,0.1816244433191008,0.0331654831048049,-0.1191339675409616,90301,174934.47,1.9372373506384204,3.10485925,7.373894999999999,15.569757,21.9611885,9.741327475,-0.8967860999999999,2.59770989,9.8962145,12.72374475,3.57826519,156.588447,295.51952,230.82021,105.055897,189.291458,540.8891600000001,1042.92632,1396.5641,1495.90254,1432.29942,11.248725783333333,5.24623557,977.275532,5908.58154
2018,barley,Illes Balears,1663.0,27.33129873118016,35.992629600353304,28.276301755714144,7.242465755966496,1.379667115707908,0.4589623691407133,0.1933650228310796,0.4824662991710542,0.2559108813257753,0.2930583739422953,0.2850533628384821,0.1347133607129542,0.3339221432664962,0.1699016630992945,0.168007670733162,0.0566056067611848,-0.1543182792638704,0.10733293846028,-0.1113288350382272,-0.0683809750065759,19044,16619.07,0.872666981726528,11.21477775,14.033608999999998,20.100514500000003,26.4950435,17.1818225,6.7945775,8.9512935,14.6653975,19.5931455,11.910891325,140.79197,106.175839,75.8991,33.9008857,179.42553,552.57804,1166.49696,1552.2395,1534.49193,1444.5722,17.701264958333333,12.304366108333332,536.1933247,6250.37863
2018,barley,Jaén,3460.0,30.688116173516992,29.78343230591621,19.18514732549988,7.46462718569945,1.4138276559180596,0.3299680054578667,0.2871240388556049,0.404302556620233,0.3066487559263585,0.3105690053833016,0.2012466685130604,0.2128764854400985,0.3244351876762625,0.2167611127117909,0.1972507828507636,-0.0039253594993459,-0.0449164485100758,0.0605287936553306,-0.0527260053386709,-0.0292608591403989,2117,5299.98,2.503533301842229,6.0841073,10.0652035,18.4526885,26.4392435,14.67460405,1.4395161950000002,4.96189425,9.17578925,9.1010793,4.350529725,109.66518,312.52609,87.369407,12.41716683,141.0728705,643.01862,1013.43014,1487.91936,1684.80426,1696.1893300000002,15.06507515,5.563223074166667,663.05071433,6525.36171
2018,barley,La Rioja,4896.0,28.12442067559485,29.71901618110145,25.75944795249755,7.2019767906766194,1.3299673371068308,0.2675989507706415,0.3183237441565216,0.4393594750989958,0.423722193660545,0.2441131123262717,0.1425420132671732,0.212916091117971,0.3145038575498685,0.3066235738078319,0.1210798906022366,-0.0820253840754796,-0.0214572133044133,0.0840012061626097,0.0976101481626828,-0.089841860573109,30791,18625.02,0.6048851937254393,2.5761835,7.0765215,13.556596,19.166994,9.5769631,-0.0307499999999999,2.785956875,9.45913685,13.4444415,4.1257535925,232.20579,237.830924,249.524575,126.607188,177.718881,435.86592,976.93383,1279.154,1417.7386499999998,1289.56906,10.255036866666666,5.651715401666666,1023.887358,5399.26146
2018,barley,Las Palmas,1486.0,25.810032702265115,43.41993635882721,20.35506831674174,7.67681131541121,1.3702478585894209,0.3183305819549591,0.2989320485897473,0.3732320367557178,0.2872856779042639,0.1872235591006102,0.2120863868370856,0.2088985213396444,0.2989863519905414,0.2088534597421058,0.1089329507508985,0.1618253874655159,0.0644769233270568,0.1773160380185136,0.0717875612737399,-0.0252826441826872,84,47.64,0.5671428571428572,15.4194,16.901989,18.361153,21.526315,20.37736275,10.3942795,11.670929,13.330976,17.009694,14.37355325,66.187455,15.762348,14.447502,7.0781004,25.6966433,861.8163199999999,1374.4815,1565.02265,1590.6978,2047.92263,18.82726375,13.5254975,129.1720487,7439.9409
2018,barley,León,3567.0,21.7109395695188,41.01995601706934,40.73160813987658,6.364580219073536,1.2637501117939414,0.2051075474452613,0.4569996863051682,0.3183515030086392,0.4003506236841171,0.1816014505582233,0.1073658611841811,0.2929388064278472,0.2089432922200794,0.2714899283320003,0.0996141020750022,-0.167990917288084,0.0820313461837838,-0.050817802923262,0.0273549031974005,-0.1836196090227107,19603,21528.76,1.0982380247921235,2.4542068500000003,5.4357945,13.4202205,18.817332,9.693024925,-0.4495748799999999,1.9452582515,8.136148500000001,11.1657865,3.340686975,144.17828,282.55131,203.50959,75.74754899999999,212.83486,443.49915,949.46666,1309.0136,1419.02539,1344.04312,9.91893395,4.579832053583334,918.821589,5465.04792
2018,barley,Lleida,4057.0,26.80088779228917,29.478447761727296,36.8381330183701,7.17928910655981,1.3082891532821035,0.2871262099230879,0.2831913360275647,0.5918252596294639,0.3456619664003153,0.2245480956440396,0.1620843096940089,0.2050665948420785,0.4472470215920222,0.232413761572957,0.1347447007325797,-0.0996079717551872,-0.0605401791689841,0.1855325295937987,-0.0058476880250411,-0.1191547379205265,111854,110567.44,0.9884978632860694,2.655324,7.319102750000001,15.2392635,21.183362,9.258661175,-1.35638946,2.27448809,9.7888175,13.554783,3.454360125,153.91395,234.651505,253.08501,153.161024,156.872776,530.2051,1074.45207,1371.63526,1438.5775,1394.83369,10.819062433333334,5.195069896666666,951.684265,5809.70362
2018,barley,Lugo,2150.0,16.86948151240638,45.92492350279246,55.1018177413162,5.189617673244169,1.159444550632349,0.7637454432382158,0.5686948811472975,0.612999052844486,0.482341096939809,0.6699022146875879,0.5746654128759122,0.3764202163288359,0.4315491349265661,0.3340243625457585,0.4106934022286906,0.326731932903564,0.0721737122045483,0.1662956132041791,0.0330966778591814,0.1996727073747318,534,406.37,0.7609925093632959,5.4989902,7.84662675,13.8032005,18.365924,11.093755625,3.48534275,5.04124,10.864138,14.6334505,7.509228999999999,279.33475,387.24191,197.415165,108.288864,352.86208,367.71243,825.74296,1187.96,1288.94735,1192.57442,11.283708783333331,8.173771541666667,1325.142769,4862.93716
2018,barley,Madrid,3150.0,23.93837642946105,42.31762860431763,19.785028990224937,7.3526634916591185,1.3807294025513286,0.2011718400273512,0.1894358517076756,0.3886595906698187,0.2987972047635779,0.1738024537036636,0.1151702376764233,0.1386368961833227,0.2949498404355253,0.1933522091864431,0.1074094738031306,-0.1523472195291871,-0.1074440811952297,0.0350940688229382,-0.0410718523326148,-0.1602223406235579,26851,39710.37,1.4789158690551565,4.322798349999999,8.64460135,17.6560835,25.34929,12.48635465,-0.0204828999999999,3.31254185,8.29861045,8.15545015,3.245557475,116.821756,221.00952,101.090534,11.1043248,74.1203173,533.67628,1013.69716,1481.1176,1645.61146,1578.27622,13.49091375,4.372872416666667,524.1464521,6252.37872
2018,barley,Murcia,1176.0,28.14212353531068,32.383473663801254,15.80811473143195,7.861866665395269,1.4499177163689994,0.2284604739380273,0.3222364368303839,0.2518692881238726,0.3301060525290694,0.2324081709139976,0.1465008087489489,0.2675917992641436,0.1893755370780271,0.2676023733673546,0.1522660700770875,-0.0584745635704436,0.009798762649115,-0.0293636580082704,0.0136201985435075,-0.0586017301882732,6841,18398.52,2.689448910977928,8.2400075,12.6511425,19.550462,25.864644,14.9767005,2.2132712,3.7804163,9.993567,14.732089,7.829434275,71.977344,66.76015100000001,62.763651,27.6791197,59.012787,663.45279,1193.2094,1558.58677,1588.1177,1624.0434300000002,16.04327616666667,7.729702008333334,288.1930527,6627.41009
2018,barley,Málaga,3947.0,31.4056117216678,32.82147773423947,22.06149385701749,7.10139275801547,1.3994517617706483,0.3456405509416325,0.2363541155542705,0.4082377917812403,0.2870994563139623,0.2245892137612095,0.2050960732935998,0.1660255192737212,0.2871663823055732,0.1972441828272034,0.1269002211329529,-0.0254763832698536,-0.0566145848268175,0.0663107209538173,-0.0331757649683555,-0.1055405425653369,4146,11480.94,2.769160636758321,8.5239655,11.518792,18.18434,24.9323275,15.609095750000002,4.0125319,7.1981254,11.1557195,13.8563955,9.50889985,98.428154,354.12442,52.957832,1.6354790140000002,119.949811,690.47373,1083.93025,1589.1723000000002,1707.9033,1745.58714,15.72960275,9.206762,627.095696014,6817.06672
2018,barley,Navarra,3849.0,31.32335790547628,24.970152669805643,31.35806266455273,6.954826134924855,1.298901861511466,0.2715240564314816,0.2559042528481978,0.6074061213228313,0.4003856915447386,0.224573046799746,0.1582042243421018,0.1738111966082759,0.4512249581029154,0.271444812749547,0.1091312558859289,-0.0742948547910767,-0.0898591952012331,0.2206989736794832,0.0664123817939769,-0.1055130229654226,41971,68644.02,1.6355107097757977,4.1998385,8.605162499999999,15.029437,20.6536395,10.406099225,1.652946815,4.2117173,10.922314,14.9470605,6.149090975,263.79193,281.41647,194.31543,148.37837,267.233964,418.9773,933.37066,1249.9263,1376.6399,1229.9728,11.550045991666666,7.3387034275,1155.136164,5208.88696
2018,barley,Ourense,2150.0,16.249732452434706,53.44489651287875,52.00591259343389,5.283026888645734,1.195422189596347,0.4432036518937224,0.5292230687381051,0.43969245050459,0.4316967982764651,0.3107252700702031,0.2401895977213344,0.3809569858081767,0.2635902170343202,0.2989147673104511,0.1542285756950709,-0.05919374493886,0.0839628624561663,0.0060664190025692,-0.0254428819116709,-0.1445048244251933,1307,1009.77,0.7725860749808722,4.34650935,6.9006995,14.204657999999998,19.141878,10.772703375,2.0106553000000003,4.19697465,10.173227,13.1356495,5.928278075,202.338665,447.43521,204.30648,64.591435,302.526462,414.81734,835.35803,1270.4811,1420.888,1327.47336,11.023191933333331,6.895510433333333,1221.198252,5269.01783
2018,barley,Palencia,4357.0,26.83553580524947,32.61265872254773,23.38300995902138,7.347835062602215,1.3561270357835948,0.2246174023154566,0.2323975725407065,0.4785120536243173,0.5918150976572455,0.1581960889873169,0.1269592437324227,0.1522229388040764,0.3595312776306287,0.4238307283092207,0.095675000178169,-0.1504398758385347,-0.1464959202970774,0.0878519440853234,0.1894679145423944,-0.2148011406775836,46919,108828.84,2.319504678275325,2.77200045,6.70739625,14.136294,19.997343,10.237597025,-0.1246239,2.6658704,8.522854500000001,11.4133685,3.406307835,123.45627,228.07012,162.25020999999998,52.8449134,132.623646,435.3742,954.82624,1361.7179999999998,1474.54676,1364.6106,10.681371291666666,4.881680861666667,699.2451594,5591.0758
2018,barley,Salamanca,3878.0,18.109806377959167,51.23045171113789,24.86092930572984,6.12553323366478,1.3795701483018383,0.21678825561588,0.2089624230250954,0.3495689783898006,0.4472482935135023,0.1620706327801901,0.1446352144956234,0.1464399240701521,0.2479909211451987,0.3144012263857785,0.0995705328595646,-0.1132530244463404,-0.1132354632267663,-0.0098194168772371,0.0605238606116831,-0.1914642046301214,12444,31001.81,2.491305850208936,4.185718550000001,7.816844,15.578394,22.4438935,11.96530985,0.608131625,3.7865158,9.398421,10.4126465,3.63452435,108.423085,292.48819,129.982325,14.489433,104.5605659,498.34511,958.86035,1405.0096,1635.2036,1557.55184,12.325911625000002,5.2457939375,649.9435989,6054.9705
2018,barley,Santa Cruz de Tenerife,1050.0,32.70205678621995,32.97358463013403,38.50748213094444,7.034813305143394,1.25841503859716,0.3732458093840382,0.4120849613266513,0.4547940777653324,0.4357743233177014,0.3535495624352842,0.2599443707168254,0.3218569196422823,0.3616401621436262,0.353396125579254,0.2440510937332329,0.1309324480917387,0.1465463593746409,0.1815398620737309,0.1542349858592533,0.1232868570447458,31,8.11,0.2616129032258064,13.256011999999998,14.969839,16.614085,20.3435365,18.456451,8.705474800000001,10.61734,12.2942605,15.5228175,13.39319875,95.829743,31.630764,25.1216405,9.438632,61.62429,865.60935,1395.4182,1617.2205,1634.06355,2045.01244,17.016062416666667,12.321048383333334,223.6450695,7557.32404
2018,barley,Segovia,3100.0,22.95033943412197,47.58392804435696,19.96673350457498,7.250836937457768,1.370242006893574,0.2167634716907365,0.2206808027133902,0.3613398593479272,0.4667302372863717,0.1894771967689384,0.1326841773616376,0.1600440854400437,0.2753181975942488,0.3339992109436713,0.1112905408560553,-0.1210922981842067,-0.1055720818882056,-0.0057605823395796,0.0820074987845639,-0.166033985433188,48577,67704.62,1.393758774728781,2.46745695,6.86787365,14.7682385,22.158445,10.558264825,-0.55866605,2.3284896,8.3521006,8.8376385,2.3077119675,163.31541,244.24698,151.30628000000002,22.7957015,109.7058484,464.40914,994.08163,1437.25928,1615.2687500000002,1506.28616,11.229757291666669,3.929164430833333,691.3702199,6017.30496
2018,barley,Sevilla,3795.0,31.77131470630645,30.53762004011168,16.95241902290036,7.288286143117437,1.480187214073171,0.2714443793540805,0.2441355335473658,0.4902829028652384,0.3105448922753623,0.1933456990755846,0.158189837262465,0.1757171944179786,0.334034087160691,0.2089526008991246,0.1034568380727493,-0.0898298717169947,-0.0644698488623111,0.1131866065320764,-0.0195460294405915,-0.1679953605267714,4755,22552.17,4.742832807570977,9.70256075,13.128951,20.4785745,27.5046975,17.97701125,4.1525805,8.14685235,11.5237555,13.1151075,8.1361714,100.682175,301.29266,49.992965,1.92470535,108.34626327,677.1121499999999,1053.8045,1526.9133900000002,1704.2958,1746.96197,17.794801041666666,8.868439775,562.23876862,6709.08781
2018,barley,Soria,3445.0,24.14897133863889,38.1844620214656,21.79758516066749,7.418943188363471,1.364438552086122,0.1933098994703397,0.2558505111535816,0.3262470692019001,0.4355671595010065,0.1855313442169002,0.1034761273054119,0.165999582571771,0.236269491434025,0.2988290054856817,0.1034939425900529,-0.1757192048087734,-0.0800969126750734,-0.0331543793896916,0.0585622644598888,-0.1445738187803886,72360,75967.29,1.0498519900497512,2.0401167,6.4489324,14.0602175,20.818023,9.473451125,-1.07794886,1.871843892,7.8562467,10.0015035,2.1435852825,152.278004,206.028145,174.68504,46.053564,106.428148,469.69209,1007.00605,1418.8505,1550.06574,1432.88185,10.385698641666666,3.823135966166667,685.472901,5878.49623
2018,barley,Tarragona,3330.0,27.039674946850173,29.157641826116148,25.42767199008608,7.541700374846145,1.3779395177871585,0.2480824852757153,0.3495675360446212,0.3651856216802456,0.3339346731582622,0.2246011747545132,0.1465176492442122,0.2480670185581526,0.2559600504941001,0.2324374260208099,0.1386533731915523,-0.0820157031435047,-0.0215000347362236,0.0136888343888793,-0.0253486228272752,-0.0977013965679318,18795,13745.41,0.7313333333333333,7.86884175,11.90250625,19.0280955,25.09009,13.769416625,2.73487835,5.3776189,12.224189,16.9611235,7.27300335,118.95858,129.642902,135.41905,101.525413,85.364402,545.71515,1116.48947,1470.42827,1469.54054,1452.07541,15.238061125,8.640636075,570.910347,6054.24884
2018,barley,Teruel,2346.0,22.47443950415829,33.79777589993578,21.10040503109295,7.412077456982944,1.4040643147552672,0.1620721698057592,0.2167838227739335,0.2598013980407592,0.3573750893369218,0.1659689503778736,0.099566571509085,0.1653379936169513,0.1855287637016534,0.2597355962086397,0.1034684543175871,-0.1815961977957138,-0.0956866320574511,-0.0722335116744522,0.0097863640185908,-0.177751476305668,106131,97364.16,0.917396048279956,3.371559,7.66793485,14.986239,21.914706,10.170244875,-1.2629504275,1.2400745,8.029456,10.928594,2.213514,88.468694,167.11375,177.59932500000002,72.549987,62.006353,554.4362,1084.3271,1411.3021,1516.03604,1538.24162,11.380154766666664,3.8937003454166663,567.738109,6104.34306
2018,barley,Toledo,3199.0,24.03382423807433,44.03232096632096,15.83815342941664,7.521497534421158,1.4232979965825454,0.1776999726823964,0.1855253143840301,0.3320860105992494,0.2245997805307623,0.1698782785997011,0.1052515760854549,0.13864149110333,0.2538722045519949,0.1523063193271428,0.1052650746285157,-0.1523533037197104,-0.1230264743164695,-0.0117453433542473,-0.1152228573715459,-0.1601430699222324,60027,129337.7,2.154658736901728,5.5405318,9.810483,18.598643,26.5436975,13.83030575,1.11631729,4.4360503,8.9156765,8.5994575,4.107030625,116.195388,237.05267,83.093426,4.958112900000001,90.49512468,571.9512,1033.71765,1495.017,1674.25407,1636.84678,14.6923278,5.213593806666666,531.79472158,6411.786700000001
2018,barley,Valencia,2600.0,26.0008257832434,37.048684736688,22.372951102187645,7.601531685280463,1.4041003137156485,0.2011341897368227,0.3496022032798418,0.2402018283440832,0.3417839577408819,0.2323845900690897,0.1229881271896138,0.2636592158688554,0.162118366900192,0.2519760840810998,0.1425695272958232,-0.1290862024662968,-0.001979166917024,-0.0800595493929576,-0.0097956085773572,-0.0976298994505165,6365,7672.99,1.2054972505891597,7.48757,11.89220025,19.2441665,25.3897645,14.2293376,1.5313207999999998,3.56334555,10.201136,15.011847499999998,6.51557465,120.87228,81.205417,111.709606,52.6914095,68.253272,602.4428800000001,1153.9055,1513.67513,1514.88296,1571.68499,15.412062741666666,7.223133191666666,434.7319845,6356.59146
2018,barley,Valladolid,3892.0,25.05730563338003,44.38433851977854,16.605732397771998,7.537662389100126,1.368638307984791,0.2128983239747707,0.2167774899066072,0.4628509228643754,0.5527437759728329,0.1581503935280289,0.1191199369170907,0.152170989968192,0.3555411403027455,0.4043225366636624,0.0956697392818278,-0.1445347453946227,-0.1367761871628045,0.0898446682349504,0.1679822744901229,-0.199218168044046,60977,161434.74,2.6474693736982795,3.9397057,8.1760228,16.064960499999998,22.854434,11.4869855,0.5259981850000001,3.39773565,8.9697795,10.0843925,3.3736711500000003,101.43031,202.109764,124.224236,20.8480426,82.32778364,448.547,988.96762,1438.96069,1619.75295,1473.65848,12.334849,4.9542080225000005,530.94013624,5969.88674
2018,barley,Zamora,3866.0,20.944712657487724,43.92237419003452,25.184467164860514,6.42948867049523,1.3298581028586076,0.2363153410060623,0.2246054242972499,0.3691496677842291,0.4394475313223954,0.1698899313145049,0.1347389760451607,0.1522445863586912,0.2597679148422486,0.3105123979586233,0.0995532497517874,-0.1288873379958058,-0.1290151508225833,0.0098747206872394,0.064424196652672,-0.1835395877261346,29950,63008.49,2.1037893155258764,4.08410215,7.5963615,15.688254,21.8438855,11.45295065,0.3874643000000001,3.37843105,8.8674705,10.51174,3.689317925,86.232605,242.94261,139.874294,25.2905406,113.5450651,472.30302,971.0495,1422.13947,1592.0765,1470.12135,12.019750741666668,5.087290283333333,607.8851147,5927.68984
2018,barley,Zaragoza,2336.0,28.48526921389855,27.13269446924836,19.52018178987687,7.699227047889838,1.4005314565905318,0.21285955056949,0.267589599282315,0.505895348325534,0.462868775101987,0.1894225384813382,0.1269229329828282,0.1933626483479944,0.3886770000540494,0.3457230503018971,0.1191272824475994,-0.1210937855783114,-0.0644559527814048,0.1308598348958249,0.0878949105429363,-0.1289481277298112,125871,163698.06,1.3005224396405843,5.4628225,10.031925,17.6121695,24.322175,11.9890624,1.1517041499999998,3.6655786,9.9738635,12.774227,4.6533198625,113.497453,192.65236,121.698318,41.961272,78.225172,516.13858,1058.14595,1460.73694,1547.81395,1454.2853,13.567869466666666,6.145335495833334,548.034575,6037.12072
2018,barley,Álava,4400.0,31.5827763496144,25.36169499958537,33.23610968294773,6.722444370732785,1.2771215689526494,0.2636120143289208,0.3339944292113241,0.548843908670445,0.6464172688938751,0.236305933732504,0.1464549262668297,0.2011683099818089,0.3963329694646616,0.4609133484023735,0.1152169734981994,-0.0800960612729467,-0.0019724180896353,0.138682224730904,0.2870741437746228,-0.0957166199451794,13691,12922.23,0.9438485136220874,3.92591225,8.06235815,13.7927985,18.943886,10.155856625,1.802937215,3.9645009,10.72548,15.0403285,6.354968100000001,278.23654,241.8831,171.96236,103.582382,271.73571000000004,377.4393,902.25092,1115.2447,1242.94364,1166.18427,10.839444691666666,7.3738638025,1067.400092,4804.06283
2018,barley,Ávila,2846.0,18.84587684120659,52.67248967780342,26.25381735908533,6.769433481413691,1.3472347846903128,0.1894225226296609,0.1894028772316293,0.4002422383253197,0.4316010037253978,0.1659548675726272,0.1209589085351307,0.146465596567841,0.3105386945068118,0.3027716819916242,0.1073888076756967,-0.1054821639907902,-0.1230415279058273,0.0293508867711709,0.0527584658401388,-0.1738697000114526,20876,46420.69,2.223639107108641,2.3810634,6.3308915,14.6323075,21.925335,10.899834525,-1.2164546,2.11534732,7.97412725,8.512055,2.0025072425,149.735815,304.024136,147.48075,24.555614,104.3089016,532.18083,1016.12316,1438.00316,1635.403,1589.1245800000002,11.178211075,3.565014909166667,730.1052166,6210.8347300000005
2019,barley,A Coruña,2100.0,16.8174956794124,45.38603802117088,56.51798682220782,5.187478829120761,1.198658446748758,0.7009999686150775,0.6895877980060561,0.6270584803648557,0.4160383046936666,0.6700192876546115,0.4550348065890426,0.5019950939740467,0.4432193799291321,0.2676464347806321,0.4196823122589748,0.2244363013545434,0.1583128558437659,0.1602315664694808,-0.0509360611217336,0.1973560992746704,541,267.96,0.4953049907578558,8.4633435,10.3210085,14.1895915,18.422938,13.557068,5.5801954,7.0927073,10.814987,15.0153735,10.52126975,175.351165,253.48064,158.598888,69.522525,487.544025,459.39234,943.93306,1286.7984,1313.1050300000002,1200.037,13.085169583333334,9.92430045,1144.497243,5203.26583
2019,barley,Albacete,2400.0,24.808089988498978,40.84869918043516,16.202073223185316,7.77704961335989,1.4307609142846458,0.1855220537414536,0.1855463101644205,0.2363411501635772,0.2558357037018088,0.1855329418635734,0.1151903206439127,0.1425557157651646,0.1659911338630251,0.1933421116368471,0.1112829170125158,-0.154299820552624,-0.0879198789984714,-0.0976636625318637,-0.0351420410614238,-0.1523580817732419,31238,115428.15,3.695119725974774,6.2062233,10.6019305,19.615392,25.455529,12.811082625,-1.10290935,1.824978635,5.7859225,10.220507,7.258483325,19.956838,141.076706,23.580062,43.266573,189.8554875,722.38199,1131.7315,1675.77885,1605.2944,1440.40624,14.583540008333332,5.2075775725,417.7356665,6575.59298
2019,barley,Alicante,950.0,28.14081783274487,32.7017122972431,19.33509823066453,7.803332708707288,1.4283765640307449,0.3105545242531147,0.3183381039411978,0.3105431155010378,0.330063488096062,0.3418305330764687,0.2207254582208431,0.2557898205815794,0.2442034325131145,0.2753651531145417,0.2480123185585389,-0.0116350665145938,-0.0059009333800167,0.0058382097163374,0.013676831847439,0.0193215832017885,1340,2298.5,1.7152985074626863,9.608028,13.0994595,19.9020715,25.982953,15.59271875,2.1636154000000003,5.4170783,10.690669499999998,16.434548500000002,10.995324925,8.5037325,163.438257,21.6630076,29.687423000000003,255.796535,718.43497,1169.7147599999998,1646.8371000000002,1566.6166,1461.55682,16.629658250000002,9.449426925,479.0889551,6563.16025
2019,barley,Almería,1772.0,24.65662421812085,39.35405773908459,16.518651100140257,7.673561929359524,1.4301057094426903,0.3106260523922467,0.3258635134854979,0.3338549749399744,0.2986037450719845,0.380900508866329,0.2129975338995677,0.2558886867565692,0.2558160113329645,0.2440201105457726,0.2598465278292561,0.0527258686538316,0.0449340507002529,0.0683309676539465,0.0527649350364493,0.1112771128601813,4288,8986.91,2.095827891791045,8.440094,11.912969,19.74095,25.245018,14.47172075,1.50248045,4.28403415,8.8586735,13.7734575,9.52695125,12.24968,102.02138,21.435316,25.212255,249.0396505,758.41299,1209.5174,1706.5614,1624.86846,1556.99643,15.713745416666669,7.91209135,409.9582815,6856.35668
2019,barley,Badajoz,1924.0,21.418389931563453,45.44558736513142,18.433958609800072,6.540236159018335,1.4420478317211065,0.3066812069791046,0.193329612617295,0.2597594130975437,0.2167887608452847,0.2754116391958794,0.16990839618126,0.1308141692196925,0.154238616837196,0.1425381091199416,0.1325537001727753,-0.0820990713295632,-0.1035269110992655,-0.1055500439044462,-0.0977000469282987,-0.0820509726591038,17053,50350.28,2.9525760863191226,8.67562425,13.2995085,21.8383435,26.6341955,15.890722749999998,3.6232693,5.0326318,6.869424,10.5841715,8.92304375,39.32012,84.435406,4.6750403,7.0747464,216.794318,686.07407,1197.991,1701.44277,1658.07195,1506.73225,17.038186208333332,7.325930683333333,352.2996307,6750.31204
2019,barley,Barcelona,3653.0,26.204354638848468,32.753960683736054,29.990155084554463,7.185439990586382,1.3308924085894462,0.2558443908882904,0.2441015229807098,0.349629718953326,0.4901747200776521,0.3378773843635008,0.1504098613568866,0.1660063055242551,0.2324079062179693,0.3456983338267128,0.1854823633968357,-0.0761426308233065,-0.0761862083655363,-0.0059468086055887,0.1230692131976883,-0.0293383457555023,47320,35856.69,0.7577491546914624,5.5127270500000005,10.0311365,16.7897455,23.002158,12.496633,1.0407431310000002,4.6242751,10.050194,16.788736,9.5297852,37.936025,109.944373,118.898336,136.485762,402.973109,610.69106,1103.8304,1510.49373,1423.27074,1241.19846,13.388172175,8.593919771833333,806.237605,5889.48439
2019,barley,Burgos,3942.0,28.704485606590584,31.060509805013474,24.87810186587034,7.255276655331994,1.342514301757512,0.2245906694424599,0.2206677304754185,0.3691014676885296,0.5527421684556856,0.2226605014410121,0.1308462787699178,0.1464602063887407,0.259790560771457,0.4159879388311094,0.1132323087758054,-0.1347818259599804,-0.0663945305193668,-0.0117440341485496,0.175822814085332,-0.1367123819867204,153746,138563.48,0.9012493333159888,3.874326,7.849758,14.3789965,20.159193,10.6037095,0.080154115,1.98172625,6.186555500000001,11.0384795,5.964598825,110.929312,130.984726,89.776243,79.222928,225.010379,509.33075,1046.64634,1457.66696,1435.76081,1279.4703,11.24494875,5.2026855025,635.923588,5728.87516
2019,barley,Cantabria,1687.0,26.518497065553525,34.15904029717853,48.03415414859565,5.901187501396216,1.1880124590310424,0.7869210637959679,0.537611006188151,0.7285136729146156,0.474519489884075,0.6623358227443686,0.6270181335842393,0.3727495901721723,0.5642182125055711,0.3264971659560725,0.42439712946679,0.3538821926182919,0.053086004044235,0.3173333051863294,0.0489853834823712,0.1930944973538561,340,137.56,0.4045882352941176,5.698243850000001,8.562664,13.2896015,18.222416000000003,11.4480144,2.2699679,4.3529558,9.10304475,14.4544345,8.1198659,235.02974,165.843837,152.75687,192.66433,304.301878,478.66368,1008.41218,1277.93561,1230.8025,1219.77937,11.444825691666669,7.736689125000001,1050.596655,5215.59334
2019,barley,Castellón,1387.0,25.020657600298016,35.18430293109192,25.18941010889611,7.478638418212487,1.3693323784264495,0.3183991682826776,0.3066626376866061,0.3261247135288554,0.3377966955945187,0.4278698018213997,0.1856017936683535,0.201071100674156,0.2089679117913836,0.2324295622097551,0.2637356407350549,-0.0721452821929727,-0.0605198897358919,-0.0567867125466239,-0.0331856286658114,0.0410548431433749,3567,2714.15,0.7609055228483319,7.2385235,11.185131,17.883416,23.996107,13.52868775,0.101426245,3.1166232000000003,8.7037165,14.9532795,8.76972185,8.7581376,112.401014,56.844705000000005,63.006195000000005,328.536564,690.36952,1147.39551,1592.1572,1487.4306,1369.08463,14.560092166666664,7.402414857499999,569.5466156,6286.43746
2019,barley,Ciudad Real,1833.0,25.540821734229457,43.21070474494339,17.036367121796776,7.364130323396798,1.433797668518283,0.2011461424201942,0.1777073106687817,0.248061536573529,0.2089744381540682,0.2050676490263216,0.1190994233575239,0.1269122448621054,0.1620876538365957,0.1464633734468733,0.1152103043934169,-0.1446091267358731,-0.0976430364616674,-0.0977293737395316,-0.0957081138365581,-0.1523829480003083,51137,133808.89,2.616674619160295,6.887093,11.7247035,21.394932500000003,27.2473215,14.073983125,0.54882652,2.77047875,4.96764135,8.12359125,7.271504999999999,35.078413,128.428909,7.7205982,18.5512303,200.060099,703.53034,1147.2229000000002,1702.53585,1648.81034,1481.55081,15.900336125,5.158924645,389.8392495,6683.65024
2019,barley,Cuenca,2300.0,24.3775694278534,38.26548047834629,18.5023914290409,7.574921749070817,1.4037943711750291,0.1855364982792636,0.2011590914679185,0.2597481332561178,0.2558223098191307,0.1855284773460777,0.1073849348773419,0.1503896914366543,0.1777580603107388,0.1933493704737228,0.0995731876307983,-0.1660156488920021,-0.0683499911201853,-0.0898638224291454,-0.0097485651964382,-0.1777261954638027,134392,230669.43,1.7163925680100005,4.8773817,9.359336,18.2910995,24.6460975,11.825196875,-1.7438872,0.9855943,4.52374925,8.564063999999998,5.927963875,37.022441,155.67283700000002,22.7230102,39.423461,230.499161,687.64273,1115.5925000000002,1653.82977,1595.6128,1414.16964,13.470718075,4.030908016666666,485.3409102,6466.8474400000005
2019,barley,Cáceres,1333.0,17.110187741336116,49.48306677938192,24.119467904773227,6.249366989402125,1.4092271256290698,0.306630621616248,0.2910887763426959,0.2050226012084882,0.2324402054615242,0.2714058746662816,0.1855337166770264,0.2129162699676569,0.1386238216264725,0.1699522839442783,0.1347012445671442,-0.0898442262481082,-0.0449110897968738,-0.1368094249034342,-0.0917774880963038,-0.1367687182447662,860,1344.13,1.5629418604651164,7.908422,12.441916,20.778983,26.297755,15.204134,2.856089,4.88247265,6.98721715,10.6319945,8.23934715,40.514252,121.92046,11.356432,16.3009598,260.944165,642.90979,1181.64175,1661.1383999999998,1620.8891,1441.70475,16.305890666666667,6.9727446,451.0362688,6548.28379
2019,barley,Cádiz,1247.0,32.30254239464251,32.14110893702688,22.84139486334083,6.959262369169773,1.41145303721279,0.2441530770860538,0.1972375861277222,0.431563461515433,0.2324015523121654,0.244108748434291,0.1230441172880372,0.1425336505255606,0.2909197404202222,0.1699073212617053,0.1230374728115549,-0.1679173195398887,-0.0839826960854493,0.0272453184033268,-0.0351456943111806,-0.1758741750715606,2354,9616.57,4.085203908241291,11.3433045,14.8267595,21.064314,25.116747,17.30498575,6.38160315,8.27732975,11.37967625,15.56751,12.56926525,48.168171,82.070198,0.98220454,2.77387796,292.70398700000004,738.25936,1235.68954,1743.01068,1657.2913,1606.38907,17.826849416666665,11.124108275,426.6984385,6980.63995
2019,barley,Córdoba,1765.0,27.977760955586824,35.93623331493473,18.0370448614793,6.989155646943889,1.4420640893083423,0.3378877925795079,0.2441424772069283,0.4159634148992394,0.2597217048132221,0.2714674710647931,0.2050896730596754,0.1854992928381182,0.2870981819447679,0.1855255537049716,0.1443934654486117,-0.0429558388381569,-0.0566640217050158,0.0272600977766733,-0.0410440399183519,-0.0898627248109117,5618,18415.88,3.2780135279458884,8.6541565,13.4174625,22.6296315,27.5686205,15.62585975,3.0016174,5.0050458,7.29010435,11.0826545,9.38375675,40.714407,97.389618,2.76937907,6.0383397,237.562652,718.04112,1172.92315,1737.13849,1673.26023,1534.4826,17.253598416666666,7.524489258333332,384.47439577,6835.84559
2019,barley,Girona,4108.0,24.476401855517217,35.04049237182743,36.777612495839975,6.784815616004859,1.2801373830084133,0.3457187959871018,0.2753707887192057,0.4511887604722223,0.4160956834401181,0.4277433545734507,0.2090577355968553,0.189431183880695,0.3105070952005748,0.2987609422307758,0.2442633634815536,-0.017627841897322,-0.0762210718847626,0.0684596223357934,0.0644284353498162,0.0488067033731968,21948,19657.55,0.8956419719336614,6.04693965,10.442533,16.8530475,23.2496015,13.05453875,0.93139302,4.49659235,10.1928495,16.5928995,9.419773925,47.452191,118.056478,159.582356,132.773882,419.044618,588.49434,1098.67102,1467.63379,1389.30656,1227.63549,13.783533191666663,8.50888037,876.909525,5771.7412
2019,barley,Granada,1504.0,25.37142730345376,36.99702425585095,19.547918796864348,7.429837891956373,1.4011652536355377,0.2636504343932106,0.2558678818433992,0.3300555434234257,0.2714523314522774,0.275375514273067,0.1660441776058282,0.2051102030713565,0.2402635001415576,0.2089620618803887,0.1660693874610498,-0.0488764890570938,-0.009774068653182,0.0058503272182156,0.0019335161347406,-0.0507160024971348,14976,33748.5,2.253505608974359,5.9646443,9.7739335,18.9896095,24.640946,12.511723,-0.2982591765,2.48102345,6.2605471,10.138717,6.926552249999999,47.024017,131.682093,13.3668516,26.105253,255.159089,739.94193,1187.80915,1733.45317,1652.8231,1555.36342,14.065429883333332,5.405855478916666,473.3373036,6869.39077
2019,barley,Guadalajara,2800.0,23.64379090165741,34.41609728768813,21.88481025817056,7.33873430562416,1.3712528918954368,0.2011584314710619,0.1737953859212767,0.2871074539265153,0.3769955407858974,0.2168162306068351,0.1112685259725227,0.1308211530348318,0.1933921883840745,0.2792847449028024,0.1074009418431764,-0.1660300271684251,-0.0566632533730816,-0.0762218634554376,0.0683664195896463,-0.1660187169983187,94560,80342.05,0.8496409686971236,3.9970193,8.380563500000001,17.0515245,23.551724,11.045382375,-2.01015125,0.2116042999999998,3.4151060500000003,7.3750847,4.870110425,46.999148000000005,148.502417,34.865891000000005,43.483132,224.365216,636.85427,1112.7509,1638.628,1568.46815,1380.9103,12.511932675,3.1219774416666666,498.215804,6337.61162
2019,barley,Huelva,2378.0,21.64026163403111,47.16316770994197,22.531403594582663,6.4534755998146105,1.4502325065903123,0.326194802626056,0.22067695347125,0.4160026586446414,0.2987828436641263,0.2676546176452918,0.1895027579721952,0.1620449201819165,0.2910271731454,0.2207151159758571,0.1424674195405182,-0.0878072810811805,-0.0800666775230817,0.0214487434467393,-0.0332435195561752,-0.1034632923997375,375,1106.49,2.95064,10.6854745,14.97079,22.483307,26.524764,17.1937985,4.88140635,6.669436,8.94737125,12.68708,11.009143375,38.989781,70.49033,1.34678898,2.9762695,206.778884,719.2005,1217.90214,1726.41847,1679.7532700000002,1582.5882,18.17532208333333,9.200596725,320.58205348,6925.86258
2019,barley,Huesca,2990.0,26.58874404243393,30.187439148002905,33.42726025881975,7.267331212487676,1.316439111840041,0.263671330606699,0.2402108020334471,0.4316262928837151,0.4277594219584655,0.2597782849071861,0.1581667272096725,0.1756804762391074,0.3066664019410531,0.3027418698797088,0.1425503050675978,-0.0840045413899975,-0.0488390968013224,0.0527181510705518,0.0917788981326784,-0.1054635476861089,90301,174934.47,1.9372373506384204,3.4725574,8.6318867,16.399633,22.724596,10.822923675,-1.7216138,1.115988715,5.7328753500000005,11.659857,6.48238815,89.958456,113.10597,117.267163,124.49207,325.937939,614.2778000000001,1154.62061,1584.44115,1514.6348400000002,1325.57057,12.145753408333334,4.958647260833334,770.7615979999999,6193.54497
2019,barley,Illes Balears,1365.0,27.33129873118016,35.992629600353304,28.276301755714144,7.242465755966496,1.379667115707908,0.4159865491038068,0.1699089528224741,0.4043128562890083,0.2324224535238854,0.3964637564896657,0.2715128077798009,0.1230396281031955,0.2715258094372132,0.1542665041591351,0.2401922080802686,0.0293439868966502,-0.1465019345835541,0.0175195128664917,-0.1152599721721521,0.0019053331957783,19044,16619.07,0.872666981726528,11.18575625,14.171554,20.1276915,26.6421715,18.008109375,6.38371435,8.520578,13.0401775,19.2219615,13.900378875,35.520931,39.794318,32.3278269,18.6634254,294.544579,647.26068,1188.5334,1617.62116,1555.5681,1417.03492,18.023898666666668,12.494531516666669,420.8510803,6426.01826
2019,barley,Jaén,2395.0,30.688116173516992,29.78343230591621,19.18514732549988,7.46462718569945,1.4138276559180596,0.3692085440872456,0.2675557416043539,0.3496293572848185,0.2871332944053321,0.361256591379499,0.2284956189813489,0.2011631978218336,0.2441357506375833,0.2089643819296978,0.2167863453271966,0.0019554130522773,-0.0430036987605242,-0.0136827715051612,-0.0371012596197847,0.0059018702985692,2117,5299.98,2.503533301842229,6.97724,11.575382,21.322358,27.021903,14.2266935,0.7132747,3.4227067,6.239959499999999,9.4897665,7.589611425,63.67088700000001,135.217957,7.236254,18.758076,218.257874,715.0292199999999,1147.14806,1710.7574,1659.58214,1519.25626,15.891711666666666,5.840821708333333,443.141048,6751.77308
2019,barley,La Rioja,4591.0,28.12442067559485,29.71901618110145,25.75944795249755,7.2019767906766194,1.3299673371068308,0.2793213832060074,0.2597823874367225,0.3223106124769893,0.3848381021108631,0.2558188243709074,0.1660078839123124,0.1797367823601195,0.2129445318959218,0.279281370135203,0.1308410382004657,-0.0820148267727783,-0.0664034818984909,-0.0273815176008679,0.0722939513171372,-0.1133976180791001,30791,18625.02,0.6048851937254393,3.87676765,7.800192000000001,14.3110185,19.9008915,10.47199685,-0.12586154,2.0425861,6.6453879,12.003561,6.1923098,114.079354,146.36417500000002,110.795986,116.865979,247.950778,537.39054,1057.3221,1442.73535,1434.758,1281.1028,11.138810558333333,5.49171551,736.056272,5753.30879
2019,barley,Las Palmas,1339.0,25.810032702265115,43.41993635882721,20.35506831674174,7.67681131541121,1.3702478585894209,0.3343753328512601,0.3179709894287863,0.3618023351194629,0.3105236991519646,0.4548414314565294,0.2715820642639214,0.2129825381009908,0.286511072018762,0.2291062266760443,0.3259882935711734,0.1859220019615519,0.037318675500748,0.1541415553023549,0.0764707049191157,0.2283660709032365,84,47.64,0.5671428571428572,16.368907999999998,16.9220855,19.631642,21.6937115,19.87140375,9.615824,11.7722985,14.259552,16.919463999999998,14.942343,14.7567827,32.524016,6.7415152,7.8150063,82.151416,922.87156,1369.1005,1625.25925,1547.50317,2017.17664,19.059859083333333,13.74197075,143.9887362,7481.91112
2019,barley,León,1795.0,21.7109395695188,41.01995601706934,40.73160813987658,6.364580219073536,1.2637501117939414,0.2089252995692968,0.3496138519854924,0.2597300455611543,0.2949283776629039,0.224602740382293,0.1113105369114824,0.2207294773832596,0.1621643864030924,0.1992139522193489,0.097593515225429,-0.154326563279514,-0.0351707265670289,-0.1055222021170938,-0.043016170018747,-0.1757895325433368,19603,21528.76,1.0982380247921235,3.6059629,7.18083285,13.7203885,19.385971,10.06577495,-0.460863944,1.32506921,5.67725255,10.4716535,5.115410825,123.473744,130.97212000000002,89.250355,79.039773,270.94083800000004,526.9391400000001,1081.9725,1445.94255,1429.49944,1284.07697,10.670784191666668,4.5406554943333335,693.67683,5768.4306
2019,barley,Lleida,2425.0,26.80088779228917,29.478447761727296,36.8381330183701,7.17928910655981,1.3082891532821035,0.3183711052644267,0.2715110084691784,0.4785151850916664,0.4511723018719869,0.3144205995990824,0.1933108165163317,0.197299361275718,0.3398211669742457,0.3222661828479035,0.1738257098208346,-0.0566475620424599,-0.035285242576809,0.0820697153466068,0.0957262826753139,-0.0742792164268276,111854,110567.44,0.9884978632860694,3.2883219,8.3618905,15.878058500000002,22.0036305,10.40095215,-2.3467296,0.9173898,6.192187499999999,12.750363,6.4384357,58.64361600000001,98.000537,118.084657,138.554826,337.324567,612.2402500000001,1142.07636,1551.56781,1468.90026,1309.82568,11.72230095,5.0650136833333335,750.608203,6084.61036
2019,barley,Lugo,2350.0,16.86948151240638,45.92492350279246,55.1018177413162,5.189617673244169,1.159444550632349,0.7596927405895292,0.6386141062325813,0.6345389486198736,0.404259121909339,0.6197478799536834,0.5445514396104304,0.4707627317816836,0.440076428350927,0.2871195826020666,0.3848341547723599,0.3026985515345906,0.1311090537003732,0.1915960595624947,-0.0098976405833624,0.160367585653972,534,406.37,0.7609925093632959,6.1298553,8.721011,13.350772,18.3622545,11.888896,3.4327785,5.3420805,9.637451,13.9726785,8.643019175,187.26356,230.38196,135.85187000000002,69.73073600000001,405.51098,465.6914,960.84725,1258.33705,1347.59836,1217.54526,11.723614133333331,8.278504475,1028.739106,5250.01932
2019,barley,Madrid,1784.0,23.93837642946105,42.31762860431763,19.785028990224937,7.3526634916591185,1.3807294025513286,0.2324313450980023,0.162114986031048,0.3144567049978797,0.2558402060701761,0.2324335087057543,0.1308307361407434,0.1269176227847474,0.2167720666166143,0.1855041033308866,0.1209625182040501,-0.1386742551590359,-0.0761544874174535,-0.0526644760655268,-0.035200484859131,-0.1347936490241867,26851,39710.37,1.4789158690551565,5.39399385,10.407443,19.5556005,25.730394,12.81953475,-0.524553315,1.5247786,3.9956611,7.848215,6.136178225,30.01681,122.009833,13.7885166,24.4762188,204.270531,649.39113,1147.80035,1689.93826,1610.72895,1404.66347,14.454416808333333,4.186076305833333,394.5619094,6502.52216
2019,barley,Murcia,1294.0,28.14212353531068,32.383473663801254,15.80811473143195,7.861866665395269,1.4499177163689994,0.2753974090711321,0.3261433819016804,0.3144412731515643,0.2831645762402384,0.3144420037464952,0.1894680656869719,0.2714586924283969,0.2441754788928218,0.224576142627548,0.2226266077888549,-0.0196054112228061,0.017532168128444,0.0215100822842929,-0.001981595896179,0.0195378473599958,6841,18398.52,2.689448910977928,8.7139635,12.54939875,20.161893,26.008831,14.78593425,1.0472782,4.2124565,9.395557,14.6235785,9.95258815,8.1025971,136.974195,17.177906,23.4063143,218.927005,742.40293,1165.0942,1673.2292,1590.7754,1481.97266,16.167659125,8.197341083333333,404.5880174,6653.474389999999
2019,barley,Málaga,2840.0,31.4056117216678,32.82147773423947,22.06149385701749,7.10139275801547,1.3994517617706483,0.3417970865001734,0.2128558673749034,0.3690808578889228,0.2598087507719441,0.267637516700241,0.1972385808862489,0.154255148159574,0.2440871423739621,0.1816176759364728,0.1425261199951769,-0.027429637221986,-0.0644446153956295,0.0059051063010372,-0.0332325722407597,-0.0918006860134262,4146,11480.94,2.769160636758321,9.397513,12.7981025,20.089264,25.033998500000003,15.3863755,4.72228725,6.7058208,10.3211625,14.50692,11.0584215,44.392977,104.961468,3.1821871,5.744561099999999,315.341474,724.7622100000001,1205.8710999999998,1753.87294,1664.86426,1577.902,16.348604833333333,9.728838925,473.6226672,6927.27251
2019,barley,Navarra,3894.0,31.32335790547628,24.970152669805643,31.35806266455273,6.954826134924855,1.298901861511466,0.3300668246507479,0.2167546807050085,0.4160123498213804,0.3886828819765601,0.3183555075888102,0.2128620868426809,0.1620770118417454,0.2988470081356871,0.2792741112317786,0.1679124263764024,-0.0351217026372432,-0.0821167492474296,0.050782640839851,0.0819928783634974,-0.0664250725602062,41971,68644.02,1.6355107097757977,5.03328855,9.1238515,15.5209205,21.102459000000003,11.75915375,1.32901,3.4807856,8.037165,13.5635575,7.920386175,167.310427,131.606166,143.813354,112.9874,261.009421,514.02563,1033.14286,1398.46796,1395.7495,1247.64944,12.383137841666668,7.041881741666667,816.726768,5589.03539
2019,barley,Ourense,2250.0,16.249732452434706,53.44489651287875,52.00591259343389,5.283026888645734,1.195422189596347,0.4239082788576686,0.552912794852328,0.3925386410673307,0.4237154499977931,0.4904698042292442,0.2287242241558711,0.3808049879164418,0.2441828972249239,0.3064586571693076,0.2520136976509946,-0.0453378383229772,0.0877161085324362,-0.0684698279132451,-0.0272836877004611,0.0098809328408378,1307,1009.77,0.7725860749808722,5.213717,8.289186,13.611095,19.0458145,11.4709805,1.9570602,4.0209308,8.3410583,12.915404,7.3274465,148.180549,222.86363,95.903256,69.352707,396.562646,506.88882,1000.01002,1379.37654,1440.64038,1271.3845,11.51696225,6.981557716666667,932.862788,5598.30026
2019,barley,Palencia,2807.0,26.83553580524947,32.61265872254773,23.38300995902138,7.347835062602215,1.3561270357835948,0.2207211454598878,0.1972393985540639,0.3691419928228026,0.4042737742996835,0.1699008073070624,0.1308373536443849,0.1386260413815921,0.2637073857736441,0.2909930897857486,0.0995688927948636,-0.1543011280753768,-0.0976840602238213,-0.0195106273187148,0.0585501790831828,-0.1855429827240715,46919,108828.84,2.319504678275325,3.8912767,8.09962315,15.146946,20.6369165,10.729193825,-0.1579627549999999,1.4703084350000002,5.21758715,10.285219,5.606189175,77.336354,112.683817,72.66942,69.384435,212.375785,522.20384,1078.78223,1494.59124,1463.8613,1308.34441,11.538858333333332,4.67125503,544.449811,5867.78302
2019,barley,Pontevedra,1950.0,15.477679748859249,54.93373770262227,61.528604799526974,5.151694305375641,1.1701479186359975,0.7869241822122902,0.6190671727644163,0.6305494912896141,0.4630136748043894,0.7871813881088161,0.5805015484103634,0.4353267070940186,0.4390816828934871,0.3143420713013555,0.5526438852077609,0.3032789316528267,0.0917612886756791,0.162616543966971,-0.0334348875867299,0.310733328824414,93,18.37,0.1975268817204301,7.3410339,10.1127625,14.416392,19.044159,13.2899475,4.6312155,6.704071000000001,10.495697,14.8584085,9.9479165,175.174313,318.62386000000004,132.668542,66.333805,551.8188299999999,490.44091,974.26333,1356.75886,1399.01477,1243.37435,12.915707066666664,9.430870833333334,1244.61935,5463.85222
2019,barley,Salamanca,1599.0,18.109806377959167,51.23045171113789,24.86092930572984,6.12553323366478,1.3795701483018383,0.2362344083782878,0.1777436800738955,0.3730348392613823,0.2870884402988087,0.1659771135355809,0.1464693237852348,0.138643916954286,0.2714897661717962,0.2167898302300163,0.1073552209358751,-0.1347843592073491,-0.0898668768707606,-0.0137013090235144,-0.0274271423258683,-0.1757868467346175,12444,31001.81,2.491305850208936,5.1193335,9.44757825,17.224007,22.7661355,12.285522925,0.8632649499999999,2.7468749,5.394107999999999,10.2049175,6.214686025000001,44.999173,114.350621,27.345953,43.044847,215.109504,591.25917,1152.8955,1623.37653,1598.24423,1393.66476,13.188016683333332,5.273089566666667,444.850098,6359.44019
2019,barley,Santa Cruz de Tenerife,945.0,32.70205678621995,32.97358463013403,38.50748213094444,7.034813305143394,1.25841503859716,0.432077466103245,0.4042529821336698,0.4432631368855045,0.4400018240372554,0.5370673217450688,0.328383997979883,0.322252146783725,0.3693751875648721,0.3458285086540776,0.396145374049081,0.1895652528771167,0.1266905414623778,0.1936571374034656,0.1426232005164778,0.2400202707790796,31,8.11,0.2616129032258064,14.415436,14.721222,18.002675,20.6850085,17.75690675,8.141144,10.2245175,13.1706845,15.630361,13.330576625,20.534536,69.930477,14.71441,10.602491400000002,107.9108645,933.76144,1370.26206,1665.10833,1624.6753,2058.0854,17.223025833333335,12.304643375,223.6927789,7651.89253
2019,barley,Segovia,2308.0,22.95033943412197,47.58392804435696,19.96673350457498,7.250836937457768,1.370242006893574,0.2167978232672338,0.1855252580064061,0.3418071415914553,0.3808269500156008,0.201115851914023,0.1386385298019627,0.1425030484414702,0.2558152089678152,0.2948887654503585,0.1191176089259407,-0.1621431825312543,-0.0742188348275063,-0.0506655550806054,0.0351638019600078,-0.1621119662252829,48577,67704.62,1.393758774728781,3.92909465,8.288091000000001,16.519119,22.9476555,11.217524225,-0.83883023,0.7737764299999998,3.9526801,8.1498045,4.995533075,68.358357,123.712522,39.974457,33.312478,208.608757,589.83925,1134.3136,1641.61063,1584.36011,1390.03308,12.3531681,3.671416158333333,473.966571,6340.15667
2019,barley,Sevilla,3051.0,31.77131470630645,30.53762004011168,16.95241902290036,7.288286143117437,1.480187214073171,0.2714564230696559,0.2480155451267837,0.4043076768774158,0.2636786126946938,0.24603467455398,0.1503528232422469,0.1777384304606346,0.2715270220229181,0.1855386267386067,0.1191027563261643,-0.1054771013891155,-0.0644542607558634,0.0195397138809461,-0.0430129675001438,-0.1446324563511791,4755,22552.17,4.742832807570977,10.4656775,15.143517,23.236512,27.4097445,17.13384975,4.461083,6.366774550000001,9.003294,13.050214,10.999197125,31.665122,74.670759,0.7489193799999999,3.0388487,241.252591,730.8585499999999,1211.47516,1747.4245,1678.52044,1571.10085,18.42052508333333,9.146626633333334,351.37624008,6939.3795
2019,barley,Soria,3174.0,24.14897133863889,38.1844620214656,21.79758516066749,7.418943188363471,1.364438552086122,0.1972730955767087,0.1815978911782245,0.2831933990534616,0.4511900445156701,0.2089773791562473,0.1112898259096802,0.147089509140346,0.1933533746704211,0.3262045130879954,0.1053645338045866,-0.1542961114015509,-0.0898864173186769,-0.0800831807841231,0.0918497798093195,-0.1582358695951405,72360,75967.29,1.0498519900497512,3.3236173,7.6589532,15.454780500000002,21.706338,10.3409886,-1.9024053,0.1515561999999999,3.79935135,8.8029615,4.764890725,64.790408,128.036984,70.540762,67.39330700000001,191.106219,603.3335099999999,1115.38641,1585.62946,1541.18186,1349.88849,11.470944366666666,3.3968742000000005,521.86768,6195.41973
2019,barley,Tarragona,2247.0,27.039674946850173,29.157641826116148,25.42767199008608,7.541700374846145,1.3779395177871585,0.2792653532458292,0.3143656672762099,0.2597281369140773,0.330103647171955,0.353499523037377,0.1737623740389588,0.2206563637754736,0.1777227755120107,0.2362735554096166,0.2167786223917785,-0.0565974635362544,-0.0332287968203473,-0.064460148898227,-0.0176137758966985,0.0038663340190449,18795,13745.41,0.7313333333333333,7.4538595,12.4642005,18.8695535,25.1850625,14.41069775,1.83013775,4.2206522500000005,9.34887665,16.6339295,10.184246225,16.978996,48.1922095,64.137442,78.809506,307.84979259999994,646.09622,1157.95164,1598.6520300000002,1493.2754,1346.02481,15.465678583333334,8.733681433333333,515.9679461,6242.0001
2019,barley,Teruel,2017.0,22.47443950415829,33.79777589993578,21.10040503109295,7.412077456982944,1.4040643147552672,0.2128839850905219,0.1816812230080767,0.2754194177846766,0.3339832523449513,0.2050646603973306,0.1308535233829836,0.1347428984125222,0.189434405245127,0.2519479781225707,0.1191099833870239,-0.1347674231516337,-0.0800869920616594,-0.0761688780158676,0.0214173132344667,-0.1503983041540212,106131,97364.16,0.917396048279956,4.06308565,8.336825000000001,16.4610325,22.682664000000003,10.80483135,-2.4872748500000004,0.0901674999999999,4.24848125,9.69367275,5.4482274,30.632445,100.036722,46.481875,63.144975,235.013216,666.8743,1146.659,1614.33039,1526.98794,1383.91264,12.192211641666669,3.7402502416666663,475.309233,6338.76427
2019,barley,Toledo,1259.0,24.03382423807433,44.03232096632096,15.83815342941664,7.521497534421158,1.4232979965825454,0.1972505323411871,0.1659833586503736,0.2636858093682188,0.2089749900161457,0.1855138309896594,0.1230156298932028,0.1230076747609165,0.1855279716216106,0.1503663317446373,0.1053016375447416,-0.1523991547116738,-0.1230415887899406,-0.0898432725794333,-0.1054912195326578,-0.1601848008173046,60027,129337.7,2.154658736901728,6.44585,11.567968,20.928234000000003,26.77501,13.93394625,0.615356625,2.8877514,4.79509925,8.498210499999999,7.251943375,25.860192,111.344461,5.6320889,22.897084,198.17681,677.19227,1165.63785,1707.50835,1634.9378499999998,1445.42315,15.597492416666668,5.216717420833334,363.9106359,6630.69947
2019,barley,Valencia,1450.0,26.0008257832434,37.048684736688,22.372951102187645,7.601531685280463,1.4041003137156485,0.2245792046906082,0.353450339588426,0.2363065187777625,0.3378883081272372,0.2675651694867207,0.1386911296890321,0.2597766938589229,0.162095209829673,0.2519132236550586,0.1660245839990983,-0.0976334184748464,-0.0058504662347032,-0.0820785545009576,-0.0019657535090634,-0.0683649252602551,6365,7672.99,1.2054972505891597,7.915473499999999,12.070965,19.2136195,25.1505475,14.07188625,0.118012035,3.33365867,9.0992565,14.864181,9.37137795,6.9862509,168.941453,38.030529,56.48790699999999,283.225826,711.74729,1135.90516,1622.6041,1529.14845,1386.13796,15.415729666666666,7.692977350833334,553.6719659,6385.54296
2019,barley,Valladolid,2246.0,25.05730563338003,44.38433851977854,16.605732397771998,7.537662389100126,1.368638307984791,0.2011644007251505,0.1855386399518653,0.3535476898261196,0.3417940853944979,0.1620838903989417,0.1230025077544497,0.1386186260414983,0.2636605050703633,0.2558596482049797,0.1034616373326673,-0.1680158051667892,-0.089791412153836,-0.0273207926561279,0.0273579504612033,-0.1836078775404486,60977,161434.74,2.6474693736982795,4.8087795,9.695776,17.6730925,23.297816,12.103008,0.33157348,1.5729842,4.3266909,9.609017,5.848347125,44.167142000000005,94.227314,35.66945,49.005568,172.381866,558.77549,1144.1500999999998,1613.2161,1580.68573,1374.4008,13.280246666666663,4.589493305,395.45134,6271.22822
2019,barley,Zamora,2342.0,20.944712657487724,43.92237419003452,25.184467164860514,6.42948867049523,1.3298581028586076,0.2440955608643302,0.1776795912935791,0.3417936187795073,0.2753896814508602,0.2168090365498502,0.1347338764053263,0.1269075161918121,0.2323905613385752,0.1972611810063498,0.1230412368924364,-0.1367404665748526,-0.1289828021821248,-0.035154993479804,-0.0273535505731475,-0.1210491814207681,29950,63008.49,2.1037893155258764,4.8604692,9.3789975,16.7737375,22.332611,11.891571,0.459267745,1.87820435,4.89061185,10.059505,5.84021435,42.57161,93.815375,44.12461,53.8963,195.816691,564.38015,1139.7339000000002,1583.1271,1571.42255,1356.45665,12.8548262,4.828002940833334,430.224586,6215.12035
2019,barley,Zaragoza,2047.0,28.48526921389855,27.13269446924836,19.52018178987687,7.699227047889838,1.4005314565905318,0.2714509388830776,0.2402357745296064,0.3730409560987709,0.4159986083364274,0.2441365058912888,0.1777056640620593,0.1855538921746424,0.2753928224957848,0.3105269756840038,0.1386335994561262,-0.074276081107491,-0.04489703283921,0.0117316990593331,0.0840182865190875,-0.1133319606760208,125871,163698.06,1.3005224396405843,6.0616708500000005,10.8987955,18.7140565,24.6699425,12.8943555,0.255201625,2.000944675,5.5386515,11.61940525,7.465035575,43.987973,74.605105,61.33658,66.0909,204.503339,619.23988,1152.5323,1599.62856,1547.81314,1360.32696,14.355529391666666,5.7240457000000005,450.523897,6279.54084
2019,barley,Álava,7000.0,31.5827763496144,25.36169499958537,33.23610968294773,6.722444370732785,1.2771215689526494,0.3103514530771369,0.2832251906844901,0.4394108959260058,0.7012404255604973,0.2441075623745761,0.1855343764240173,0.1660089383010917,0.2948707867279707,0.5332582491375677,0.1170465793487623,-0.076206301252087,-0.0508447572367021,0.0332114909373738,0.3496739465318729,-0.1152631980951161,13691,12922.23,0.9438485136220874,4.74920465,8.3905401,13.915264,19.2595525,11.133895125,1.87900135,3.76179235,8.633288,13.8459635,7.749362875,183.743382,131.82896,119.720617,108.322888,253.541733,467.60367,985.2405,1312.8551,1295.9338,1205.36482,11.430391916666666,7.269795158333333,797.15758,5266.99789
2019,barley,Ávila,1240.0,18.84587684120659,52.67248967780342,26.25381735908533,6.769433481413691,1.3472347846903128,0.2597648828804059,0.1660080640483235,0.3965710289176375,0.2597554745289382,0.1698651566548775,0.1815743710137907,0.1347924003820657,0.3183550323919183,0.2011525119926231,0.1073932881244765,-0.1113480020464727,-0.0917560785248747,0.0038789599824729,-0.0430139218117031,-0.1836178162401676,20876,46420.69,2.223639107108641,4.100179649999999,8.162393,16.64727,22.46939,11.13470425,-1.10082165,1.0587271500000002,3.7680882,8.0822975,5.064067525,50.043411,131.844843,23.100213,37.117242,248.808408,624.2230999999999,1170.0286999999998,1679.27551,1608.08736,1408.83893,12.274773525,3.656071041666667,490.914117,6490.4536
2020,barley,A Coruña,2060.0,16.8174956794124,45.38603802117088,56.51798682220782,5.187478829120761,1.198658446748758,0.6463526544197443,0.7049994523177713,0.5996959016435595,0.4159920430648223,0.6659583692331239,0.4292521482027814,0.5057515431377048,0.4204097024177366,0.2676479790753961,0.4198662149308781,0.2285718558003118,0.1856206534971244,0.1426568039658973,-0.074078100035169,0.2129431957499444,541,267.96,0.4953049907578558,9.578972,11.01835175,15.639312,18.732733000000003,12.97997175,7.223199,8.365027,12.390184,14.815606,10.319650675,225.252206,250.14817,115.37213,96.735883,788.317054,426.31049,851.12516,1307.58355,1385.323,1030.23185,13.488218708333331,10.572219558333334,1475.825443,5000.57405
2020,barley,Albacete,2950.0,24.808089988498978,40.84869918043516,16.202073223185316,7.77704961335989,1.4307609142846458,0.2069496084040576,0.1737721084663052,0.2558393236519006,0.2636699059613325,0.1933217381351486,0.1347601923127044,0.1269352364098328,0.177699627853052,0.1855352082114994,0.1151979982137351,-0.1269518434352092,-0.1348061370396011,-0.0664526524094153,-0.0527307936322248,-0.1367470010171577,31238,115428.15,3.695119725974774,7.6876845,10.617282,19.387044,25.855485,13.00069,3.1952392,5.46256685,8.23930685,10.1700875,7.2375757,62.183394,184.25084,76.95491,22.395018,252.599545,649.4231,978.56698,1601.6955400000002,1622.91655,1426.74642,14.924812583333331,6.9237253,598.383707,6279.34859
2020,barley,Alicante,2250.0,28.14081783274487,32.7017122972431,19.33509823066453,7.803332708707288,1.4283765640307449,0.3456967545158219,0.3183773680282687,0.3613621010929531,0.330088884730179,0.3495235975284126,0.2442302502873905,0.2558114918975635,0.2715480036068597,0.2636703234207349,0.2518825463143135,0.0194865108941334,-0.0215771158361445,0.0351098181354929,-0.0098373319126336,0.0136601151246547,1340,2298.5,1.7152985074626863,10.672216,13.3549915,20.810033,26.048006,15.97342925,5.97063945,7.931538,12.5371675,16.3594065,10.607030225,109.6595312,164.156194,100.38053,15.8596935,346.029938,691.2873500000001,1074.65429,1605.6842,1585.64603,1512.03361,17.138684166666668,10.668801983333331,736.0858867,6469.30548
2020,barley,Almería,3314.0,24.65662421812085,39.35405773908459,16.518651100140257,7.673561929359524,1.4301057094426903,0.3848038116841756,0.3222576432164459,0.3730893707427307,0.3652655520698104,0.3534306703509159,0.2597228662262419,0.2519484160257763,0.2675384376815038,0.283209354069397,0.2403589618307197,0.1074821995433974,0.0331058191587116,0.079994163221284,0.0682250038231866,0.0682046629239476,4288,8986.91,2.095827891791045,9.7085808,12.2577215,20.1991875,25.5908005,14.83761225,4.1732229,6.65086975,9.513018,13.475512,8.840638125,53.963656,138.71854,52.597249,13.0373174,223.027802,736.95642,1087.87296,1668.0066000000002,1633.34051,1616.34197,16.2385858,8.582316483333333,481.3445644,6742.51846
2020,barley,Badajoz,2942.0,21.418389931563453,45.44558736513142,18.433958609800072,6.540236159018335,1.4420478317211065,0.3496441265345745,0.1972417715273196,0.2694849811736269,0.2246033173404991,0.1933515329002433,0.1972266126188926,0.134716884838342,0.1778750998183675,0.1464630055915235,0.0995870517377068,-0.0585777878445219,-0.1113389534454883,-0.082006797182668,-0.1054963836203924,-0.1679545870724489,17053,50350.28,2.9525760863191226,10.229601,13.311532,21.444989,28.383689,15.9458835,6.2322125,8.0100015,10.1977585,10.016449,8.52648915,45.2271993,166.62026,42.599674400000005,10.4934697,199.694803,612.51266,990.44618,1588.461,1706.79889,1472.46567,17.543596333333333,8.584899966666667,464.6354064,6370.6844
2020,barley,Barcelona,4019.0,26.204354638848468,32.753960683736054,29.990155084554463,7.185439990586382,1.3308924085894462,0.3847908770282208,0.3222503440745317,0.4277260780906262,0.4512150701351533,0.2676240521365308,0.2402554858072459,0.2285174646186152,0.2909702258692455,0.3260706059859072,0.1464656702016339,0.0097407359863322,-0.0527496874616621,0.0604047185104469,0.0996439823513633,-0.076142328537433,47320,35856.69,0.7577491546914624,7.29887715,10.422708,17.40503,22.5248145,12.596449875,4.1233015,6.588142250000001,13.2950915,17.2039785,8.840832,156.719801,204.92948,208.11834,151.471094,394.26478,565.34286,933.46502,1349.5330800000002,1413.47765,1330.80999,13.807388233333333,9.815362958333331,1115.503495,5592.6286
2020,barley,Burgos,5274.0,28.704485606590584,31.060509805013474,24.87810186587034,7.255276655331994,1.342514301757512,0.2792843014194542,0.2167691709715417,0.4316934282049934,0.5917976977501054,0.2363294345025885,0.1738340355470298,0.1464269460772937,0.3144146051022378,0.4082296873892657,0.1269484532047085,-0.0898692925282698,-0.0976872645511766,0.0429430563230157,0.2304099965033153,-0.0742254592168775,153746,138563.48,0.9012493333159888,5.5387872,8.71795315,15.0272555,19.7878,10.238770425,2.4714389,4.83608455,9.3216425,10.917885,5.868745775,61.686453,206.56379,146.02198,62.948506,344.369008,466.1381300000001,919.21924,1360.8227000000002,1480.47615,1176.10925,11.591556116666666,6.54742375,821.589737,5402.76547
2020,barley,Cantabria,2256.0,26.518497065553525,34.15904029717853,48.03415414859565,5.901187501396216,1.1880124590310424,0.8692449553104947,0.6462726507157126,0.6895571205324242,0.4862882239130339,0.747904925859397,0.6971282232986066,0.4785485063405529,0.5172418085664863,0.3343927961165143,0.5724600714742961,0.4102762502112357,0.146400834546652,0.2439633205943832,0.040767727775105,0.3380795631654259,340,137.56,0.4045882352941176,7.3184235,9.51850775,14.735289000000002,18.1912375,11.059505625,4.1831182,6.49564085,11.127204,14.025455,7.83964575,108.051746,276.2725,188.98559,120.884375,591.19629,464.02748,876.05144,1229.324,1266.6958,1086.5342,11.9804115,8.585118258333333,1285.390501,4922.63292
2020,barley,Castellón,1980.0,25.020657600298016,35.18430293109192,25.18941010889611,7.478638418212487,1.3693323784264495,0.3379684807627629,0.3339874901506919,0.3652966101264756,0.3769156383960482,0.3536001810153248,0.2049720469148687,0.2244869449944591,0.2323398595169506,0.2598294737538543,0.2010957952687859,-0.0370226535728199,-0.0487083395375198,-0.0333432919386421,-0.0098242011792985,-0.0291232553103639,3567,2714.15,0.7609055228483319,8.6824125,11.24601,18.3637485,23.632111,14.10105225,3.7935974,6.6030065,12.255703,15.4043125,7.8430395,146.410688,249.13041,169.869934,49.253935,206.305804,634.54384,962.16397,1478.6762,1511.29965,1423.59155,15.021064416666666,8.9571164,820.970771,6010.27521
2020,barley,Ciudad Real,3172.0,25.540821734229457,43.21070474494339,17.036367121796776,7.364130323396798,1.433797668518283,0.2480382865082861,0.1737962658097727,0.2988366117295357,0.2050717254265883,0.1972284914438484,0.150381706080073,0.1269186950345544,0.2069978477098666,0.138649106656121,0.1230111877610395,-0.1055598571060422,-0.1289338322469468,-0.0274067041675139,-0.1211066077213347,-0.1132830656727793,51137,133808.89,2.616674619160295,8.50166215,11.9544705,21.0320065,27.8899845,14.06820475,4.2127365,6.27141305,7.805132350000001,7.9965265,7.19729315,38.252317,160.21958899999998,58.448907000000005,33.901518,248.353165,632.0356099999999,995.86915,1623.53013,1660.3719999999998,1408.3955,16.252422191666668,6.780065783333334,539.175496,6320.20239
2020,barley,Cuenca,3500.0,24.3775694278534,38.26548047834629,18.5023914290409,7.574921749070817,1.4037943711750291,0.2050443675778362,0.1972258065883123,0.2480630445599475,0.3144443226178872,0.2011607134196487,0.1191097055507031,0.1464637897437242,0.1660414787467342,0.2207139714102046,0.1152177954917238,-0.1386726909629138,-0.11136104972747,-0.0820723775847596,-0.0019872841519369,-0.1210962886570621,134392,230669.43,1.7163925680100005,6.43236135,9.53144,18.162713,24.526988000000003,11.79265175,2.23565805,4.9060311,7.705947,9.446866,5.956814925,40.7437824,220.47958,83.618126,35.41691,273.642854,600.98217,940.44018,1579.60625,1623.93254,1371.78235,13.706467641666668,6.034688666666667,653.9012524,6116.74349
2020,barley,Cáceres,2479.0,17.110187741336116,49.48306677938192,24.119467904773227,6.249366989402125,1.4092271256290698,0.4354298987423985,0.3105272122174352,0.2441679390908036,0.2871117524574816,0.2441253794831139,0.2676421595898753,0.2206676038657382,0.1541961654852703,0.208980421138033,0.1308194795060102,-0.0039751365930241,-0.0488751075326631,-0.0976237318818425,-0.0722376551402508,-0.1446284166097186,860,1344.13,1.5629418604651164,9.262417,12.60168,20.7334585,27.814435,14.9057435,5.45322635,7.6238487,10.213596,9.6248955,8.179114375,72.892068,190.58653,52.4254582,12.6079558,336.49350400000003,568.5744500000001,967.60557,1562.9727,1679.6716,1399.9685,16.703912916666667,8.212299216666667,665.005516,6178.792820000001
2020,barley,Cádiz,2309.0,32.30254239464251,32.14110893702688,22.84139486334083,6.959262369169773,1.41145303721279,0.2597425545589865,0.2050765349028386,0.4707865055824662,0.2715284101099047,0.1894464684683698,0.1425624652426312,0.1503315221195176,0.3164217502409304,0.1855273039946938,0.0917832515179061,-0.1367825808594961,-0.1113515844816021,0.0743351433465793,-0.0820442857885512,-0.2227227006697906,2354,9616.57,4.085203908241291,12.475973,14.62938575,20.878273,26.572706,17.415897,8.56063975,9.8577935,13.140785,16.095554,11.9625655,55.8240137,176.969675,62.598053,2.82089635,224.302167,729.12725,1114.57704,1648.13995,1691.3022,1627.51065,18.231355291666667,11.929983875,522.51480505,6810.65709
2020,barley,Córdoba,3385.0,27.977760955586824,35.93623331493473,18.0370448614793,6.989155646943889,1.4420640893083423,0.392534956139737,0.240266420938204,0.4746117540761638,0.2793071854713155,0.2167061343818069,0.2480470822598869,0.1738255809379453,0.3275051557704606,0.1972681831649513,0.1152019973184055,0.0097912631283842,-0.0800744164527228,0.097632847853834,-0.0605354246740345,-0.1368120255784395,5618,18415.88,3.2780135279458884,10.397928,13.58009825,22.225666,28.9916465,15.964972125,5.86446275,7.740313499999999,9.7701995,10.803626,8.672599775,42.688292,152.706695,46.5511477,15.0914733,221.703228,667.59332,1006.34816,1638.96135,1693.9119,1485.73563,17.854213833333333,8.587300216666668,478.740836,6492.55036
2020,barley,Girona,2333.0,24.476401855517217,35.04049237182743,36.777612495839975,6.784815616004859,1.2801373830084133,0.5175744296227959,0.4003898702515902,0.5192151035973654,0.4199006494133228,0.3691298710627149,0.357413126349635,0.2869910444579363,0.3555165975041913,0.2909790145226298,0.2070679469790647,0.123070508259904,-0.0175986647847178,0.1132468184280414,0.0409452890753997,-0.0020511644415646,21948,19657.55,0.8956419719336614,7.7295003,10.473725,17.4191075,22.442625,12.831915125,4.2427062,6.8685665,13.0947105,16.804968000000002,8.879607,243.731635,248.882224,246.122395,184.05983,494.267275,539.36654,902.48126,1290.46434,1372.79525,1286.08094,13.954798008333333,9.795027533333334,1417.063359,5391.18833
2020,barley,Granada,2141.0,25.37142730345376,36.99702425585095,19.547918796864348,7.429837891956373,1.4011652536355377,0.3027210440749966,0.2597580030609499,0.3847816034668038,0.3339844938131289,0.2558341936921148,0.1933907901439923,0.1972666687527541,0.2617315133733571,0.2402005131250053,0.1581971018413988,-0.0194907667349186,-0.0410532391970561,0.0644358816739813,0.0097931471634396,-0.0507496096056905,14976,33748.5,2.253505608974359,7.937660000000001,10.2655905,18.7368685,25.53612,12.733643775,2.102755,5.052630300000001,7.527197149999999,9.5276245,6.06903985,48.9747032,171.62429,67.260831,23.180685500000003,240.824614,725.0937799999999,1045.24838,1661.12426,1657.2339000000002,1581.45138,14.657254425,6.058047775,551.8651237,6670.1517
2020,barley,Guadalajara,3500.0,23.64379090165741,34.41609728768813,21.88481025817056,7.33873430562416,1.3712528918954368,0.2480048644473389,0.1972258849177946,0.310566561313788,0.46292754322677,0.2323673709306504,0.1464997401209173,0.1425478380950951,0.2050647976180421,0.3105770542758836,0.1191200350953027,-0.1230576215006394,-0.1035238148927271,-0.0585203770518833,0.103554359907794,-0.1191411934157957,94560,80342.05,0.8496409686971236,5.4143307,8.732864750000001,16.998559999999998,23.224567,10.679203825,1.38163193,4.2585641,7.456250000000001,7.67341175,4.8043999500000005,44.1936168,235.108524,110.315485,33.966117,265.00989400000003,559.7972,923.01486,1506.98896,1610.77984,1340.10866,12.621455016666667,5.063109613333333,688.5936368,5940.68952
2020,barley,Huelva,2818.0,21.64026163403111,47.16316770994197,22.531403594582663,6.4534755998146105,1.4502325065903123,0.4433575731033524,0.2206887802583905,0.4550314521656288,0.3144272871954386,0.1855661766347639,0.2910993586883857,0.1620428767116902,0.3223279100486281,0.2246527463344545,0.1034552512788335,0.0253987262460761,-0.1074125138627521,0.0723395333082489,-0.0527511372057935,-0.1914617899589871,375,1106.49,2.95064,12.071855,14.632026,21.906731,27.930338,17.46355,7.72805765,9.2819285,11.877125,13.1650415,10.286586125,49.4789721,159.977376,46.3536566,2.6719540200000003,171.482613,671.4735700000001,1037.80092,1614.18633,1716.3015799999998,1574.66001,18.578008333333333,10.43755415,429.96457172,6614.42241
2020,barley,Huesca,3710.0,26.58874404243393,30.187439148002905,33.42726025881975,7.267331212487676,1.316439111840041,0.3965228314131776,0.2675655023530252,0.5996117538247469,0.3339655318312761,0.2363005780131558,0.2558146645210504,0.1991561465606326,0.4355214331463808,0.2284906148489999,0.1329616132184306,0.0019168781601427,-0.0800797948385469,0.1933658916397288,0.009741462698841,-0.1074371610427137,90301,174934.47,1.9372373506384204,5.5085715,9.07767225,16.4977785,22.456689,10.72747935,1.64958045,4.643679,10.291067,11.5206545,5.4676963,82.70094900000001,233.82884,235.54018,65.528036,379.777458,579.61228,947.94845,1424.77063,1542.20863,1360.55177,12.499278325,6.506728925,997.375463,5855.09176
2020,barley,Illes Balears,1332.0,27.33129873118016,35.992629600353304,28.276301755714144,7.242465755966496,1.379667115707908,0.4237877301662806,0.1972992444725025,0.4316259637960869,0.2441390387661641,0.3651066655076333,0.2752077729590664,0.138656945389125,0.3027989434714345,0.1659779980005957,0.2303431732316544,0.052728496078218,-0.1621258447671184,0.0488079528873989,-0.1269850064021588,-0.0058437602128615,19044,16619.07,0.872666981726528,12.6922635,14.7066115,21.244666,26.238966,18.212096,9.4042935,10.353269,15.2350845,19.013462,13.40810075,85.4553583,130.895088,45.15544,12.4576465,257.117387,635.8728000000001,1145.14943,1589.76459,1532.7687,1469.7029599999998,18.551116500000003,13.470385083333332,531.0809198,6373.25848
2020,barley,Jaén,2750.0,30.688116173516992,29.78343230591621,19.18514732549988,7.46462718569945,1.4138276559180596,0.4004123752099901,0.2871211479453322,0.4101385946374666,0.3144115241296114,0.3730969020335798,0.259717687080199,0.2050912623803162,0.261732752870485,0.2167928492553788,0.2246883034798794,0.0488018305105069,-0.0644565692034686,0.0585035695403688,-0.0566244833967594,0.0332028234918423,2117,5299.98,2.503533301842229,8.7888175,12.079151,20.9661745,28.053204,14.30142,3.9692977,6.320399200000001,8.4060015,8.908456999999999,7.321797975,44.9059055,160.106706,65.397286,27.586736,302.096688,678.9456399999999,1003.73441,1625.3349,1657.0653,1463.02689,16.41503116666667,7.041291891666667,600.0933215,6428.10714
2020,barley,La Rioja,5167.0,28.12442067559485,29.71901618110145,25.75944795249755,7.2019767906766194,1.3299673371068308,0.3144121341030215,0.2832237973757375,0.3730573842772377,0.4199498424652949,0.2675893039159256,0.1894045568001175,0.2011661534071362,0.2518863952431859,0.2949282187522176,0.1386332012464704,-0.050749156741456,-0.0527561203771571,0.0194682824953716,0.083940647448507,-0.0820498178458412,30791,18625.02,0.6048851937254393,5.73987975,8.5723245,15.2681345,19.6479425,10.5231111,2.08093495,4.7944829,9.593733,11.5133925,5.71648005,63.832886,266.68896,179.325045,72.08713900000001,293.373613,502.79276,909.70117,1368.88415,1482.43627,1252.30607,11.712417241666666,6.569250575000001,875.307643,5516.12042
2020,barley,Las Palmas,1007.0,25.810032702265115,43.41993635882721,20.35506831674174,7.67681131541121,1.3702478585894209,0.3418065886722547,0.3610460665657553,0.3330855636242706,0.3926984993147414,0.2157195572107749,0.2442768742827994,0.2362294469218797,0.2557057345935172,0.2992640104678896,0.1306288833396494,0.1466934413465075,0.0722043239982113,0.1161923044822729,0.1231689495811113,-0.0026519116573666,84,47.64,0.5671428571428572,17.1545265,17.5990295,20.692118,22.6679095,20.00525425,10.235999,12.1708135,15.20834,17.450142999999997,14.87814675,6.8343298,31.30356,10.1797664,5.5053735,32.6751524,958.02017,1362.4222,1621.97,1598.4730800000002,2057.07694,19.68734866666667,14.1369315,86.4981821,7597.96239
2020,barley,León,3960.0,21.7109395695188,41.01995601706934,40.73160813987658,6.364580219073536,1.2637501117939414,0.279254757210912,0.3065649965690277,0.2792317754432656,0.3300701404412647,0.2480537283139744,0.146468979424021,0.2011068792432537,0.1738397355760861,0.2206967656676547,0.1190888675964676,-0.1211136359738955,-0.0508544037106843,-0.0820920358042936,-0.0215057809414973,-0.1367305470683403,19603,21528.76,1.0982380247921235,5.01073095,7.970738499999999,14.408286,19.59508,9.23679215,1.76189325,3.9529368,8.513827500000001,10.6021155,5.142825275,75.85422700000001,219.87238,129.105914,62.426153,517.473986,475.89151,923.61945,1339.7179500000002,1494.62964,1160.50822,10.909736625,5.852737266666666,1004.73266,5394.3667700000005
2020,barley,Lleida,4546.0,26.80088779228917,29.478447761727296,36.8381330183701,7.17928910655981,1.3082891532821035,0.5019851410071863,0.3261605605827952,0.6660332744665528,0.4238412665529291,0.2598057591722419,0.3183654426114682,0.2363532525124116,0.4941235957364768,0.2988595639849413,0.150350397167278,0.0664002872277434,-0.0527834541952054,0.2597711126497331,0.0801005217713425,-0.0918174493668358,111854,110567.44,0.9884978632860694,5.1961089000000005,8.65744995,16.077921500000002,21.5728865,10.413309,1.122118915,4.1879195000000005,10.378144,12.7841735,5.44872965,86.48605500000001,206.94791,247.01887,132.961017,313.667324,587.28045,956.85064,1387.75094,1501.93157,1369.77024,12.055164141666666,6.561635869166667,987.081176,5803.58384
2020,barley,Lugo,2150.0,16.86948151240638,45.92492350279246,55.1018177413162,5.189617673244169,1.159444550632349,0.6656317905945154,0.6192090048202162,0.6500168187928432,0.4121766637536807,0.7911976246119221,0.5021960466828428,0.4394699669078503,0.4626412137627793,0.2793797106177995,0.5762657139648569,0.2636204256419284,0.1113339997308984,0.1971639965955763,-0.0369894355035287,0.3245067560021017,534,406.37,0.7609925093632959,7.62203815,9.6004815,14.94737325,18.5484255,11.2144975,4.9428313,6.834365,11.4307245,13.8412805,8.520236225,162.33183,262.99567,149.603976,99.0345826,810.550082,443.84508,845.11124,1286.042,1414.7713,1019.751864,12.1912189,9.014945625,1484.5161406,5009.521484
2020,barley,Madrid,2570.0,23.93837642946105,42.31762860431763,19.785028990224937,7.3526634916591185,1.3807294025513286,0.326195202604225,0.1776943325475239,0.3613033445487535,0.2557911327594243,0.330095906525009,0.2011321109388506,0.130842617852131,0.255824346148132,0.1620624991335869,0.1894172138107325,-0.041021205840266,-0.1152442981866757,-0.0019499513550508,-0.0684060784856522,-0.0195084168714633,26851,39710.37,1.4789158690551565,6.8013825,10.562729,19.2741385,25.6900975,12.42474695,2.68362985,5.389755,7.867446999999999,8.185834499999999,6.172097975,42.1229135,190.03492,66.380239,26.460356,268.795225,562.72847,965.72418,1567.6603300000002,1633.8735,1371.55733,14.529640233333334,6.07847705,593.7936535,6101.54381
2020,barley,Murcia,3190.0,28.14212353531068,32.383473663801254,15.80811473143195,7.861866665395269,1.4499177163689994,0.3183447345262361,0.2988475929251721,0.3534881221127852,0.3183259319242917,0.3261868604786523,0.2207235384831443,0.2402961117258468,0.2597706608330772,0.2441256362453038,0.2324071111752761,0.0194937945458057,-0.025389490997585,0.0429085440720857,0.0059291429144964,0.0136701019595228,6841,18398.52,2.689448910977928,9.59176775,12.6796605,20.558151,25.981461,15.13072925,4.9769775,7.188129,11.0543425,14.403101,9.64070175,73.29855500000001,157.228455,70.314806,11.5537727,295.68996500000003,698.5697700000001,1042.6303400000002,1620.2132,1608.2816,1536.98106,16.512083125,9.48399225,608.0855537,6506.67597
2020,barley,Málaga,2838.0,31.4056117216678,32.82147773423947,22.06149385701749,7.10139275801547,1.3994517617706483,0.3808891177309205,0.2207034613060935,0.3925712452163734,0.2792890483159599,0.2714802261192954,0.2283673255228019,0.1543259125370384,0.2695636919940766,0.1894038828965136,0.1425928374243043,0.0119448874769923,-0.0878744075579768,0.0527040113928948,-0.0605829158579684,-0.0978386663445934,4146,11480.94,2.769160636758321,10.776961,12.762396,19.854245,25.765873,15.59158475,6.9482125,8.3596223,11.580879,15.023282,10.167027125,68.68879229999999,189.886294,59.096307,7.669549079999999,238.165763,720.9721,1071.073,1656.966,1687.73726,1608.169,16.723774083333335,10.374341675,563.50670538,6744.91736
2020,barley,Navarra,4147.0,31.32335790547628,24.970152669805643,31.35806266455273,6.954826134924855,1.298901861511466,0.3886051789516296,0.2225905442275021,0.4941843234525326,0.439411956676612,0.3007218790743793,0.2538885256176716,0.1636122685956523,0.3475842816357538,0.3144132231417853,0.1620929914070193,0.0116739697156475,-0.0918193800311646,0.1054344429252395,0.0995840567282474,-0.0664103431158848,41971,68644.02,1.6355107097757977,6.6500132,9.88549915,16.4387765,20.8649015,11.60689215,3.5433950000000003,5.9794386500000005,11.027589,12.8064395,7.440502175000001,84.76642,241.61277,166.30115999999998,46.52656,412.75224,490.06114,905.15646,1338.6734,1432.5425,1205.67886,12.842162441666666,8.039644416666667,951.95915,5372.11236
2020,barley,Ourense,2150.0,16.249732452434706,53.44489651287875,52.00591259343389,5.283026888645734,1.195422189596347,0.4474666250377717,0.4706824656417776,0.3768839185024352,0.3888638419562321,0.4707920868853656,0.2442836500063623,0.3378274182203987,0.2323987979776092,0.2832278395279365,0.2519673329447018,0.00148174975392,0.0334309322170761,-0.0565503126807786,-0.0721517489512805,0.0488301383132911,1307,1009.77,0.7725860749808722,6.6778502,9.1138515,15.196268,20.0862625,10.603028675,3.8734049,5.7892262500000005,10.61009,12.69842,7.3982165,139.375813,270.63902,131.096293,49.1085415,767.06143,467.9757,866.00263,1352.6427,1517.6853,1104.23886,12.046714924999998,7.961262358333333,1357.2810975,5308.54519
2020,barley,Palencia,4785.0,26.83553580524947,32.61265872254773,23.38300995902138,7.347835062602215,1.3561270357835948,0.3613452413114146,0.1933351845859292,0.5605051486331052,0.4354992323871188,0.2245731159892652,0.2245808731548757,0.1386165935777631,0.412074672646137,0.2714957143661194,0.1152100279974047,-0.0565999660407806,-0.1289616791601209,0.1348023683444,0.0898867135992466,-0.1464934728405398,46919,108828.84,2.319504678275325,5.20715075,8.86820975,15.36883375,20.326501,10.06985295,2.3838579500000003,4.5896903,8.7891105,10.575951,5.635705125,51.677782,194.200407,129.46869800000002,60.09298,327.54112,458.76194,954.70646,1375.55982,1509.74946,1186.64648,11.651733525,6.268336666666666,762.980987,5485.42416
2020,barley,Pontevedra,1975.0,15.477679748859249,54.93373770262227,61.528604799526974,5.151694305375641,1.1701479186359975,0.7674420123939864,0.6113573114356637,0.6707333334328756,0.4822771830389527,0.806702529489951,0.5918208337201478,0.4236124754988576,0.5022692927374061,0.3338277667026507,0.600342622409683,0.3246368760314229,0.0799584756877128,0.2362527938851035,-0.0094942933351666,0.3456509294298505,93,18.37,0.1975268817204301,8.9157815,10.8277895,15.970571500000002,19.959279,12.52848325,6.59939565,8.0249737,12.496714,14.744314,9.8347778,243.05916,322.73258,138.791778,77.0483017,905.81089,451.41036,881.05993,1359.9018999999998,1479.7611,1073.63547,13.455064666666669,10.255825491666668,1687.4427097,5245.76876
2020,barley,Salamanca,4117.0,18.109806377959167,51.23045171113789,24.86092930572984,6.12553323366478,1.3795701483018383,0.3222192849060274,0.1855064015360649,0.4042391246975426,0.283157563009261,0.2558556000371734,0.2206662221455224,0.1425154592351454,0.2929119622410632,0.1894285448637185,0.1464719134491238,-0.0605654104702205,-0.0957323279583459,0.0273686827858284,-0.0410132548762928,-0.074193164999304,12444,31001.81,2.491305850208936,6.5701268,9.829322,17.432114,23.75399,11.640144,3.3109261,5.59202735,8.9703895,9.059789,6.52421215,44.88008670000001,189.11237,73.452494,22.127018,346.93517,543.9987,938.14998,1517.2000400000002,1647.99143,1301.33252,13.477640133333333,6.663592708333334,676.5071387,5948.67267
2020,barley,Santa Cruz de Tenerife,803.0,32.70205678621995,32.97358463013403,38.50748213094444,7.034813305143394,1.25841503859716,0.4315327036019906,0.3731232016260204,0.4239116945668761,0.4745052838509694,0.447125916987841,0.3103500200362718,0.283645491726377,0.325899587691719,0.380993790074343,0.3219727319197844,0.1701391661494176,0.0995337154508319,0.15050312278296,0.1659523921846348,0.1857098450845245,31,8.11,0.2616129032258064,15.3981825,15.35615,18.665518,21.660837,18.3003845,8.99221825,10.80565375,13.776194,15.7209375,13.587372125,9.9743178,55.56563,30.461001000000003,6.6321835,64.70139599999999,972.25272,1373.4646,1641.22284,1633.6299,2086.18995,17.946909416666667,12.744957958333332,167.3345283,7706.76001
2020,barley,Segovia,4000.0,22.95033943412197,47.58392804435696,19.96673350457498,7.250836937457768,1.370242006893574,0.2675264194932572,0.1933051926687606,0.3769765371459283,0.3613375049541753,0.2090004001508122,0.1777398063034578,0.1425337882499819,0.2851689102494384,0.2402246223091089,0.1347437021823396,-0.1269992781285548,-0.1152362338478119,-0.0195956290482007,0.0331891223387757,-0.0976712693762613,48577,67704.62,1.393758774728781,5.45881575,8.808425499999998,16.436927,22.535431000000003,10.60627025,1.5869574,4.39589805,8.03455075,8.285887,5.077448875,47.632324,207.465625,101.82021,36.485214,336.451243,538.79036,946.7587,1506.32489,1618.13657,1307.58936,12.408689958333332,5.409698491666667,729.854616,5917.59988
2020,barley,Sevilla,3022.0,31.77131470630645,30.53762004011168,16.95241902290036,7.288286143117437,1.480187214073171,0.3418172602327934,0.2246046229059674,0.3945324792256522,0.2754114122427812,0.1894340843680635,0.2148501609855033,0.1621051564818069,0.2773686064819288,0.1933511765753129,0.0956573575095852,-0.0351786041338379,-0.0996059428715388,0.0507652895439881,-0.0742338194430684,-0.1836417489555718,4755,22552.17,4.742832807570977,11.963738,14.9216255,22.7373045,28.882874,17.495177124999998,7.38433535,8.894084,11.3550375,13.409127,10.20491475,49.3514717,154.69240000000002,40.837208,5.1308792,174.276862,683.05853,1049.8404,1646.06035,1705.4639000000002,1555.75088,18.91598270833333,10.242068891666667,424.2888209,6640.17406
2020,barley,Soria,4119.0,24.14897133863889,38.1844620214656,21.79758516066749,7.418943188363471,1.364438552086122,0.2363315827430555,0.2168024580044545,0.3222587180316919,0.5097526523449685,0.2207138068828608,0.1464442449292656,0.1464382083226146,0.2285049621001122,0.3613377800578566,0.1112922311882582,-0.1133757566631085,-0.0957108862245976,-0.0448703624059401,0.1386817906866822,-0.1211108125866835,72360,75967.29,1.0498519900497512,5.1021608,8.1873225,15.7679985,21.381467,9.950485,1.177328025,3.8907969,7.8979133,8.531222,4.546693375,44.5512354,225.3539,133.272938,42.285957,254.457503,534.37403,924.61182,1445.72259,1592.8065,1315.46759,11.7233198,5.0984411625,699.9215334,5812.98253
2020,barley,Tarragona,3382.0,27.039674946850173,29.157641826116148,25.42767199008608,7.541700374846145,1.3779395177871585,0.3496777209911549,0.3613356507690647,0.3377571488273871,0.3887282978855539,0.2755359056566098,0.224600002579239,0.2597312342286078,0.2285669877602527,0.2831637478228308,0.1699217943329189,0.0097669173379596,-0.0137344256761828,-0.0058773893661387,0.0254203752588133,-0.0449382573901304,18795,13745.41,0.7313333333333333,9.0586382,12.144711,19.360487,24.982232,14.863376,5.37189165,7.61797365,13.7032855,16.2192905,9.36528265,144.440025,220.615955,135.786704,55.475698,293.926247,594.93416,961.73612,1466.6816,1535.82514,1420.54228,15.878803366666666,10.273834433333333,850.2446289999999,5979.7193
2020,barley,Teruel,3090.0,22.47443950415829,33.79777589993578,21.10040503109295,7.412077456982944,1.4040643147552672,0.2323936551651052,0.1855235508198595,0.341815242762105,0.3924810805486339,0.1972414729319521,0.1464985704856666,0.134715557292594,0.2402044731398715,0.2714914473720158,0.1113027103606211,-0.1113418229709936,-0.119142382849951,-0.021515480911842,0.0488522874112914,-0.1522968319641119,106131,97364.16,0.917396048279956,5.70713495,8.766906500000001,16.609594,22.450285,11.0501275,0.77966212,4.1048591000000005,8.6323725,9.74761,4.746782175,94.7649134,218.403195,134.986494,38.352122,189.566461,622.55153,941.66057,1485.2102,1574.0932,1422.91823,12.605695908333333,5.459678011666667,676.0731854,6046.43373
2020,barley,Toledo,3580.0,24.03382423807433,44.03232096632096,15.83815342941664,7.521497534421158,1.4232979965825454,0.2597543465406489,0.1738099344475427,0.2714447364699298,0.2128655134521916,0.2304018052758996,0.1660086068315902,0.1269422864719984,0.1972521012690007,0.1425564787557142,0.1444515312045957,-0.0820559825346752,-0.1308623525405197,-0.0566510888756101,-0.11915275051156,-0.0898761085820303,60027,129337.7,2.154658736901728,7.94358435,11.7187225,20.634792500000003,27.165236,13.71499775,4.024350549999999,6.37528675,8.24107505,8.710526000000002,7.308653449999999,43.672258,166.42652,57.686103,28.098098,249.680864,593.8214800000001,994.45929,1603.49334,1652.9862,1408.8795,15.815388475,6.994757541666666,545.563843,6253.639810000001
2020,barley,Valencia,3023.0,26.0008257832434,37.048684736688,22.372951102187645,7.601531685280463,1.4041003137156485,0.2519804841085923,0.361352239124102,0.2714035895147758,0.3496154542025836,0.2694896213217568,0.1581683299268149,0.2675805669652598,0.1816358364931223,0.2519694492559167,0.162125265613998,-0.0820304063594092,-0.0058481961096606,-0.0664629742624284,-0.0019941592915787,-0.0586045766001663,6365,7672.99,1.2054972505891597,9.38337675,11.940414,19.694458,25.1567125,14.75148075,4.429319,7.088048349999999,11.7404445,15.3111205,8.757264,117.0403595,225.52221,98.188583,29.749115,261.52031,651.67177,966.27244,1556.5263,1547.64836,1435.74855,15.946320458333332,9.347243391666666,732.0205775,6157.86742
2020,barley,Valladolid,4489.0,25.05730563338003,44.38433851977854,16.605732397771998,7.537662389100126,1.368638307984791,0.318350298728146,0.1855254244440351,0.5136720239738373,0.3339657230704498,0.2050657117976808,0.2128712740474471,0.1347084097861408,0.3946039274476096,0.2148210305132085,0.1210043103910399,-0.0820771028066616,-0.1289502849260949,0.1054774516854339,0.0195022627405898,-0.1367590800479552,60977,161434.74,2.6474693736982795,5.95928135,10.2072725,17.6033455,23.250264,11.446391925,2.84370285,5.16340495,8.591627500000001,9.2812915,6.1585943,33.3306742,162.726719,93.772578,39.030460000000005,260.634034,497.25918,985.1698,1477.73059,1618.5913,1268.0028000000002,13.318824533333334,6.366202566666668,589.4944652,5846.75367
2020,barley,Zamora,4117.0,20.944712657487724,43.92237419003452,25.184467164860514,6.42948867049523,1.3298581028586076,0.3770210116702563,0.1894161727843373,0.3965009325012629,0.2597886596694511,0.220743509829236,0.2324895200134533,0.1347353797610494,0.2753203012919176,0.169914278299884,0.1191325904011726,-0.0351232205907856,-0.1133140472970382,0.0136903885702338,-0.0585602884626554,-0.1445669661674053,29950,63008.49,2.1037893155258764,6.1057435,9.87012125,17.049764500000002,22.98655,11.24771965,2.97396855,5.0223345,8.6972175,9.391571,6.1836461,38.4323594,173.48809999999995,102.52008,25.8119486,315.262305,491.84146,961.49411,1463.28084,1616.05074,1253.24608,13.084603091666668,6.4087306250000005,655.5147929999999,5785.91323
2020,barley,Zaragoza,2950.0,28.48526921389855,27.13269446924836,19.52018178987687,7.699227047889838,1.4005314565905318,0.3397345525326114,0.2284829794873479,0.5020122649383737,0.3808689760897349,0.2519657559368981,0.2285273048809427,0.173792720627872,0.376974233350188,0.275393574996465,0.1425863532374523,-0.0273629433694969,-0.0839950123980977,0.1230789484501426,0.0527249183151081,-0.0898567754248458,125871,163698.06,1.3005224396405843,7.39606,11.0937785,18.972287,24.446756,12.916921775,3.1575947,5.87885355,10.344988,11.152731,6.78000275,68.3748488,201.59775,122.92259,24.706312,212.295354,576.04638,938.95969,1470.1388499999998,1592.3740400000002,1392.07319,14.623787508333336,7.349028791666666,629.8968548,5969.59215
2020,barley,Álava,6675.0,31.5827763496144,25.36169499958537,33.23610968294773,6.722444370732785,1.2771215689526494,0.2988581229158394,0.2363396530537236,0.4356719305746068,0.5643830004649549,0.2676142736150004,0.1738672397800133,0.1659475401718532,0.2987531318304494,0.3945268859015096,0.1387069667795847,-0.0839700973750091,-0.0977616680273236,0.0292346311781042,0.216652252223299,-0.0956792980585343,13691,12922.23,0.9438485136220874,6.446958499999999,9.3705142,15.1765735,19.1076395,11.146421425,3.6062748,6.00489885,10.859499,13.011843,7.261713425,82.686643,214.549445,144.46443,55.063401,380.08281,466.43478,879.0847200000001,1278.5827,1327.33684,1146.3902,12.065754758333334,8.000990416666667,876.846729,5097.82924
2020,barley,Ávila,3965.0,18.84587684120659,52.67248967780342,26.25381735908533,6.769433481413691,1.3472347846903128,0.3692030021335619,0.1698496089241808,0.458893037682591,0.2519432831832744,0.2206671711450933,0.2754267763541496,0.1347436014456471,0.3651306159908176,0.1660154280730113,0.1444972552626895,-0.0273515112384346,-0.1132678819266322,0.0743262231766607,-0.0566336410340593,-0.0741779963686022,20876,46420.69,2.223639107108641,5.7304216,8.4005287,16.495451000000003,23.0058995,10.598900225,1.396544235,4.2831131,7.45683715,7.3131825,4.931408175,49.1320353,234.56402,81.09215400000001,22.717098,344.584266,578.23749,951.95494,1536.7834,1639.3699,1360.32584,12.471683541666666,5.0520822225,732.0895733,6066.67157
2021,barley,A Coruña,2200.0,16.8174956794124,45.38603802117088,56.51798682220782,5.187478829120761,1.198658446748758,0.6737980637500944,0.7246805569503632,0.5646239873255556,0.3846700941118315,0.6229742689237395,0.4707649687208313,0.5214211436169267,0.3846161630014822,0.2538199150473421,0.3865228196310781,0.2477122638885139,0.1972642424674127,0.1053328447744666,-0.0665549096301965,0.1524670442254004,541,267.96,0.4953049907578558,8.76535425,10.69333,14.1317155,17.817718499999998,13.04224275,6.36048525,6.932464,10.84138925,14.284699,10.23905615,414.0688,125.633654,189.49418,59.932438000000005,586.87798,394.74877,1033.4452,1342.38744,1325.50694,1106.68042,12.915433958333333,9.816191633333334,1376.007052,5202.76877
2021,barley,Albacete,2630.0,24.808089988498978,40.84869918043516,16.202073223185316,7.77704961335989,1.4307609142846458,0.1933420482193949,0.1855453959668404,0.2441370694030348,0.2284927705522747,0.1738143188780139,0.1191148356418033,0.1386453712515221,0.1738168493250809,0.160043326537253,0.1034646283853221,-0.1445611843070163,-0.1191448991812506,-0.0977258666900392,-0.0918276832270009,-0.1524171865976204,31238,115428.15,3.695119725974774,6.1797649,10.1185905,18.853163,25.7485875,12.749758075,1.97518025,3.792082,8.46757575,9.679488,5.584312625,103.126845,106.336827,107.981102,33.0768221,131.88166900000002,599.47617,1095.5626499999998,1575.26831,1623.19208,1565.96899,14.399937008333334,5.8471585416666665,482.4032651,6459.4682
2021,barley,Alicante,2263.0,28.14081783274487,32.7017122972431,19.33509823066453,7.803332708707288,1.4283765640307449,0.2676189717073252,0.3143762280571023,0.3300945682210049,0.3651200601981964,0.2911120659589438,0.181726270102804,0.2597702654451129,0.247940773902902,0.2949390209730442,0.1972081138675196,-0.0428070883260559,-0.005848876956904,0.0173688574220405,0.0176256960813609,-0.0274942256793649,1340,2298.5,1.7152985074626863,10.341417750000002,12.372711,20.194663,26.0539055,15.941763,4.2671674500000005,7.53099125,12.3543895,16.3321035,8.8817847,66.625191,145.25299,92.150906,25.807589,78.705769,643.29568,1091.65234,1572.25103,1566.2811,1598.31732,16.807703875,9.70803685,408.542445,6471.79747
2021,barley,Almería,1323.0,24.65662421812085,39.35405773908459,16.518651100140257,7.673561929359524,1.4301057094426903,0.2711768300394196,0.3493911151794113,0.369034047912369,0.3417090291385308,0.2714727288009374,0.1815894300554033,0.2715422813486691,0.2677095358299272,0.255916765687269,0.1778352070056062,0.0058646694875684,0.0486705233937723,0.0721984572607773,0.0370921833796638,0.0119712127806432,4288,8986.91,2.095827891791045,9.20025715,11.7213675,19.4583145,25.6661805,14.7448175,3.1518689,6.0296425,10.095614,13.023889,7.721324525,80.27991399999999,130.312044,82.97927200000001,12.7488697,84.803981,690.41598,1162.9401,1643.888,1632.3968,1674.64171,15.922625775,7.957277241666667,391.1240807,6804.28259
2021,barley,Badajoz,2675.0,21.418389931563453,45.44558736513142,18.433958609800072,6.540236159018335,1.4420478317211065,0.4120690973702978,0.212879638581371,0.3065914077903696,0.2363155622924853,0.3534945167214541,0.2207190834835586,0.1386552771047701,0.1816606130129095,0.1542725182687204,0.1777383458372093,0.0116655008198689,-0.1074577236231245,-0.0761774081943779,-0.0879140703268504,-0.0508255127677062,17053,50350.28,2.9525760863191226,8.826111000000001,13.9078285,21.016798,27.066869,15.52965225,5.35244735,6.3088335,8.347643,9.72808,8.15309775,132.404774,69.06265,35.859284,4.99215714,220.857542,535.61399,1135.1064,1609.1436,1705.92511,1466.8625,16.979485166666667,7.673866558333333,463.17640714,6452.6516
2021,barley,Barcelona,3708.0,26.204354638848468,32.753960683736054,29.990155084554463,7.185439990586382,1.3308924085894462,0.3106102212542198,0.2323762353913669,0.5643548904129716,0.2987754987167981,0.2676268212959403,0.1699379305416556,0.1621604613363594,0.3945564365975459,0.2011445687950319,0.1425954445367027,-0.0644421227932617,-0.1035295945662469,0.1541283800690581,-0.0371223700932321,-0.0977451759683882,47320,35856.69,0.7577491546914624,6.0959015,9.4807415,17.286966,22.2672995,11.7201861,2.9330181800000004,5.0622506000000005,11.713326,15.678195,7.930829425,93.344342,129.338468,120.52721,99.527542,257.43949,528.73526,1029.17332,1400.3517000000002,1378.0316,1316.70515,13.09521345,8.541408105,700.177052,5652.99703
2021,barley,Burgos,4419.0,28.704485606590584,31.060509805013474,24.87810186587034,7.255276655331994,1.342514301757512,0.2597262848851701,0.2441108025074563,0.388702384511396,0.5488400334148087,0.2089754630494904,0.1386404932500498,0.1659803798991517,0.2831808433118771,0.3886401314644013,0.1113010321104149,-0.089868476895333,-0.0586199514501926,0.0194762049682174,0.1757450323392707,-0.1523674263255428,153746,138563.48,0.9012493333159888,4.5232706,7.39950575,14.044987,19.080209,9.826569625,1.652886501,2.50259065,8.2167713,9.900035,5.2807205,174.93351,103.12725,143.87876,37.355026,272.77736300000004,425.8434,1004.383,1355.36776,1492.15192,1199.27913,10.7835186,5.472287408500001,732.071909,5477.02521
2021,barley,Cantabria,2270.0,26.518497065553525,34.15904029717853,48.03415414859565,5.901187501396216,1.1880124590310424,0.8301236725932396,0.5378480051014123,0.7325764783728099,0.4862788664801569,0.7515276906414803,0.7008452248470567,0.3653331713698901,0.600667561574993,0.3220450350257295,0.5174147257399047,0.4192557443313558,0.0760794222604958,0.3338312921917755,0.0372389612245681,0.2636406009242042,340,137.56,0.4045882352941176,6.2876347500000005,8.35895065,13.3641575,16.8225165,11.01388825,3.0719012,4.300987,10.1419295,13.4756795,7.521404,221.49682,141.99764299999998,228.023004,127.596205,454.742913,411.29238,932.7993,1174.3027,1233.79575,1166.28964,11.143505983333334,7.672217533333334,1173.856585,4918.47977
2021,barley,Castellón,1848.0,25.020657600298016,35.18430293109192,25.18941010889611,7.478638418212487,1.3693323784264495,0.3027582891518787,0.3339877926212271,0.3965058994286153,0.3925405665245867,0.3376743366275853,0.1737123613107627,0.2245961480395921,0.2558351987975784,0.259805096880387,0.1971156775419019,-0.0841449195988525,-0.0605463323828148,0.0058345467150292,-0.0137207988791553,-0.0488467141433049,3567,2714.15,0.7609055228483319,7.7740025,10.0637055,18.0921395,23.016156,13.295880325,2.67023775,4.7006368,11.2725295,15.670359,7.1057026500000005,80.172922,143.419722,90.241004,125.475509,201.942334,594.40876,1055.8627,1443.5764800000002,1463.90797,1481.33326,14.256294025,8.087528058333334,641.251491,6039.08917
2021,barley,Ciudad Real,3030.0,25.540821734229457,43.21070474494339,17.036367121796776,7.364130323396798,1.433797668518283,0.2245738653974518,0.1777063505758446,0.2636801726500416,0.1972637449513238,0.1738330191659968,0.122999782131801,0.1269204776853796,0.1699139539917179,0.1347511435696783,0.0995761457614937,-0.1133472007500324,-0.1289317308438666,-0.0800968012187498,-0.123057396501665,-0.1523559432276925,51137,133808.89,2.616674619160295,6.98186415,12.0488855,20.7142125,27.5633745,13.7410854,3.1226346,4.0208984,6.75918985,6.93704685,5.9989755,137.36861,90.623365,36.529304,15.0534213,183.734683,572.49956,1140.29089,1609.3687,1692.84443,1505.4879,15.798417908333334,5.472953449999999,463.3093833,6520.49148
2021,barley,Cuenca,3300.0,24.3775694278534,38.26548047834629,18.5023914290409,7.574921749070817,1.4037943711750291,0.1971833930482028,0.2050545212500043,0.2480242775332748,0.2636519819527346,0.1698900201136912,0.1210505504437899,0.1542766260992086,0.1699166402143005,0.1777211431160183,0.0917407474245934,-0.1387165757598667,-0.0918050950139623,-0.0976648758607508,-0.0449396228367736,-0.1679679512208594,134392,230669.43,1.7163925680100005,4.6468174,8.97128025,17.498428,24.2936905,11.1686095,1.36599733,2.5688463500000003,7.812175,8.6901097,4.861565725,153.75686000000002,103.57616,97.169894,31.6325235,195.03166600000003,550.78176,1090.29644,1534.5884,1643.9397,1462.1294,12.957905858333334,5.0267099716666666,581.1671035,6281.7357
2021,barley,Cáceres,1938.0,17.110187741336116,49.48306677938192,24.119467904773227,6.249366989402125,1.4092271256290698,0.4003608080738658,0.4316740945041074,0.2362542433736986,0.2714706244936535,0.4004618977510857,0.2167953309557821,0.3104841152657409,0.154304957053612,0.2011766098845422,0.2167799280715248,-0.0117100922457822,0.0195601871543326,-0.1289673145550917,-0.0722402352276617,-0.0272699995213425,860,1344.13,1.5629418604651164,7.959302,12.8854335,19.974561,26.3797735,14.45053425,4.4824121,5.8615217,8.765138499999999,9.3034775,7.778583500000001,188.00982,100.62354,56.350236,4.7431515,363.744625,517.98622,1130.1442000000002,1554.46643,1688.17261,1408.14833,16.01668975,7.328286133333333,713.4713725,6298.91779
2021,barley,Cádiz,2605.0,32.30254239464251,32.14110893702688,22.84139486334083,6.959262369169773,1.41145303721279,0.2636063754960278,0.197231747327834,0.4941481654386203,0.2597979291185167,0.224553955168752,0.1386442220557386,0.1425437469332135,0.3260674664796456,0.1776681281880873,0.1073877471196325,-0.1288582005118477,-0.1133739185400005,0.0664369628734323,-0.0507758964793648,-0.1914261098278732,2354,9616.57,4.085203908241291,11.6028025,14.938636,20.945173,25.6385565,17.31848575,8.319336,9.7244735,12.323737,15.766681,11.71566225,219.15747,95.593927,22.593465,1.43279348,229.738938,627.53226,1200.56216,1660.29104,1684.34665,1639.76966,17.960356583333333,11.594258666666668,568.51659348,6812.50177
2021,barley,Córdoba,2160.0,27.977760955586824,35.93623331493473,18.0370448614793,6.989155646943889,1.4420640893083423,0.3301097602644291,0.2480432030971323,0.4433076065781873,0.283184167576096,0.2832704179589098,0.181611187736659,0.1816067112839211,0.2949073258158871,0.1972758344680166,0.1582159141868745,-0.0507684986470178,-0.0800711795068914,0.0429311887911523,-0.0605755221595284,-0.0820894800454666,5618,18415.88,3.2780135279458884,8.94567435,14.006403,21.7956055,28.1814175,15.60019675,5.1861634,6.1326442,8.6448543,10.39932575,8.09788895,145.54938,78.642622,30.781773,5.90417608,200.534769,585.53004,1159.17725,1653.92938,1706.80015,1535.42021,17.35491564166667,7.759794258333334,461.41272008,6640.85703
2021,barley,Girona,3827.0,24.476401855517217,35.04049237182743,36.777612495839975,6.784815616004859,1.2801373830084133,0.466820411612429,0.2558889860462706,0.5839665641047503,0.306672773634514,0.3262919730347107,0.3562607018064682,0.1816121689693589,0.4178909035735786,0.2050735363396008,0.1776929261497133,0.111339699027014,-0.0801355791841911,0.1777114422081045,-0.0566256099484776,-0.0488410215561421,21948,19657.55,0.8956419719336614,6.27363775,9.54228,17.13982,21.800845,11.8564405,2.96859239,4.60040225,12.0377035,15.5873685,7.960939675,101.751048,116.719261,185.635877,133.893946,328.955625,509.23964,1033.06363,1322.3376,1323.04434,1272.24552,13.078243958333331,8.519324331666667,866.955757,5459.93073
2021,barley,Granada,1347.0,25.37142730345376,36.99702425585095,19.547918796864348,7.429837891956373,1.4011652536355377,0.2167419648343265,0.2597781733634492,0.3379268212793227,0.2714509458954672,0.2089266397048911,0.122987285506366,0.2011383472078856,0.2480843209295993,0.189441211345733,0.1152113022604196,-0.0977043247586203,-0.0410455606908191,0.0215343163775171,-0.052755411692952,-0.0977281234048063,14976,33748.5,2.253505608974359,6.669354800000001,10.3905465,18.3485,25.4848115,12.759497375,1.68675265,3.534703,7.266346,8.41724575,5.239505875,130.764124,116.823917,83.70221,13.432466,148.109057,659.31692,1164.9537,1650.60907,1666.45474,1643.39516,14.402034591666668,5.230676525,492.831774,6784.72959
2021,barley,Guadalajara,3000.0,23.64379090165741,34.41609728768813,21.88481025817056,7.33873430562416,1.3712528918954368,0.2591862316008377,0.2011490262439943,0.3027111294692416,0.3613040047493845,0.1894231620597568,0.1453048709895174,0.1425280591591425,0.2089793805564663,0.2382844183848114,0.0995642354705176,-0.1134338499049624,-0.0918197933831966,-0.056611079585132,0.0448698418420837,-0.1855647700722933,94560,80342.05,0.8496409686971236,3.76879185,8.0907235,16.019351,22.801307,10.02413275,0.5271801499999998,1.592887575,7.11311025,7.357172500000001,4.13890445,137.14576,118.032427,113.537424,31.821036,222.30938200000003,522.81043,1084.93872,1488.4531,1635.55475,1350.18274,11.788073141666668,4.144693229166667,622.846029,6081.93974
2021,barley,Huelva,3432.0,21.64026163403111,47.16316770994197,22.531403594582663,6.4534755998146105,1.4502325065903123,0.361344086607745,0.2285237260553012,0.4862974511772555,0.3144385752588008,0.248100921165445,0.1933313206152213,0.1659714139198218,0.3418594960888533,0.2324389559125821,0.1425723671409564,-0.0567177717752612,-0.0839712134540456,0.0898465096325439,-0.02929694222357,-0.1191803570751791,375,1106.49,2.95064,10.60363075,15.340766,21.483935,26.8922985,16.98733,7.1225985,8.45445175,10.2530355,12.6288615,10.25946715,126.734833,70.855584,26.807775,1.193658677,230.472981,577.9529,1167.7161,1645.60494,1705.37866,1556.80003,18.049215041666667,9.829646925,456.064831677,6653.45263
2021,barley,Huesca,3133.0,26.58874404243393,30.187439148002905,33.42726025881975,7.267331212487676,1.316439111840041,0.3417492759374323,0.2402279442627647,0.5839753796083577,0.3105177073988711,0.2304236759651353,0.23237855211353,0.1737947391006198,0.4277363067599273,0.2089557677806015,0.1269253601117815,0.001920945134571,-0.0977049075364845,0.1777657245266365,-0.0039628676024049,-0.1367289275257765,90301,174934.47,1.9372373506384204,4.040324350000001,8.23117325,16.0362875,21.652119,9.8929905,0.7174817499999999,1.783534785,8.042416849999999,10.979947,4.7552409775,157.74582,108.383527,148.87076,68.971897,297.795067,512.61739,1095.69683,1437.83252,1501.85681,1368.43472,11.624314183333333,5.17231039,781.767071,5916.438270000001
2021,barley,Illes Balears,1390.0,27.33129873118016,35.992629600353304,28.276301755714144,7.242465755966496,1.379667115707908,0.3339040624653878,0.1894937070642728,0.4512662929590921,0.2401680161147073,0.2363407784373098,0.1952247553980847,0.1308431927575406,0.3145360516973405,0.1543077165059786,0.1347663016376973,-0.0331235627935361,-0.1660039922822178,0.0645931314266508,-0.1347421363603896,-0.1269996803799683,19044,16619.07,0.872666981726528,12.0075335,13.645695,20.84676,25.991171,17.774881,7.587893,8.679136249999999,14.9356175,18.8666175,12.43710515,69.1729416,62.126459,64.399818,15.4772122,175.39536800000002,626.68601,1152.02145,1563.431,1551.8322,1473.19476,18.00682025,12.490579091666667,386.5717988,6367.16542
2021,barley,Jaén,2122.0,30.688116173516992,29.78343230591621,19.18514732549988,7.46462718569945,1.4138276559180596,0.3339726189401164,0.2793051197313675,0.3769327038375412,0.2949357337790844,0.3457049188416351,0.1894819146882191,0.2011719000972975,0.271479165097684,0.2012028874092378,0.2012000961219459,-0.0040040979520678,-0.0723030482033684,0.0175862034432154,-0.0761858308115113,-0.0214473023734044,2117,5299.98,2.503533301842229,7.50437715,12.2747085,20.677436,27.7980795,14.157072,3.2990232500000003,4.43955505,7.451852000000001,7.97142485,6.122623575,176.773875,88.18549200000001,55.702969,15.505329,193.523758,593.85704,1153.9726999999998,1628.96056,1683.7628,1558.41513,16.094790858333333,5.901183716666666,529.691423,6618.96823
2021,barley,La Rioja,4433.0,28.12442067559485,29.71901618110145,25.75944795249755,7.2019767906766194,1.3299673371068308,0.2871138301135542,0.2793167538473819,0.3769050893547405,0.4042830746008204,0.228530065930375,0.146483751732633,0.193327429245251,0.2597201188875752,0.2715439120322894,0.1230329243141572,-0.0840553217698265,-0.0566753131340308,0.0214843181868001,0.0663492527796622,-0.1211145527370352,30791,18625.02,0.6048851937254393,4.6069734,7.26211585,14.294229,18.9754755,9.918933425,1.4063556149999998,2.3081454,8.639529,10.9033315,5.082502874999999,157.13873999999998,129.355736,195.00385,48.061298,237.764715,460.98077,994.4809,1371.0285,1474.1824,1235.02587,10.829443433333331,5.570394544166667,767.324339,5535.69844
2021,barley,Las Palmas,1046.0,25.810032702265115,43.41993635882721,20.35506831674174,7.67681131541121,1.3702478585894209,0.4712964922747386,0.2551634490201663,0.3463778289031655,0.2125836766958197,0.4179647811258657,0.3338285053239044,0.1620772061585859,0.2677436119089773,0.1343194581227293,0.3046811766205906,0.2484382086117298,0.0001238365501551,0.1508967419637782,-0.0172225801828028,0.1942958410355573,84,47.64,0.5671428571428572,16.613459499999998,17.829665,19.554261,21.9833205,20.44833375,11.3090225,12.168327,13.848008,16.8461715,14.954851625,42.13136299999999,18.909307,7.3530936,6.430372,51.323086,894.56183,1392.3853,1567.32443,1602.42606,1981.26442,19.47956225,14.013538708333334,126.1472216,7437.96204
2021,barley,León,3300.0,21.7109395695188,41.01995601706934,40.73160813987658,6.364580219073536,1.2637501117939414,0.2324328325119526,0.3261691536588955,0.2597333486160577,0.3066101766359809,0.244171134711626,0.1191029975790554,0.2225843121934476,0.1581805703684668,0.2089749821601051,0.1073940469555882,-0.142576613551096,-0.027326650104784,-0.1055488354245561,-0.042987148330977,-0.1913628845595066,19603,21528.76,1.0982380247921235,3.2164357,7.364774499999999,13.1283035,18.63023,8.990133825,0.69538955,2.139355,7.1759655,9.3619825,5.05439735,230.32324,98.980352,157.578949,29.6528845,397.804233,422.53818,1020.98669,1356.8082,1525.52393,1189.88535,10.053335225,4.913581208333333,914.3396585,5515.74235
2021,barley,Lleida,4138.0,26.80088779228917,29.478447761727296,36.8381330183701,7.17928910655981,1.3082891532821035,0.431694131623027,0.2636650727212124,0.6698944869245512,0.3222738721210414,0.2597253972262156,0.2948711112913615,0.1894580296466702,0.5018926869474576,0.2129105795921512,0.1425612000978588,0.0527603337579938,-0.0761943335681632,0.2480228348123585,0.0038685339007866,-0.1289201944887714,111854,110567.44,0.9884978632860694,3.727171,7.74268375,15.8002735,20.92295,9.4437695,0.2135052500000001,1.79427145,8.31038775,12.0301705,4.792762455,113.850076,107.216763,137.89828,102.94368,225.842813,529.79452,1087.4445500000002,1443.0082,1464.33423,1360.3258,11.180102875,5.322309976666666,687.751612,5884.9073
2021,barley,Lugo,2300.0,16.86948151240638,45.92492350279246,55.1018177413162,5.189617673244169,1.159444550632349,0.7828348034087925,0.6231688826444798,0.6389537291674239,0.4316154391187581,0.720236492950477,0.6132126309585596,0.462841092719386,0.4472729448084068,0.2851952078247268,0.4903534707587915,0.3501200848086084,0.1309591501360454,0.1993612753138705,-0.0059198624640891,0.2243951706339612,534,406.37,0.7609925093632959,6.4624365,9.1274005,13.33666,17.520076,11.177153,4.08008905,5.29026235,9.7747419,13.2288495,8.390979325,400.22453,120.166158,202.10017,56.153603,565.340154,383.95122,1014.41739,1293.0964,1357.6966,1105.51971,11.466813166666666,8.192650241666668,1343.984615,5154.68132
2021,barley,Madrid,2345.0,23.93837642946105,42.31762860431763,19.785028990224937,7.3526634916591185,1.3807294025513286,0.2598335743430872,0.1776781760618213,0.3456530939618717,0.2441074810139084,0.2402500990184456,0.1503680965148951,0.1308312665468618,0.2441545158047465,0.162067216846185,0.1269280177874442,-0.0997473103846533,-0.1191704747946005,-0.0253430725950328,-0.0488215823845083,-0.1211177180708982,26851,39710.37,1.4789158690551565,5.09537315,10.0613005,18.347953,24.9478715,11.740438575,1.7313158,3.1691091,7.41550475,7.678713849999999,5.49012755,123.054685,107.877848,64.62762599999999,19.895609,250.33727,533.3421,1096.80121,1546.8061,1671.04786,1388.58291,13.65556255,5.1624831,565.793038,6236.58018
2021,barley,Murcia,2240.0,28.14212353531068,32.383473663801254,15.80811473143195,7.861866665395269,1.4499177163689994,0.2285045585406048,0.314445207201423,0.3339403468444301,0.3066231069961426,0.2324407361169017,0.1522491358914213,0.2617208193009915,0.252012111731747,0.2363592629047794,0.1503591912500087,-0.0430492604762328,-0.0019540719614386,0.033174486730128,-0.0097931437219058,-0.066450367821443,6841,18398.52,2.689448910977928,9.14388,12.0654305,19.960392,26.148362,15.00632725,3.48750995,6.441498,11.1981965,14.3130185,7.939390250000001,71.8299513,114.902795,101.943093,14.2629927,82.190886,645.3450600000001,1094.17655,1599.99402,1600.7159,1626.70512,16.2217865,8.553167241666667,385.129718,6566.93665
2021,barley,Málaga,2420.0,31.4056117216678,32.82147773423947,22.06149385701749,7.10139275801547,1.3994517617706483,0.3301044978120875,0.2167978580977817,0.4198700505162174,0.2519744527094957,0.2441511192080218,0.1738479145854834,0.1503972712027769,0.2695876900454504,0.1699007196371258,0.12690513514835,-0.0429618818656676,-0.08007548432805,0.0370766551504016,-0.0722699143506284,-0.1113152666958651,4146,11480.94,2.769160636758321,9.8443835,12.99294875,19.635269,25.512841,15.34675725,6.30151035,8.0420775,10.9622015,13.825807,9.84633875,180.671085,124.71727,28.989404,4.11540445,210.830699,648.3351299999999,1153.66765,1656.3463,1679.9504000000002,1635.48466,16.446492791666667,9.804045641666669,549.32386245,6773.78414
2021,barley,Navarra,3698.0,31.32335790547628,24.970152669805643,31.35806266455273,6.954826134924855,1.298901861511466,0.290979258597159,0.2284919016100918,0.5136770638378345,0.3965117729948165,0.2128645771498572,0.185601151831741,0.1620962493175324,0.3808380695582781,0.2597181568225862,0.1347683339385709,-0.0351471984610692,-0.1055371819809331,0.1366955928268598,0.0585616005094491,-0.1211011411993003,41971,68644.02,1.6355107097757977,5.96696605,8.73327335,15.4206555,19.4091635,11.038219,3.0317184,3.1866424,9.7466045,12.897155,6.66991435,183.9651,84.305452,187.90991,58.587547,353.99574,425.13515,1005.65564,1298.3247,1360.4888,1208.71956,11.934416066666666,7.033658166666666,868.7637490000001,5298.32385
2021,barley,Ourense,2300.0,16.249732452434706,53.44489651287875,52.00591259343389,5.283026888645734,1.195422189596347,0.4672387860495418,0.5018225344544415,0.4163720345801753,0.5058451282391014,0.486196287906829,0.2837132998883375,0.3651333436304945,0.2558834902176427,0.3690960595831513,0.2561073053667713,0.0254791585174,0.0918438689753105,-0.0367108895965898,0.0565610455210093,-0.0741583180001891,1307,1009.77,0.7725860749808722,5.2926023,9.1319455,13.779805,18.567047,10.55985985,3.0406723,4.4771973,8.9116307,11.86724925,7.1300404,393.01153,134.803044,165.34403500000002,34.742617,519.8653340000001,397.69469,1027.62027,1388.2843,1485.45885,1152.94781,11.315186583333334,7.092805058333333,1247.76656,5452.00592
2021,barley,Palencia,3607.0,26.83553580524947,32.61265872254773,23.38300995902138,7.347835062602215,1.3561270357835948,0.271500044067225,0.2128698576557584,0.392593701810604,0.3730380671856996,0.2480428812388876,0.1542614257551113,0.1503547382794794,0.2754210044468657,0.2519335664521563,0.1308116385053417,-0.1055236983689014,-0.113339931423795,-0.0038852497442869,0.0273494878764005,-0.1445604026240857,46919,108828.84,2.319504678275325,4.150192,7.78265865,14.4841895,19.7899885,9.730449875,1.38095852,2.20554895,7.44967975,9.03045175,5.275001425,153.99302,74.99225200000001,112.886959,26.726723,266.269841,428.78714,1048.70223,1395.31995,1542.10703,1214.2243,10.944654733333332,5.102773636666666,634.868795,5629.14065
2021,barley,Pontevedra,2050.0,15.477679748859249,54.93373770262227,61.528604799526974,5.151694305375641,1.1701479186359975,0.7756190381504425,0.6739466753912352,0.6269554975858449,0.4432611812153329,0.7636328110428161,0.6038149851089871,0.4823686687833949,0.4389076599757817,0.3025572143534512,0.5490314134248683,0.3304682579374482,0.1345365651218269,0.1664575221863141,-0.0449222538591145,0.2558903109161133,93,18.37,0.1975268817204301,7.9343365,10.7661845,14.661123,18.375641,12.55666075,5.668589000000001,6.878428,10.861216,13.999888,9.60349525,497.70794,156.144408,196.05392,53.557295,641.83019,410.80066,1043.96684,1406.19124,1408.52913,1137.12122,12.808434416666666,9.435851916666666,1545.293753,5406.60909
2021,barley,Salamanca,3350.0,18.109806377959167,51.23045171113789,24.86092930572984,6.12553323366478,1.3795701483018383,0.2636903076404697,0.1894274512479699,0.3065520978060801,0.298829141843173,0.2324085860986107,0.1581706863490467,0.1386467798685952,0.2167678582453663,0.2128996655681144,0.1269168968165881,-0.056656745050706,-0.1211423411269234,-0.0684120022996788,-0.0019927459830234,-0.1758214316874761,12444,31001.81,2.491305850208936,5.487736,9.7342665,16.3940835,22.492902,11.4121274,2.32557265,3.46639125,7.560579000000001,8.554339500000001,5.897008425,175.89162,97.047884,91.580958,8.738456,312.788238,488.43834,1118.65375,1513.6698,1669.9771,1342.33337,12.822207133333334,5.616816541666666,686.047156,6133.07236
2021,barley,Santa Cruz de Tenerife,924.0,32.70205678621995,32.97358463013403,38.50748213094444,7.034813305143394,1.25841503859716,0.5492881359068815,0.3731356791139596,0.4630692815962007,0.4316682548743724,0.4856479176077974,0.4082428449428527,0.2832057161696718,0.3727394657362413,0.3261298334192776,0.353296197943617,0.2557881942325979,0.1033926302880375,0.2088605075679681,0.1349263922881154,0.1902553728693718,31,8.11,0.2616129032258064,14.577952,15.6163225,18.081859,21.141957,18.50473,10.0432435,10.9407455,12.8434555,15.375356,13.67866,97.684893,35.476909000000006,14.2125178,9.3967814,114.506127,907.65864,1417.165,1624.97997,1643.38146,1973.28023,17.737925083333334,12.760020083333332,271.2772282,7566.4653
2021,barley,Segovia,3276.0,22.95033943412197,47.58392804435696,19.96673350457498,7.250836937457768,1.370242006893574,0.2361918733792839,0.2011665956454415,0.3340205594338906,0.3574034859681215,0.2011350737943036,0.1348811743887106,0.1521913481789654,0.24809373155371,0.2558159992027619,0.1230150373029397,-0.0724151821146504,-0.0976568052116766,-0.0506798243600799,0.0273574326096134,-0.1836140885953079,48577,67704.62,1.393758774728781,4.10228055,8.134096,15.5711465,21.9932395,10.090783325,0.93858415,2.03672225,6.9048798,7.11345315,4.48996295,157.20123,107.765057,113.95497,21.1904127,254.30723,500.48302,1108.21775,1501.77918,1646.9218999999998,1323.84283,11.663721533333332,4.328927541666666,654.4188997,6081.24468
2021,barley,Sevilla,3010.0,31.77131470630645,30.53762004011168,16.95241902290036,7.288286143117437,1.480187214073171,0.2831675973394654,0.22850475859039,0.4590108890216799,0.263654539343566,0.2089326004901922,0.1464715266052444,0.1621222931920745,0.298817765228694,0.1855595564482787,0.1034556666142377,-0.0820033510618382,-0.0977106225712715,0.0507817982795144,-0.0722782140007591,-0.1680123419742668,4755,22552.17,4.742832807570977,10.6037855,15.38375,22.3531695,27.808733,17.14916525,6.84357075,8.045467,10.441248,13.3373785,9.78158675,142.293158,83.25988,19.863428,1.3052699,206.076542,596.14252,1177.50814,1656.2719,1704.17704,1574.04945,18.407961416666662,9.705139625,452.7982779,6708.14905
2021,barley,Soria,3679.0,24.14897133863889,38.1844620214656,21.79758516066749,7.418943188363471,1.364438552086122,0.3067474582295457,0.2285029645267577,0.3457073133624788,0.5253997835436575,0.1855349795198051,0.1818427344517288,0.154272835995048,0.2441389208717202,0.3320331695983821,0.0995988802976005,-0.0449215054591608,-0.0722916260793523,-0.0274171735021817,0.1445333775849144,-0.1738141637546635,72360,75967.29,1.0498519900497512,3.4921174500000003,7.231375249999999,14.700951,20.999998,9.401844225,0.49731935,1.17166776,7.11041185,7.64395365,4.0141050325,139.038774,117.736953,144.622752,29.740334,210.810653,491.64427,1074.7474499999998,1447.5143,1594.2109,1280.48171,10.871355025,4.075260445833333,641.949466,5888.59863
2021,barley,Tarragona,3616.0,27.039674946850173,29.157641826116148,25.42767199008608,7.541700374846145,1.3779395177871585,0.2441702475416784,0.3534032758709431,0.2910092018490146,0.3222276805312754,0.2558371311724422,0.1504379653195391,0.2519832064851399,0.1972900578302333,0.2168196399560012,0.1503057391545357,-0.0507339808394289,-0.0176266508518687,-0.0410157656062996,-0.0215192444846258,-0.0723300778653986,18795,13745.41,0.7313333333333333,8.3179075,11.4174165,19.632775,24.226955500000003,14.30139975,4.2891667,5.27589975,11.323006,15.866792,8.50432075,86.654291,91.438054,60.603678,68.553246,137.254739,552.46194,1070.81546,1479.9437,1446.3828600000002,1426.9239,15.366309,8.960584325,444.504008,5976.52786
2021,barley,Teruel,2997.0,22.47443950415829,33.79777589993578,21.10040503109295,7.412077456982944,1.4040643147552672,0.2285409691161642,0.1972557856177678,0.3340337168535912,0.3378621838166037,0.1737780169003387,0.1503490678537393,0.1464669104134976,0.240231675507087,0.2284922574457299,0.1035050167614673,-0.1054922180054962,-0.1035298861923497,-0.0332318382507533,-0.0020140781909491,-0.1816541050463572,106131,97364.16,0.917396048279956,4.5430538,7.712272799999999,16.0163585,21.9237875,10.25899115,0.3788308,1.40174707,7.764321199999999,9.9855635,3.94998791,96.501628,125.347929,109.907655,66.428589,160.147309,580.98272,1075.5069600000002,1469.75265,1548.8654700000002,1447.69124,11.785575816666666,4.571739731666667,558.33311,6122.79904
2021,barley,Toledo,2667.0,24.03382423807433,44.03232096632096,15.83815342941664,7.521497534421158,1.4232979965825454,0.2948805781525051,0.1777472654938323,0.2793063149470047,0.2011671899036037,0.1815998699233717,0.1677545262001146,0.1269011766830151,0.1972260361054125,0.1386369743740091,0.0995402255581302,-0.0508145212709252,-0.1464821001190249,-0.068362543500946,-0.1230547609987944,-0.1523621154432203,60027,129337.7,2.154658736901728,6.46701,11.4734365,19.9955635,26.630741,13.146105825,2.909684835,4.22791,7.5029738,7.7075018,6.382656175,132.922516,91.911948,42.95903,14.1869487,221.32818,563.4508900000001,1123.99964,1580.7404,1693.04803,1450.95403,15.143160441666666,5.8522304641666665,503.3086227,6412.1929900000005
2021,barley,Valencia,3250.0,26.0008257832434,37.048684736688,22.372951102187645,7.601531685280463,1.4041003137156485,0.2459802208683478,0.3535158077636861,0.2636586971967089,0.3690759271963715,0.2245461138381104,0.154338124322536,0.2597414043570162,0.1738536630856423,0.2675612431757957,0.1347182329844586,-0.0821414757656605,-0.0058899803007181,-0.0800807889759206,0.0019201304196326,-0.0975972122337433,6365,7672.99,1.2054972505891597,8.2923145,10.94838075,19.291143,24.9389915,14.2286785,3.26684945,5.6066607,11.2733625,14.93138,7.4915299,76.297192,140.80788,98.959407,55.693659,159.58744099999998,605.37387,1047.3844,1504.9793599999998,1526.0895,1538.15441,15.321364458333331,8.343552075,531.345579,6221.98154
2021,barley,Valladolid,3669.0,25.05730563338003,44.38433851977854,16.605732397771998,7.537662389100126,1.368638307984791,0.2479821461099895,0.193329512249845,0.3457132110818118,0.2987971078804707,0.2089329608064968,0.138690926705249,0.1443625661696249,0.2519097973933824,0.2050686581088085,0.1191100652750472,-0.1132436592921849,-0.1133212648835113,-0.0351128605254387,0.0038891230279431,-0.168034333097036,60977,161434.74,2.6474693736982795,5.34622185,9.37326575,16.6426085,22.6005165,11.09831915,2.079265255,2.7356152,7.403062,7.7686185,5.5512723,128.881744,85.029623,95.06675,7.311703899999999,223.97813,464.51138,1114.8151400000002,1501.3671,1660.2667,1293.49401,12.693208483333336,5.1815175925,540.2679509,6034.4543300000005
2021,barley,Zamora,3611.0,20.944712657487724,43.92237419003452,25.184467164860514,6.42948867049523,1.3298581028586076,0.2832174528272513,0.1972202002811263,0.3417898215583944,0.3183706794259907,0.267558767757406,0.1637349696093161,0.1425342463815224,0.2324372671670921,0.2245882460407945,0.1386955980083761,-0.068369135309263,-0.1054952904370623,-0.0410705822964879,0.0039120729888338,-0.1445446373214129,29950,63008.49,2.1037893155258764,5.134055,9.2942635,15.937801,21.75739,10.954742625,2.09005735,2.9432504,7.2178385,8.31083,5.7626124,162.934206,103.922647,101.090132,8.616282,292.954208,445.8061,1086.92046,1492.25157,1659.1234,1273.52425,12.338832458333334,5.347866841666666,669.517475,5957.62578
2021,barley,Zaragoza,2950.0,28.48526921389855,27.13269446924836,19.52018178987687,7.699227047889838,1.4005314565905318,0.3456607667961221,0.2362964471182338,0.4589931831166784,0.3534712847760463,0.2089509545950418,0.1627256745273964,0.1756123134825133,0.3535065862255555,0.2441738984061972,0.1323021504707109,-0.0117596018753096,-0.0761857065672313,0.0839580298668953,0.0195393782519648,-0.1367731156454313,125871,163698.06,1.3005224396405843,6.673648,10.297189,18.429778,23.7566825,12.28869175,2.7446699,2.641058,8.55755965,10.9436345,5.98750145,105.50163700000002,67.13445200000001,92.181999,23.6789797,180.384439,527.82926,1083.48279,1472.4618999999998,1553.9396000000002,1382.83902,13.955780166666663,6.143654158333334,468.8815067000001,6020.55257
2021,barley,Álava,6100.0,31.5827763496144,25.36169499958537,33.23610968294773,6.722444370732785,1.2771215689526494,0.2909000334524086,0.3027763425562069,0.455026241051999,0.7052050380470523,0.2247483263656314,0.1346977050064425,0.189459814402274,0.3222993264794502,0.5019218849299248,0.1034994706421242,-0.0996350457275125,-0.042924022724977,0.0741813252166472,0.3300633484005599,-0.1601702813817037,13691,12922.23,0.9438485136220874,5.780052700000001,7.92286075,13.9645225,17.531575,10.64132,2.9362237,3.50431725,9.9237297,13.0220605,6.731246275,185.123131,110.246665,204.90636,51.568611,346.595317,406.33829,934.91803,1225.68414,1300.8941599999998,1168.79254,11.080275158333334,7.141470616666666,898.440084,5036.62716
2021,barley,Ávila,3048.0,18.84587684120659,52.67248967780342,26.25381735908533,6.769433481413691,1.3472347846903128,0.3182567339446028,0.1777560347123822,0.3455505366595311,0.2636461172821618,0.2324480370808652,0.2089228276989372,0.1366079045057636,0.2636589883106383,0.1816206761109463,0.1542448517873536,-0.0176213639923929,-0.1211719914597495,-0.0293619694212572,-0.037124021289812,-0.1366695338344833,20876,46420.69,2.223639107108641,3.9687615,8.121005649999999,15.566827,22.0921555,10.16460755,0.4612121999999999,2.2364807,6.483767500000001,6.7168455,4.359232075,172.372544,118.619109,93.992664,23.347791,335.88356,542.4044200000001,1109.30006,1520.7205800000002,1674.39696,1389.34967,11.679660791666665,4.1027950083333335,744.215668,6236.17169
2022,barley,A Coruña,2325.0,16.8174956794124,45.38603802117088,56.51798682220782,5.187478829120761,1.198658446748758,0.7482332233867899,0.7049725205429828,0.5760090000541983,0.4511943012800904,0.5644745427274422,0.5487796272816072,0.5019471770729813,0.4120302495573288,0.3025766458943912,0.3182567480409647,0.2872177887873589,0.1778410369563963,0.1468626460659085,-0.0197103878831921,0.0762429036698611,541,267.96,0.4953049907578558,8.6179245,10.2292995,15.6236475,19.880477,13.13127125,5.90372,7.1070718500000005,12.5461015,15.679555,10.4947231,105.619659,240.0866,160.946965,42.96187140000001,436.82309,488.31909,949.44803,1266.60783,1433.98055,1152.71031,13.4356485,10.370982425,986.4381854,5291.06581
2022,barley,Albacete,2250.0,24.808089988498978,40.84869918043516,16.202073223185316,7.77704961335989,1.4307609142846458,0.2011570652564758,0.1816354444459393,0.2363229955192741,0.2324099558732879,0.1698967659306841,0.1230328776591962,0.1366066550556027,0.1581754977180305,0.1699109181555445,0.1034504083266468,-0.1523382717602466,-0.0878619620280583,-0.0976822784265825,-0.0488363778803954,-0.1601632430663446,31238,115428.15,3.695119725974774,6.810477,9.234122,21.465765,26.7158305,12.75864925,0.0525971499999999,4.494275999999999,7.2263136,10.168517,6.97048105,22.3567194,242.65649,40.551208,26.115497,201.081775,665.0905499999999,952.88808,1695.39489,1640.51267,1498.49645,14.957248833333333,5.9804443083333325,532.7616894,6452.38264
2022,barley,Alicante,1175.0,28.14081783274487,32.7017122972431,19.33509823066453,7.803332708707288,1.4283765640307449,0.2987856108412248,0.3339208366446762,0.3613631462735001,0.330085072092474,0.3222312731730568,0.2011776678531494,0.2713940973371608,0.2871102969029667,0.2675883357770799,0.224632995677371,-0.0275026142779113,-0.0019738319103525,0.0371841520498019,0.002004003559798,-0.0039055032420358,1340,2298.5,1.7152985074626863,9.9680095,12.0907645,22.1058265,27.061444,15.8504555,3.30393205,7.5556925,12.378386,16.291822000000003,10.56640425,21.841738,314.37879,50.455230400000005,13.5548639,261.19786,658.94818,996.196,1674.10005,1594.09425,1494.82346,17.154492583333333,10.110440175,661.4284823,6418.16194
2022,barley,Almería,1063.0,24.65662421812085,39.35405773908459,16.518651100140257,7.673561929359524,1.4301057094426903,0.2792918456655758,0.3223436074240605,0.3534378744361587,0.3379064248220815,0.3065883623452304,0.1815556467921438,0.2519884436259889,0.2560349781111877,0.2675243140081481,0.1973083005590181,0.0176212855111105,0.0448622681750836,0.0761411294117683,0.0566667826997606,0.0275257191784673,4288,8986.91,2.095827891791045,9.1127775,10.9595715,21.4080045,25.914465,14.979475,2.04127035,6.17690475,9.375124,13.6969815,8.32759635,31.300592,300.55078,47.182038,12.227219300000002,96.0222165,709.73035,1064.22083,1701.14288,1660.14785,1653.73658,16.225628083333334,7.9909122166666675,487.2828458,6788.97849
2022,barley,Badajoz,2628.0,21.418389931563453,45.44558736513142,18.433958609800072,6.540236159018335,1.4420478317211065,0.3183529983938463,0.1972430238680759,0.3144750140824177,0.236315351048019,0.2441172745639136,0.1855626373705876,0.1386359422547514,0.1934230995971557,0.1581894531953695,0.1308188556578575,-0.050777308271041,-0.0918156791589753,-0.0585824569096311,-0.0683696443647737,-0.1367638593845869,17053,50350.28,2.9525760863191226,9.856982,12.4878885,23.140089,29.347451,15.50742675,3.38592965,6.0434265,8.6176235,9.43965775,8.546515475,19.0273187,169.788353,9.812394,2.68482404,202.751034,682.29537,1025.46976,1650.2217500000002,1714.4070499999998,1540.63844,17.641210666666666,7.429944724999999,404.06392374,6613.03237
2022,barley,Barcelona,2692.0,26.204354638848468,32.753960683736054,29.990155084554463,7.185439990586382,1.3308924085894462,0.2519214478652183,0.2090506139213878,0.4511452337957992,0.341832936119062,0.2636798252500703,0.1542158360745794,0.1503641159691464,0.3162488285537089,0.2401840011661287,0.1465145050802074,-0.0878757196937101,-0.1152420959436319,0.0564943842386781,0.0214992684888111,-0.089860681669404,47320,35856.69,0.7577491546914624,6.238415,9.7666545,19.991202,24.26931,12.053156375,1.827829485,5.35344695,12.616636,16.7365295,8.622148125,42.295904,209.13296000000005,102.787967,156.85336,301.085548,582.42003,932.00832,1550.9116,1457.7453999999998,1255.47925,14.061982375,8.963123030833334,812.155739,5778.5646
2022,barley,Burgos,3471.0,28.704485606590584,31.060509805013474,24.87810186587034,7.255276655331994,1.342514301757512,0.2207001653197388,0.2128666680806737,0.4706781274213928,0.5761642146324066,0.2011456882627245,0.1230313078452454,0.1600004152639975,0.3339861914113737,0.4238374351065258,0.1112833842175997,-0.1386733528487382,-0.0429873198562301,0.0585653225889977,0.1913910125595285,-0.1601562484980952,153746,138563.48,0.9012493333159888,4.0277315,7.1368449,16.875785,22.066926,9.92006485,0.02756655,2.91190935,8.54011985,10.3805855,5.630814,42.622126,177.98043,62.896833,28.46678,293.022456,542.34744,915.7553,1430.29966,1525.4007,1181.062,11.65790285,5.520301541666666,604.988625,5594.8651
2022,barley,Cantabria,1920.0,26.518497065553525,34.15904029717853,48.03415414859565,5.901187501396216,1.1880124590310424,0.8455551286484773,0.5375187253540178,0.6076911596475421,0.5096719407715719,0.8300142589073577,0.6618126039525581,0.3696231830721078,0.4080362241425499,0.3691414094535051,0.6149976895877645,0.402669110197234,0.0488587097984042,0.1631324429985619,0.0760343720924498,0.3963023575748292,340,137.56,0.4045882352941176,5.7931057500000005,8.5162765,15.438683,19.6261035,10.960504625,2.51053965,4.7847628,11.5901965,14.6947865,7.99792425,89.581445,239.049176,186.900513,101.69509,581.02084,502.51182000000006,915.74475,1257.68357,1342.3365,1080.91988,11.882529666666665,8.262688991666666,1198.247064,5099.19652
2022,barley,Castellón,1295.0,25.020657600298016,35.18430293109192,25.18941010889611,7.478638418212487,1.3693323784264495,0.2791711562059254,0.3261388635157923,0.3418764192255094,0.3495439519019243,0.3415999678562698,0.1582227438953691,0.2167925066187365,0.2208228266132754,0.2441436190436013,0.1972026313967503,-0.1113869587714528,-0.0645562676522885,-0.052862841218269,-0.0214979170725706,-0.0606219457648696,3567,2714.15,0.7609055228483319,7.6927435,10.01743025,20.0184745,24.7865685,13.17486825,0.900240615,5.543798649999999,12.620095,15.733053,8.53187765,18.36312,315.0564,101.47092,91.759597,302.017242,631.9617900000001,940.1236,1604.94576,1520.28229,1378.15446,14.810825541666668,8.6434904275,828.667279,6075.4679
2022,barley,Ciudad Real,1824.0,25.540821734229457,43.21070474494339,17.036367121796776,7.364130323396798,1.433797668518283,0.2168005244163553,0.185530539860634,0.2754001317366859,0.228521469099085,0.1737988591537257,0.1308390495563813,0.1347129402712608,0.1855066351959683,0.16211052802446,0.1073828793790644,-0.1269528184376343,-0.0917924524811766,-0.0508689243191908,-0.0761876087893259,-0.1523369499727077,51137,133808.89,2.616674619160295,7.76822535,10.505255,22.712607,29.039217,13.874664375,1.27072585,4.8265943,6.3504944000000005,7.4366067,6.57189025,27.483548,201.37334,14.67362,15.1618978,199.745519,684.3487,991.67273,1701.20627,1694.7773000000002,1521.7159,16.295772183333334,5.5047002916666665,458.4379248,6593.7209
2022,barley,Cuenca,2200.0,24.3775694278534,38.26548047834629,18.5023914290409,7.574921749070817,1.4037943711750291,0.2089396044873972,0.1972246478369717,0.2636331787606641,0.2675705303390138,0.1659735291869131,0.1269444450461819,0.1464685505770559,0.1758092313182739,0.1933405534287776,0.0956601239956069,-0.1445625348700053,-0.0722639356168699,-0.0742570022336482,-0.0175848086924461,-0.1679530653593654,134392,230669.43,1.7163925680100005,5.422011749999999,8.366772300000001,20.6703455,26.1548115,11.38777605,-1.09732325,3.1190332,5.97340345,8.819068999999999,5.5926528,20.8605794,195.23318,29.355409,33.9646605,259.970389,641.7984,938.9698,1692.5187,1638.8945,1432.69211,13.898248858333334,4.666581333333333,539.3842179,6344.87351
2022,barley,Cáceres,1460.0,17.110187741336116,49.48306677938192,24.119467904773227,6.249366989402125,1.4092271256290698,0.3340214390034077,0.2128257146285599,0.2636156323664577,0.2558513844160954,0.2831292542090871,0.2011563345575122,0.1581865918001133,0.1816047081162226,0.1856031424213106,0.162087511999172,-0.0664656254078675,-0.0957829869652506,-0.09780474224723,-0.0800892284341774,-0.1211169936896699,860,1344.13,1.5629418604651164,8.68272575,11.6521815,22.178209000000003,28.875394,14.463671375,2.96358415,5.67680835,9.086635,9.495413,8.268693299999999,20.4404285,196.8517,15.967023,6.0928085,310.787365,656.4060400000001,1000.62344,1591.3619,1690.95523,1469.45378,16.719308833333333,7.293304516666667,550.139325,6408.80039
2022,barley,Cádiz,2912.0,32.30254239464251,32.14110893702688,22.84139486334083,6.959262369169773,1.41145303721279,0.2440972218090908,0.2167940547170674,0.5177144833618015,0.2832269845493663,0.1855463184754073,0.142500753883912,0.1620826831740152,0.3613846215232419,0.2011375542025634,0.0839219505951522,-0.1367894783690106,-0.0566593061302099,0.1210519992867246,-0.0117432867920747,-0.2460550423047963,2354,9616.57,4.085203908241291,12.4356465,13.830233,21.990841,26.668926,17.42489625,6.9531953,9.2407755,12.383368,15.5846845,11.595877,25.550839,272.47787,13.1011188,3.31942167,185.453492,731.9634000000001,1096.31958,1698.59375,1666.1671,1661.17486,18.2959065,11.22562955,499.90274147,6854.21869
2022,barley,Córdoba,2094.0,27.977760955586824,35.93623331493473,18.0370448614793,6.989155646943889,1.4420640893083423,0.3457258876095313,0.251948644577544,0.4961690481674222,0.2832154295941244,0.2402054083390869,0.2128928217134522,0.189479946091559,0.3320135811995989,0.2089419856667436,0.1386703541461162,-0.0351692604594538,-0.0488165563425366,0.0977139460272627,-0.0253944462342562,-0.1289574898116888,5618,18415.88,3.2780135279458884,9.93609325,12.4975955,23.7121095,29.5512485,15.73738775,3.2761222,6.29266095,8.367075,10.48855975,8.215840499999999,24.79423,193.19779,12.5123515,6.00713175,180.54205,696.2786900000001,1041.59808,1706.2286,1714.83594,1578.9346,17.861970375000002,7.476016483333333,417.05355325,6737.87591
2022,barley,Girona,3375.0,24.476401855517217,35.04049237182743,36.777612495839975,6.784815616004859,1.2801373830084133,0.3574236985923514,0.2285047560765184,0.6465016568534828,0.3965565410498634,0.2988136133125376,0.2089750247871762,0.1699003300216918,0.4805764585987832,0.2832626152097408,0.1679008871811692,-0.0215272851149558,-0.0722409901040873,0.2481203556080827,0.0527624458789199,-0.0605452703054737,21948,19657.55,0.8956419719336614,6.4059603,9.822712,19.868444500000003,24.231781,12.19143825,1.555992765,5.6989673,13.2058025,16.846563,8.2493199,45.227455,250.1412,111.662157,124.67431,327.176702,583.1354200000001,918.78784,1503.1292,1417.1835,1231.95422,14.11862905,8.967660894166666,858.881824,5654.19018
2022,barley,Granada,634.0,25.37142730345376,36.99702425585095,19.547918796864348,7.429837891956373,1.4011652536355377,0.2050948327970993,0.2519351208290112,0.2557939974102108,0.2909888265185682,0.1815615379085958,0.126903270459924,0.1972652279252885,0.1680099876285853,0.2246281602923217,0.1073811903879442,-0.1113017362820186,-0.0175825980419773,-0.0527194662949573,0.0038655019661207,-0.1366856960234169,14976,33748.5,2.253505608974359,7.286799,8.9932245,20.525566,25.876239,12.859637575,0.11584875,4.0624839,6.2720588500000005,9.306189,5.616647325000001,39.697217,266.56299,41.8599145,20.3100375,129.120959,708.20236,1056.25428,1711.8002,1683.1789,1658.89554,14.733517275,5.164979191666666,497.551118,6818.33128
2022,barley,Guadalajara,3000.0,23.64379090165741,34.41609728768813,21.88481025817056,7.33873430562416,1.3712528918954368,0.2206812904502976,0.1777149955079,0.361379265536788,0.4571036124565258,0.1894178520861364,0.1229813845722287,0.1347373409816916,0.2520037583764849,0.3261919053810543,0.1074211095863344,-0.1465095055386464,-0.0527437696875641,-0.0194890883426448,0.0976295515549601,-0.1660556236076961,94560,80342.05,0.8496409686971236,4.45722325,7.4232435,19.3008715,25.0631865,10.241317525,-2.1061773500000003,2.15590465,5.5932435,7.4444792,4.3801971,20.6764145,214.36461,34.042176,30.703074,219.934627,629.07727,929.44351,1647.7914500000002,1619.94105,1356.91494,12.787859966666666,3.641307366666666,519.7209015,6183.16822
2022,barley,Huelva,2600.0,21.64026163403111,47.16316770994197,22.531403594582663,6.4534755998146105,1.4502325065903123,0.3262068699842727,0.2167458511539317,0.4042993041428722,0.3144151763932553,0.1894050385452321,0.216762765282168,0.1621515368133326,0.28704045142621,0.2324441970256232,0.1073454943740128,-0.0507670682676988,-0.0839637254973736,0.0214127013690087,-0.029287871645573,-0.1777431780621208,375,1106.49,2.95064,11.9301965,13.823714,22.96325,27.8870495,17.1539375,5.564098700000001,7.9401033,10.98065925,12.7872525,10.31094365,19.070854,189.823757,10.8277097,2.18885485,205.112161,716.27718,1085.19456,1667.80616,1702.5563,1634.37529,18.4853475,9.649000175,427.02333655,6806.20949
2022,barley,Huesca,2701.0,26.58874404243393,30.187439148002905,33.42726025881975,7.267331212487676,1.316439111840041,0.2362967441237039,0.2323969555476662,0.4608379636686602,0.3300729114394427,0.2089602432578953,0.1504068622623233,0.167858408856093,0.3163992034475245,0.2324118913028256,0.1230291453949975,-0.0957309385826604,-0.0918093349729536,0.058555938531019,0.0371173633950373,-0.136739727963624,90301,174934.47,1.9372373506384204,4.52454275,8.1660115,19.7907065,23.919847,9.93222405,-0.7478711,2.8691819,8.2907795,12.1340765,5.38932125,56.74852,203.33055,105.71016,119.944924,326.89736400000004,608.17026,994.85664,1569.0508,1554.12577,1331.21602,12.710925975,5.554134883333333,812.631518,6057.41949
2022,barley,Illes Balears,1650.0,27.33129873118016,35.992629600353304,28.276301755714144,7.242465755966496,1.379667115707908,0.3769246664498704,0.1738526661995272,0.4316356436235928,0.2362914283285976,0.3613516425829838,0.2363717314961017,0.1269499656283043,0.283100573352022,0.1621349732463794,0.2225124226672127,-0.0097959601480952,-0.1504801211289421,0.0371097588321809,-0.1113077424548202,0.0292582264102792,19044,16619.07,0.872666981726528,11.266359,13.600322,22.4935215,27.7334045,17.5976165,6.7898736,9.21661425,15.9992045,19.944393,13.127901,23.895164,128.408592,38.466823000000005,34.604585799999995,329.163678,642.52484,1060.62323,1618.9619,1567.5345699999998,1363.02434,18.38147333333333,13.034314558333334,554.5388428,6252.66888
2022,barley,Jaén,1650.0,30.688116173516992,29.78343230591621,19.18514732549988,7.46462718569945,1.4138276559180596,0.3573793684520974,0.2636677693677011,0.3710801208922852,0.2988003771442915,0.333956941813579,0.2246373065463645,0.1972828167497875,0.2441075011408532,0.2226443444014176,0.1972813855442509,-0.0097782216000078,-0.0449077364202092,0.0038843153107553,-0.0371254427128064,-0.0293396802913999,2117,5299.98,2.503533301842229,7.92689685,10.8017305,22.6095705,28.7934855,14.25331375,1.453393325,5.09543825,6.91121505,8.38407025,6.651527125,37.600785,218.698666,23.431859,15.024605,236.346742,703.1630299999999,1015.07423,1710.12183,1691.45657,1576.7573599999998,16.439718475,5.857861854166667,531.102657,6696.57302
2022,barley,La Rioja,4450.0,28.12442067559485,29.71901618110145,25.75944795249755,7.2019767906766194,1.3299673371068308,0.2558370153577211,0.248019659927133,0.34579001500607,0.4394628193655573,0.2519081619780701,0.1347857119721112,0.1816192057758868,0.2363429702916,0.3241430013646338,0.1445217595755801,-0.1054867679878927,-0.0253968465408894,0.0038633461174216,0.103517405196086,-0.082116355747969,30791,18625.02,0.6048851937254393,4.1649945,6.99323205,17.137773,21.8163145,9.77338335,-0.1493929199999999,3.13591365,9.2070525,11.381951,5.562464725,45.802187,218.132454,82.934008,58.281496,326.586117,547.53196,905.60696,1444.10514,1518.71927,1185.86966,11.609846791666667,5.783408946666667,731.736262,5601.83299
2022,barley,Las Palmas,1103.0,25.810032702265115,43.41993635882721,20.35506831674174,7.67681131541121,1.3702478585894209,0.3932543658592957,0.2874310797464157,0.3539490320739474,0.3142178912361064,0.1657665577772797,0.2641286712389832,0.1697455667067541,0.2875140997871264,0.2246538608201455,0.0800782309345789,0.166792180966711,0.0017356575453066,0.1546643359904034,0.0567706078173742,-0.0954132048099727,84,47.64,0.5671428571428572,17.123848,17.075149500000002,20.158716,22.641472,20.1093605,10.290192,11.0688595,14.7202515,17.194012999999998,14.76814175,32.968115,26.450985000000003,7.0720131,7.202263499999999,23.7465946,921.57757,1366.4982,1613.72654,1576.5699,2051.59627,19.53631775,13.801599916666667,97.4399712,7529.968479999999
2022,barley,León,1970.0,21.7109395695188,41.01995601706934,40.73160813987658,6.364580219073536,1.2637501117939414,0.2246002423578733,0.2480212247739756,0.2870991994770065,0.3222486033413022,0.2441425689905022,0.1191201129098155,0.1698721549976981,0.1816339156647385,0.2168171413710078,0.1269150490694907,-0.1445742417028296,-0.0507868697713493,-0.0743166213932969,-0.0371185547216335,-0.1386756845185852,19603,21528.76,1.0982380247921235,4.0506253,6.475808000000001,15.882745,21.5537585,9.1121692,-0.42891961,2.17400185,7.966699699999999,10.301223,5.168722275,41.944518,184.76959,108.92315,40.489883,328.826381,543.36283,947.68993,1408.25654,1527.25086,1173.80014,11.031212533333331,5.0584082483333335,704.953522,5600.3603
2022,barley,Lleida,2683.0,26.80088779228917,29.478447761727296,36.8381330183701,7.17928910655981,1.3082891532821035,0.2402524790772958,0.2871830234157206,0.3534781723689856,0.2909949931891147,0.2128433655694311,0.1542709311056656,0.2089456889910927,0.2402002845643584,0.2128604926511574,0.1269128247485791,-0.1074251991899082,-0.0644966308285018,-0.0371211276709711,0.017583253179714,-0.1367310837963925,111854,110567.44,0.9884978632860694,4.1623354,7.8047685,19.1199655,22.93864,9.6127754,-1.563642265,2.6546321500000003,8.8655695,13.304875,5.4114448175,51.072683,183.342246,109.808217,158.65832,283.606969,604.06161,1001.01095,1557.69825,1502.46157,1313.90131,12.208543366666667,5.68072067,786.488435,5979.133690000001
2022,barley,Lugo,2375.0,16.86948151240638,45.92492350279246,55.1018177413162,5.189617673244169,1.159444550632349,0.7987684055240281,0.6386481302289105,0.5292642879581483,0.4510994377918341,0.6310948319532356,0.6230831902570532,0.4590683831077675,0.365172053204201,0.3066144026295198,0.3884997503360607,0.361481841353954,0.1291181192985783,0.1159543048494236,-0.0018674117913799,0.1755790672886997,534,406.37,0.7609925093632959,6.36676955,8.5697625,15.2108795,19.9737015,11.22617875,3.60517265,5.36404325,11.667429,14.901623,8.46927225,91.28002,212.524065,189.546075,56.295504,436.01643,484.83571000000006,928.70818,1292.37189,1470.1796,1118.27765,12.095578425,8.7461354,985.662094,5294.37303
2022,barley,Madrid,2769.0,23.93837642946105,42.31762860431763,19.785028990224937,7.3526634916591185,1.3807294025513286,0.279285663604998,0.1699308876538757,0.4120898323698986,0.3613345570601435,0.2089867858993115,0.1660149882521799,0.1347416454907316,0.2928451169466161,0.2597161448839966,0.1230175453687583,-0.0956801480009685,-0.0761822024465224,0.0332152131676958,0.0409491752445127,-0.1288618812231731,26851,39710.37,1.4789158690551565,5.969656199999999,9.206703,20.961461,27.0740845,11.84436285,-0.31905985,3.5896287,6.7198937,7.8403977,5.8760674,21.655603,212.95893,24.396845,21.022671000000003,223.817688,626.185,959.57444,1660.799,1670.9565,1403.31351,14.4834384,4.9304991750000005,503.851737,6320.82845
2022,barley,Murcia,2734.0,28.14212353531068,32.383473663801254,15.80811473143195,7.861866665395269,1.4499177163689994,0.2402235462939027,0.2831657584843862,0.3496242989753464,0.2870724656536381,0.2441517735606964,0.1542792613135309,0.2246077001973091,0.2714805734126971,0.2245869064549422,0.158170537906558,-0.0508075141506275,-0.0176480692402936,0.050756061257094,-0.0019215438739177,-0.0664354107535596,6841,18398.52,2.689448910977928,9.1727,11.4308845,21.915002,26.736805,15.2498325,2.1096572,6.7353635,10.9518835,14.71748675,9.24386525,21.2314,313.42617,45.6108246,11.4769268,142.472583,670.7679800000001,994.59845,1689.93909,1624.79266,1542.65669,16.62584275,8.833686908333332,534.2179044,6522.75487
2022,barley,Málaga,2198.0,31.4056117216678,32.82147773423947,22.06149385701749,7.10139275801547,1.3994517617706483,0.2909939690875745,0.236320166174765,0.3710862737334837,0.306622052489505,0.1972193687583248,0.1737882260937279,0.1738262114526524,0.2460479056920949,0.2207158718917659,0.1034510213886769,-0.0722676185730552,-0.0410182058863135,0.0096999698835943,-0.0059183965331594,-0.1602195223638449,4146,11480.94,2.769160636758321,10.404086,12.0082305,21.1472785,26.1603945,15.660288,5.4668957,7.5666621,10.7813185,14.3332165,9.71473495,34.662586,291.83731,28.47866617,3.00448115,130.076665,692.06906,1050.76918,1715.73065,1696.47347,1669.7051,16.84009425,9.59626045,488.05970832,6824.7474600000005
2022,barley,Navarra,3680.0,31.32335790547628,24.970152669805643,31.35806266455273,6.954826134924855,1.298901861511466,0.2910053480667774,0.2129054296028058,0.4023889816201696,0.4667883895757829,0.2206663575779713,0.1777292276738824,0.1620611855395949,0.3007169964810381,0.3417870865671313,0.1386563748286336,-0.0586224028375376,-0.0586313518455615,0.0605875922872751,0.1289198536405325,-0.1133349619695932,41971,68644.02,1.6355107097757977,5.2007815,8.6353685,18.42867,22.3360895,10.8762212,1.79961218,4.5784122,10.8622215,13.863358,7.2846775,81.671135,189.65985,97.7325,90.363896,422.341625,523.23009,897.62714,1393.9616,1455.6144,1144.18823,12.725558650000002,7.612159813333334,881.769006,5414.62146
2022,barley,Ourense,2425.0,16.249732452434706,53.44489651287875,52.00591259343389,5.283026888645734,1.195422189596347,0.4862750188831026,0.396365048186968,0.3845958457463964,0.5524871027236834,0.3539780624966944,0.2795218453519761,0.263756332403336,0.263774287530524,0.4003432326118202,0.1697242887988908,-0.0214208654163577,-0.0409613711055033,-0.052917328411932,0.0744145282884195,-0.1523802076377093,1307,1009.77,0.7725860749808722,5.64351105,8.0210209,15.807498,21.752866500000003,10.537892675,2.05217005,4.26901925,10.57817,13.342231,7.351783375,57.157835000000006,200.21842,162.97315500000002,41.220745,367.526764,528.5972899999999,932.4517,1373.4888,1581.25409,1181.52246,12.050113633333334,7.490859508333333,829.0969190000001,5597.31434
2022,barley,Palencia,3385.0,26.83553580524947,32.61265872254773,23.38300995902138,7.347835062602215,1.3561270357835948,0.2519624709179415,0.1894192625151148,0.5214991981655333,0.498056773212945,0.2246135583455832,0.1542709505769544,0.1425266038496984,0.3692132885096841,0.3457211425680307,0.1210327228697765,-0.1269565826641152,-0.080090546793739,0.0899127170004336,0.1133107485777888,-0.1445521831221521,46919,108828.84,2.319504678275325,4.1005069,7.2853183,17.244556499999998,22.475249,9.85518765,-0.1617812249999999,2.65503935,7.946395000000001,9.903003,5.55285385,31.15918,173.573935,62.476811,22.499053,256.269965,558.4322,946.73608,1458.17745,1572.1069,1200.85222,11.802667666666666,5.241393970833333,545.978944,5736.30485
2022,barley,Pontevedra,2125.0,15.477679748859249,54.93373770262227,61.528604799526974,5.151694305375641,1.1701479186359975,0.7836105970640815,0.6040706031571461,0.5508094944693774,0.4860691611698905,0.6619557729062734,0.5950918048516554,0.4235701052621793,0.3843960696760395,0.3381324569613867,0.409583262949287,0.3178683608769212,0.0840343036570362,0.0961773568599608,-0.0057998323237442,0.1724162444000863,93,18.37,0.1975268817204301,7.854238,10.0148415,16.145355,21.1387235,12.53491225,5.013010749999999,6.60405465,12.707855,15.72488425,9.8096111,90.280793,268.74062,184.54889,30.695942,469.94408,513.62464,976.2353,1335.64854,1536.3219,1190.8865,13.370497083333332,9.944837808333332,1044.210325,5552.71688
2022,barley,Salamanca,2600.0,18.109806377959167,51.23045171113789,24.86092930572984,6.12553323366478,1.3795701483018383,0.2363056062886439,0.1815979069464738,0.4121525521820586,0.4785388930216965,0.2246104418185712,0.1503719658751967,0.1386323904799918,0.2948830622457429,0.3417922542197741,0.1269605278256405,-0.1308440642997538,-0.0840161946946189,0.0215346439381048,0.0975758584082129,-0.1132919467690003,12444,31001.81,2.491305850208936,5.81107675,8.7883735,18.876848000000003,25.3450665,11.21582925,0.6603528814999999,3.5909197500000003,7.905835150000001,8.9590435,6.402826675,17.045839,180.992211,37.264751,21.2438654,268.93018,621.86446,973.46444,1531.41294,1669.05511,1357.52808,13.542170541666666,5.65363410525,525.4768464,6153.32503
2022,barley,Santa Cruz de Tenerife,1016.0,32.70205678621995,32.97358463013403,38.50748213094444,7.034813305143394,1.25841503859716,0.482686406416154,0.4162702231309531,0.4706776189281514,0.4546862790642143,0.3183812902834838,0.3222173511184516,0.3336534985894153,0.3847931725947132,0.3611686814150345,0.1734180996835833,0.1934502245467493,0.1542852020882048,0.1854874156826058,0.1346588718780379,-0.0162557351573713,31,8.11,0.2616129032258064,14.7398985,15.0435695,18.546336,21.4093735,18.35800175,9.2776995,9.933055,13.5769755,15.388418,13.51960225,57.534254,57.459091,14.1771017,12.001258,78.448417,905.30921,1381.72934,1663.83414,1607.2044,2062.31518,17.742530166666665,12.535892083333332,219.6201217,7620.39227
2022,barley,Segovia,2400.0,22.95033943412197,47.58392804435696,19.96673350457498,7.250836937457768,1.370242006893574,0.2128990601638863,0.1855171189366074,0.4238588593594529,0.5019514999200683,0.1894593744168857,0.1347558802218007,0.1443761150106782,0.3144413418617646,0.3730782163643022,0.1242657552374235,-0.1621574266624866,-0.0663707093771858,0.0119035318848654,0.1132619331186738,-0.1680271720967846,48577,67704.62,1.393758774728781,4.3861324,7.41725375,18.4977765,24.605724,10.061033775,-1.20445011,2.2714313500000003,6.58219675,7.459702249999999,4.76372165,30.940834,187.21921,43.2127,23.7023003,236.166937,612.63467,962.5976,1590.6154,1657.65956,1324.91442,12.5048257,4.1060539233333335,521.2419813,6148.42165
2022,barley,Sevilla,2378.0,31.77131470630645,30.53762004011168,16.95241902290036,7.288286143117437,1.480187214073171,0.279299591119695,0.2284898667804617,0.4277630986197579,0.3007353862236304,0.1894341480310524,0.1699132530550779,0.1678995019978199,0.2832265740970529,0.2148238444924189,0.0956412787075101,-0.089817170532991,-0.0761750426919342,0.0351788790298227,-0.027388535711175,-0.191469878628736,4755,22552.17,4.742832807570977,11.751186,13.879281,23.809413,28.831557,17.130703,5.2251402,7.8776528,10.66796,13.2345035,9.94519375,17.4833275,204.887397,9.7068586,3.970710904,175.28311,707.3985,1062.19269,1686.9275,1700.19906,1617.90737,18.755473833333333,9.482607333333334,411.331404004,6774.62512
2022,barley,Soria,2231.0,24.14897133863889,38.1844620214656,21.79758516066749,7.418943188363471,1.364438552086122,0.2089703049260615,0.1894297531889162,0.3965079040215411,0.5019510699251842,0.1816104875842169,0.1230629849363517,0.136644804218777,0.2831938293251412,0.3613691755822662,0.1034930931731401,-0.1445087460747636,-0.0507222335713953,0.003876704420228,0.1054373724044856,-0.1620907577522371,72360,75967.29,1.0498519900497512,3.831505,6.5873387,18.191772,23.60186,9.404594975,-2.0521449,1.83570885,6.00491115,7.9772675,4.254311599999999,22.634562000000003,194.72165,44.72281,31.5247,237.462,608.53901,925.57725,1582.81614,1603.98374,1294.27533,11.836944275,3.7123943,531.0657219999999,6015.19147
2022,barley,Tarragona,2166.0,27.039674946850173,29.157641826116148,25.42767199008608,7.541700374846145,1.3779395177871585,0.2324159213385954,0.3456751583933483,0.2870982258050045,0.3456927827251303,0.2537917615537191,0.1503890398204656,0.244124475758504,0.2011253089129698,0.2480587041719377,0.1543345206718187,-0.0723028204110109,-0.0332950568906515,-0.0450468561003446,0.0019650364723635,-0.0820107808438098,18795,13745.41,0.7313333333333333,8.3385875,11.39929,21.4904185,26.100436,13.99972675,2.192721425,6.414622,13.0431415,17.245327500000002,9.557715775,11.5256375,223.83037,77.36762,117.917537,244.076378,617.84024,970.98758,1589.1332,1523.9517500000002,1352.30511,15.888030916666668,9.6685406625,674.7175425,6054.21788
2022,barley,Teruel,1977.0,22.47443950415829,33.79777589993578,21.10040503109295,7.412077456982944,1.4040643147552672,0.2168303494479833,0.1855510886184146,0.3105485016914923,0.3105512355588473,0.1933438577941768,0.1308519142974788,0.1347297886181414,0.2206810104720308,0.2284999312749836,0.1151938738914205,-0.1386716059034911,-0.1035045772477357,-0.0449027186444142,-0.0019914205437262,-0.1582082750068369,106131,97364.16,0.917396048279956,4.66314745,7.19797825,18.980597000000003,23.5994755,10.204103525,-2.070417725,2.5450883,7.463026299999999,10.822159,5.06647285,14.4745927,240.853,80.87076400000001,90.912632,224.130508,639.14697,923.5325,1618.4366,1552.34625,1388.14661,12.474900875,4.815466929166667,651.2414967,6121.60893
2022,barley,Toledo,2187.0,24.03382423807433,44.03232096632096,15.83815342941664,7.521497534421158,1.4232979965825454,0.2206939062260192,0.1777431490136728,0.3007004182479992,0.2597557343194269,0.1855245476696073,0.1425704606953554,0.1347359302248218,0.2148352191140712,0.1855462478033201,0.1151984361132175,-0.1211433994706003,-0.1035075894509547,-0.0429934384497864,-0.0586099435220148,-0.1445346320751865,60027,129337.7,2.154658736901728,7.04350875,10.364512,22.176517,28.57788,13.1819567,1.2772477,4.81166815,7.185437,7.7873058,6.97160465,21.3781557,196.272074,14.719898,17.8998812,238.626144,650.37811,977.70215,1674.3016,1684.86366,1470.05405,15.754388525,5.834144658333333,488.8961529,6457.29957
2022,barley,Valencia,1802.0,26.0008257832434,37.048684736688,22.372951102187645,7.601531685280463,1.4041003137156485,0.2167802221085329,0.3457265510314365,0.2675889250511749,0.3066242023500689,0.2324619425755048,0.1347262704684551,0.2520019497007057,0.1816139825784391,0.2245653447029195,0.1347730034539203,-0.1134198430935717,-0.0175194272019867,-0.0723415473014345,-0.0214627363005391,-0.113362040191825,6365,7672.99,1.2054972505891597,8.18692065,10.57460725,21.1251975,26.305131,14.007086625,1.5127313850000002,6.11866365,12.2849935,15.0427555,9.295575875,22.88052,366.48839,69.781762,40.905238,304.805569,640.15908,912.31224,1641.92199,1564.9517,1419.32802,15.701004941666667,8.925049297500001,804.861479,6178.67303
2022,barley,Valladolid,2562.0,25.05730563338003,44.38433851977854,16.605732397771998,7.537662389100126,1.368638307984791,0.2207005911289714,0.1816111250296019,0.4902705352584449,0.4550674990931815,0.2011466921019564,0.1386286174337829,0.1425484530453669,0.36526754431537,0.322258772585942,0.0997121195523338,-0.1504175747395958,-0.0800656664633776,0.0820324042894916,0.0898249463131025,-0.1523600660599391,60977,161434.74,2.6474693736982795,4.9350003000000005,8.7320753,19.5152675,25.314184,10.98436635,0.2099137699999999,3.26057305,7.31937735,8.468592000000001,5.983728625,18.863665,155.69571000000002,33.665485000000004,13.0513071,217.73768,595.45456,975.6536,1544.8557099999998,1659.4704000000002,1285.55076,13.410876633333332,5.204318903333333,439.0138471,6060.98503
2022,barley,Zamora,1681.0,20.944712657487724,43.92237419003452,25.184467164860514,6.42948867049523,1.3298581028586076,0.2675637755873242,0.1737974918847135,0.4081985066583157,0.3066427134826809,0.2245765660289586,0.1621273011795952,0.1308237770894742,0.2832267347349637,0.2089774580877153,0.1230453165370184,-0.105468785865318,-0.1054714962054881,0.0273031413190683,-0.0351528201411462,-0.1289302415329024,29950,63008.49,2.1037893155258764,5.180668450000001,8.54069715,18.662454,24.8263855,10.741969325,0.412192195,3.0694275,7.4986265,8.891257,6.171582975,17.534537999999998,152.277557,51.43517,19.0158577,244.957127,585.34088,965.5285,1502.73433,1645.3834000000002,1272.85441,13.115690625,5.369111524166667,485.2202497,5971.84152
2022,barley,Zaragoza,2010.0,28.48526921389855,27.13269446924836,19.52018178987687,7.699227047889838,1.4005314565905318,0.2363380715525427,0.2402391314209179,0.4550865187305208,0.3808660521165257,0.2050598551965535,0.1504058135431677,0.1854977032845675,0.3398391658307534,0.283188962639775,0.1308549267911085,-0.1055107354916007,-0.0371476714307455,0.0741924319161586,0.0488617447448481,-0.1289762137525306,125871,163698.06,1.3005224396405843,6.2217465,9.802464,21.819972,25.905027,12.1265426,0.5456925699999999,4.3625817,8.5033832,12.0115395,6.7770106000000006,16.856461,166.942366,54.882156,74.24543,224.734112,614.2432200000001,946.4349,1599.41406,1583.82065,1340.2214,14.667049116666666,6.496203028333333,537.660525,6084.13423
2022,barley,Álava,4400.0,31.5827763496144,25.36169499958537,33.23610968294773,6.722444370732785,1.2771215689526494,0.2480110823761497,0.2519125474780008,0.4549188064004714,0.6348279707001113,0.2324413345118171,0.1230370862475452,0.1738013969284298,0.3065818561249351,0.4902321358154102,0.1152902915015318,-0.1191349946911772,-0.0507123259071595,0.0450548344374628,0.2832038652722085,-0.1582538183759845,13691,12922.23,0.9438485136220874,4.649502,7.881838,16.3482115,20.7425115,10.462038,1.90743655,4.47018075,11.371002,13.89061975,7.278185525,73.518913,191.9874,84.927284,44.885819,447.26434,493.24331,873.40314,1284.75311,1367.0207,1084.16086,11.757689833333332,7.69926835,842.583756,5102.58112
2022,barley,Ávila,2078.0,18.84587684120659,52.67248967780342,26.25381735908533,6.769433481413691,1.3472347846903128,0.267583012859955,0.1737821199055691,0.439509833557821,0.4589758790609295,0.2323530768373993,0.1854994541757053,0.1386422498814643,0.3418123427895944,0.3300909794193591,0.1464500848585475,-0.1054477947110427,-0.0918090249364074,0.0448875192121044,0.0722209072662625,-0.1288485462751698,20876,46420.69,2.223639107108641,4.7635377000000005,7.10906475,17.9736915,24.4907465,9.972603425,-1.06955988,2.4046878,6.6462638,6.8893866500000005,4.9147919,23.753155,232.57436,45.164888,28.678196,288.298445,633.6151199999999,975.25493,1615.62767,1676.2675,1388.60303,12.38037455,4.116727028333333,618.469044,6289.36825
2023,barley,A Coruña,2060.0,16.8174956794124,45.38603802117088,56.51798682220782,5.187478829120761,1.198658446748758,0.6387200941347229,0.7519108582420387,0.5682230312559018,0.4277508278176071,0.7169293338611146,0.4197430115317301,0.5763498325210359,0.3870249484091687,0.2754702581720143,0.4804537136154796,0.1695602715327456,0.2616098815231276,0.1131853904611953,-0.0665643246591317,0.2695561687170387,541,267.96,0.4953049907578558,8.0749848,11.813865,16.4895105,18.834619,13.9365815,4.9531378,8.6889633,13.06734,14.9501405,11.3669375,275.4814796447754,191.1764144897461,170.56733322143555,63.990570068359375,801.9270477294922,490.91575622558594,947.4617614746094,1379.6207275390625,1324.8739624023438,1047.6093139648438,13.847690383333337,10.732242766666666,1503.1428451538086,5190.481521606445
2023,barley,Albacete,400.0,24.808089988498978,40.84869918043516,16.202073223185316,7.77704961335989,1.4307609142846458,0.1854805921717545,0.2089849410462024,0.2402541036646628,0.2363179590199639,0.1659869013083069,0.1151880545057385,0.1542811467653893,0.1699387103546356,0.1660018116598048,0.1034659462718552,-0.1601886639867877,-0.1289286776135477,-0.0976679186251407,-0.1132875484628775,-0.1679915930470764,31238,115428.15,3.695119725974774,5.36635825,14.295282,18.5340465,27.1162175,14.830561625,-0.451295715,0.56177918,9.55471035,10.1675125,7.40092,29.609514236450195,9.631369590759276,187.4990234375,15.693615913391112,158.45870399475098,642.5547790527344,1336.5764770507812,1439.7955932617188,1661.2501220703125,1471.255859375,15.828837916666666,5.772424385833333,400.8922271728516,6551.432830810547
2023,barley,Alicante,556.0,28.14081783274487,32.7017122972431,19.33509823066453,7.803332708707288,1.4283765640307449,0.3027399092193322,0.3653164848395848,0.3183083170039553,0.376913639873096,0.3494700623759378,0.2127413893537691,0.2948750408353944,0.2519317590193299,0.3026285442343566,0.2519580375410408,-0.0351659670298432,0.0096312461082637,0.0098258965260886,0.0175451844213671,-0.0039496196127439,1340,2298.5,1.7152985074626863,8.9270535,16.0226475,19.9060165,27.202928,17.704268,2.1779105000000003,5.2599545,13.397718,18.371951000000003,11.421029375,32.282511711120605,8.178064823150635,185.64735412597656,21.10160446166992,167.15840244293213,659.7663269042969,1331.6304931640625,1484.4664916992188,1577.2408447265625,1511.8949737548828,17.91119691666667,10.341598791666668,414.36793756484985,6564.999130249023
2023,barley,Almería,40.0,24.65662421812085,39.35405773908459,16.518651100140257,7.673561929359524,1.4301057094426903,0.2675634102081128,0.341847167386964,0.3300053619805307,0.3730075057169404,0.3340046454773517,0.1815424713592097,0.2636344201908962,0.2521007025939492,0.2832044584634856,0.2207019919162558,0.0018196028629953,0.0370690110856941,0.060505324822781,0.0526726160181684,0.0567822334597586,4288,8986.91,2.095827891791045,7.9191802,15.3749145,18.9360525,26.617259,16.6801235,1.8111452,3.6592046,11.849100750000002,14.720649000000002,8.856910425,38.43069362640381,10.9269700050354,201.70085906982425,14.90433931350708,89.04820156097412,692.9414672851562,1372.7506103515625,1502.641357421875,1648.0302734375,1650.07177734375,17.034608866666666,8.292320066666667,355.01106357574463,6866.435485839844
2023,barley,Badajoz,1189.0,21.418389931563453,45.44558736513142,18.433958609800072,6.540236159018335,1.4420478317211065,0.3691375961230076,0.2011466481618839,0.3066383219161293,0.2128660552923535,0.2168079521454239,0.2167693262258455,0.1287490062733618,0.1894479046855867,0.1386567777449707,0.1113079680306723,-0.017599538858653,-0.1367593939576801,-0.0722707319886505,-0.1308752316836968,-0.1523654913614881,17053,50350.28,2.9525760863191226,8.40628925,16.4081245,22.3069115,28.504983,17.11563375,2.9421735,4.3263681,9.3052147,9.1696865,9.96689725,33.96575450897217,20.856332778930664,77.4318733215332,0.6824480295181274,242.7249336242676,666.0813598632812,1292.11279296875,1537.1264038085938,1739.8859252929688,1439.7883911132812,18.309595958333333,7.612872883333334,375.66134226322174,6674.994873046875
2023,barley,Barcelona,787.0,26.204354638848468,32.753960683736054,29.990155084554463,7.185439990586382,1.3308924085894462,0.2441747029793772,0.2910367217921215,0.4667363662960732,0.3457162443658822,0.2168378254145282,0.1425532102109554,0.1894727427496559,0.3379055292919062,0.2284853418608658,0.1230061310900147,-0.0996421018580825,-0.0996433326703925,0.0800886475576119,-0.0331957753896515,-0.1367527326566069,47320,35856.69,0.7577491546914624,5.2198548,11.97884,17.564691,23.478761,13.64588475,0.7490481800000001,5.5190935,12.728238,17.238692999999998,10.128797075,75.42855072021484,51.6617317199707,224.7386016845703,129.22919464111328,249.38739776611328,585.3418273925781,1176.2293090820312,1373.6863403320312,1415.8796997070312,1284.5230102539062,14.255652716666669,9.415444471666666,730.4454765319824,5835.660186767578
2023,barley,Burgos,2329.0,28.704485606590584,31.060509805013474,24.87810186587034,7.255276655331994,1.342514301757512,0.2324367566045443,0.2519222816074636,0.3925599643484986,0.3340026220139877,0.216803488317865,0.1386661328509132,0.1738263935053136,0.2793067131442436,0.2129085089059727,0.1073878856306676,-0.1210803263809928,-0.105495344217491,0.0038443824131736,-0.060581447114859,-0.1445419187076934,153746,138563.48,0.9012493333159888,2.9033731,10.0247135,15.2248095,20.820233,11.84706725,-0.500879015,2.8575624,9.19057,10.723205,6.4007294,129.5851707458496,50.0667781829834,155.36527252197266,26.375757217407227,267.59649658203125,506.218978881836,1056.3463439941406,1359.62548828125,1478.1221923828125,1217.463150024414,12.1112106,5.845319530833333,628.9894752502441,5617.776153564453
2023,barley,Cantabria,830.0,26.518497065553525,34.15904029717853,48.03415414859565,5.901187501396216,1.1880124590310424,0.8223862522470939,0.6192457460620172,0.5845034898127809,0.455154118060221,0.8729021606300333,0.6664676297711988,0.4275994217035199,0.4085439308504538,0.2989928035619565,0.6857119297999542,0.3652695829254848,0.1037364322730066,0.1287681145564665,-0.0020610833561746,0.425799429399215,340,137.56,0.4045882352941176,4.74863665,10.3485375,14.955364,18.235388,12.53809125,1.53368645,5.98418775,11.6513225,14.5805665,8.58287185,264.79071044921875,110.85283279418944,256.8238067626953,130.5612030029297,333.2054977416992,481.3772583007813,982.297393798828,1242.9395751953125,1131.5292358398438,1146.505889892578,12.227351441666665,8.485917816666666,1096.2340507507324,4984.649353027344
2023,barley,Castellón,1850.0,25.020657600298016,35.18430293109192,25.18941010889611,7.478638418212487,1.3693323784264495,0.3652317075029108,0.3730149211475006,0.369184399034389,0.36524194482385,0.3885125685881715,0.2167830999101752,0.248124931839423,0.2401669615151355,0.2518745464279726,0.2208368170849252,-0.045014765840987,-0.0410093545212359,-0.0292965040792936,-0.0372531578676278,-0.0529164764174128,3567,2714.15,0.7609055228483319,6.2438068,13.646707,18.3949665,24.6647295,14.92166625,-0.249563735,4.3429518,11.130804,16.619925,10.111147325,33.29742813110352,14.140979766845703,164.1418495178223,47.04086112976074,259.7089385986328,641.6052551269531,1256.001953125,1420.8869018554688,1510.0174560546875,1350.4483947753906,15.465590383333334,8.677735285833334,518.330057144165,6178.9599609375
2023,barley,Ciudad Real,349.0,25.540821734229457,43.21070474494339,17.036367121796776,7.364130323396798,1.433797668518283,0.2011452968339314,0.1972478181762551,0.2363273786403245,0.2206992926860622,0.1835053439710342,0.1230150904720802,0.138667240418186,0.1543092511827804,0.1543039221052167,0.1034695776870456,-0.1425736673531189,-0.1367168197236593,-0.0977147190799832,-0.1289146388721267,-0.1445234132187783,51137,133808.89,2.616674619160295,6.2679613,15.1033135,20.7589815,28.9133525,15.67202225,0.825751512,1.5260249499999998,8.0571305,6.3358195,7.85131675,37.66742515563965,18.76274442672729,106.39561462402344,4.240149617195129,240.4847869873047,654.7220764160156,1315.1536254882812,1501.2559814453125,1727.0189819335938,1449.3614959716797,17.06460888333333,5.407893327,407.5507208108902,6647.512161254883
2023,barley,Cuenca,900.0,24.3775694278534,38.26548047834629,18.5023914290409,7.574921749070817,1.4037943711750291,0.1855229061884946,0.2167886811147794,0.2636481548699819,0.2324182680381004,0.1698906953979925,0.1112830290448708,0.1582022905564795,0.1816382018701604,0.1582172743035301,0.095657220560826,-0.1621097241096979,-0.1191361653794782,-0.0820776875902743,-0.1191502146860544,-0.1620849232552646,134392,230669.43,1.7163925680100005,3.8639539,12.4894365,17.4969525,25.971489,13.264987,-1.44258045,0.61055723,8.1596507,8.52304365,6.973230675,45.08296298980713,16.633994579315186,175.2261505126953,11.403282642364502,289.3813056945801,621.946533203125,1296.3421020507812,1456.1761474609375,1685.7242431640625,1369.3016967773438,14.39196765,4.966188746666667,537.7276964187622,6429.49072265625
2023,barley,Cáceres,741.0,17.110187741336116,49.48306677938192,24.119467904773227,6.249366989402125,1.4092271256290698,0.3652941085214285,0.2636815491469949,0.2519386175845726,0.2753725238896219,0.3300880139157937,0.2362714868283078,0.1893767226515347,0.1737523880944233,0.197228987854026,0.1816478056395493,-0.0214065515760991,-0.1133489919296709,-0.1055390098555328,-0.0995658910556269,-0.0820109946013523,860,1344.13,1.5629418604651164,7.388897099999999,14.8684175,21.114693000000003,27.6032935,15.89308625,2.2690137,5.06446175,9.7701725,9.4707485,9.9091615,61.299628257751465,40.06739234924317,112.3862533569336,0.3346989750862121,473.1751823425293,649.5730590820312,1241.4596557617188,1505.578857421875,1730.9931030273438,1330.177703857422,17.126912266666668,7.732119908333334,687.2631552815437,6457.782379150391
2023,barley,Cádiz,921.0,32.30254239464251,32.14110893702688,22.84139486334083,6.959262369169773,1.41145303721279,0.2636276276516232,0.2128309775914275,0.4668085071627714,0.255814978499679,0.1816215022193823,0.1425276110449542,0.1463887710127168,0.3182970271122246,0.1816674862616702,0.095673231996961,-0.1367593616675642,-0.1386278377144184,0.0663113608120733,-0.091810790057117,-0.2070865624308311,2354,9616.57,4.085203908241291,11.4135635,17.285639500000002,21.707811,27.157702,18.76543025,6.6274855,8.342678,13.409496,15.5662275,13.1770725,55.31053161621094,22.651318669319156,83.59686660766602,0.4161959886550903,273.44322681427,706.8606567382812,1334.2990112304688,1578.938232421875,1709.8978271484375,1623.005874633789,19.182596083333333,11.716672,435.4181396961212,6953.001602172852
2023,barley,Córdoba,1160.0,27.977760955586824,35.93623331493473,18.0370448614793,6.989155646943889,1.4420640893083423,0.3848361932074,0.2519516375975063,0.419899556195316,0.2714976897134759,0.2636873113483084,0.2402530738960369,0.1816329845209178,0.2910094110294766,0.1972834377306929,0.1503375765788198,-0.003833037696647,-0.1035474271228523,0.027355803235332,-0.0996411282098557,-0.0995866664557969,5618,18415.88,3.2780135279458884,8.55700625,17.1073795,22.4142435,29.824808,17.54537325,2.64860055,3.79841925,9.5833385,9.229843,9.463873375,39.27467441558838,19.38611459732056,103.77054977416992,1.6830900311470032,215.96209716796875,684.0549621582031,1332.158935546875,1526.03125,1733.4164428710938,1518.5802612304688,18.83236395833333,7.364658008333333,380.0765259861946,6794.241851806641
2023,barley,Girona,2018.0,24.476401855517217,35.04049237182743,36.777612495839975,6.784815616004859,1.2801373830084133,0.5584118989491161,0.3066118155482121,0.6385928952429568,0.3691079035392412,0.4550803778619139,0.3554000049309651,0.2090163885186084,0.4628805066201491,0.2441651655878096,0.2596699640135608,0.1386250580798605,-0.0957142471256719,0.2324269565512948,-0.0097918428981719,0.0448993615161492,21948,19657.55,0.8956419719336614,5.7253043,11.51275125,17.938861,23.1953065,14.034012,0.691220625,6.14203615,12.167795000000002,16.9446895,9.9499915,90.22321701049805,117.37146759033205,221.54104614257807,157.23382186889648,217.14033126831052,565.6883087158203,1088.2317504882812,1379.638916015625,1375.2062377929688,1266.069595336914,14.406707841666666,9.3076207125,803.5098838806152,5674.834808349609
2023,barley,Granada,500.0,25.37142730345376,36.99702425585095,19.547918796864348,7.429837891956373,1.4011652536355377,0.205051825186891,0.2675409341788781,0.3027252670555186,0.3105710640356427,0.19338146748036,0.130843203100564,0.1972735283680206,0.2168319997868481,0.2227575093087063,0.1152007773821189,-0.1055053107038164,-0.0566795920832201,-0.0136628029964344,-0.0430180664224006,-0.1056117486126314,14976,33748.5,2.253505608974359,5.52434205,13.873479,17.9331975,26.656703,14.6397585,-0.036340765,0.999775,8.7056247,8.63448725,6.041654375,47.8649787902832,15.185708045959473,196.88797760009768,12.941048622131348,176.33308792114258,702.2776184082031,1373.4559326171875,1480.1685791015625,1684.5211181640625,1625.0102081298828,15.544539758333334,5.0644758225,449.2128009796143,6865.433456420898
2023,barley,Guadalajara,1500.0,23.64379090165741,34.41609728768813,21.88481025817056,7.33873430562416,1.3712528918954368,0.2206683432751056,0.2050836943766557,0.3144121302648168,0.2714826088174852,0.21289586990539,0.1269337045358132,0.1386715333562301,0.2168097031731217,0.1777411472458205,0.1113011261633529,-0.1503683153131481,-0.1348085669918713,-0.0527537994995197,-0.0996127076667917,-0.1445506627471821,94560,80342.05,0.8496409686971236,2.88039395,11.0686965,16.38970525,24.5037385,12.03234175,-2.03026205,0.31772666,7.485680100000001,7.048272600000001,6.00837845,58.97600269317627,27.61839008331299,156.53900909423828,13.487707138061523,293.5966262817383,592.9701995849609,1239.62255859375,1453.0314331054688,1665.5223388671875,1304.6530151367188,13.15120295,4.139695701666667,550.2177352905273,6255.799545288086
2023,barley,Huelva,910.0,21.64026163403111,47.16316770994197,22.531403594582663,6.4534755998146105,1.4502325065903123,0.3496803378317093,0.255862522827969,0.4159908774744902,0.2832311334658063,0.2011258064373532,0.2166774614574811,0.1817357060580368,0.2909779498373585,0.201147197842448,0.1190751332319827,-0.0566436275617794,-0.1073717461825069,0.0254045534546165,-0.0879414994936865,-0.1738874825248851,375,1106.49,2.95064,10.592992,17.696592,23.016406,28.628045,18.24472525,4.96986055,6.7682752,11.487739,11.61802525,12.19803325,33.79861068725586,12.88286542892456,69.29173851013184,0.183595061302185,242.60757446289065,685.3059387207031,1327.2448120117188,1578.5885009765625,1737.6692504882812,1535.5782470703125,19.40391425,9.87332775,358.76438415050507,6864.386749267578
2023,barley,Huesca,835.0,26.58874404243393,30.187439148002905,33.42726025881975,7.267331212487676,1.316439111840041,0.322274792006561,0.3027160969677324,0.4902277200019289,0.2871137448533952,0.2246187028039573,0.1933708451530744,0.2167863648498822,0.3535286207038708,0.1816279040212701,0.1269677566678663,-0.0527172451865556,-0.0840103911441374,0.0898517026265443,-0.0741897244863483,-0.1524566612881723,90301,174934.47,1.9372373506384204,2.41320615,10.6532015,17.03808,23.137274,11.79768,-2.2797374,2.29002475,8.6137758,12.2077625,6.978276775,114.3471450805664,50.58394813537598,189.8105926513672,103.09214401245116,306.23685455322266,607.8927307128906,1184.335693359375,1442.2634887695312,1541.0213623046875,1301.2982940673828,12.806186941666668,5.7980632000000005,764.0706844329834,6076.811569213867
2023,barley,Illes Balears,1723.0,27.33129873118016,35.992629600353304,28.276301755714144,7.242465755966496,1.379667115707908,0.4315805204099643,0.1972258089647612,0.4276554356085199,0.2285450574118013,0.4199879132100121,0.2754202490164044,0.1347774759229864,0.2870726614134827,0.1543443826886306,0.2519994256549058,0.0409919137700551,-0.1699260530853564,0.0448430387152674,-0.1582432841434893,0.0292746447867532,19044,16619.07,0.872666981726528,10.9661575,15.098332,21.110017,26.896816,19.53556925,6.4041115,9.76446925,15.41025,20.491464,15.179846,112.021390914917,25.0286808013916,65.80922508239746,72.56594157218933,244.99465942382807,606.9769287109375,1285.2491455078125,1512.3212890625,1543.522705078125,1462.7921905517578,18.85707683333333,13.738331125,520.4198977947235,6410.862258911133
2023,barley,Jaén,661.0,30.688116173516992,29.78343230591621,19.18514732549988,7.46462718569945,1.4138276559180596,0.3652058870929312,0.2753727516516394,0.349643575511375,0.2988537204824608,0.3320558919576023,0.2324636900473511,0.1894432502035709,0.2441107505524496,0.2011561817106027,0.1933403240894255,0.0136380512300825,-0.0879046568902388,-0.0117274165189819,-0.095703232047731,0.0039101870608443,2117,5299.98,2.503533301842229,6.698718,15.4418915,20.824396,29.2676965,16.053427,1.136470725,2.1024954,8.4250145,7.08583615,7.552896,64.07149696350098,20.883185863494877,123.5359992980957,7.217095851898193,219.9973545074463,674.5314025878906,1337.1719970703125,1489.2258911132812,1712.2545166015625,1529.2923278808594,17.389926,5.6426014625,435.705132484436,6742.476135253906
2023,barley,La Rioja,2245.0,28.12442067559485,29.71901618110145,25.75944795249755,7.2019767906766194,1.3299673371068308,0.2558286663851339,0.2832248458904224,0.3652562941603384,0.3144498474177907,0.2129507741233104,0.1464611553401259,0.2012156227692109,0.2480389973980971,0.2011711410503912,0.1073419067412447,-0.1055996599318017,-0.0644100890926734,0.0116458788836987,-0.0449106695298472,-0.1289498205928851,30791,18625.02,0.6048851937254393,2.89238325,10.289647,15.2373445,20.553385,11.982447625,-0.9742972,2.83794,9.3631241,11.997551,6.4288637,127.43027114868164,50.86324596405029,221.6316146850586,59.99262619018555,244.5040626525879,523.9660797119141,1080.7493591308594,1354.40087890625,1477.5623779296875,1242.543212890625,12.156275833333334,6.013674216666666,704.421820640564,5679.221908569336
2023,barley,Las Palmas,1048.0,25.810032702265115,43.41993635882721,20.35506831674174,7.67681131541121,1.3702478585894209,0.3761688889785198,0.311228435591324,0.3026992217826756,0.2480762481574364,0.4199057672260085,0.2486238120238988,0.2058634770122388,0.213446073136401,0.1599898893006716,0.2871970393556874,0.1481170409463837,0.0448308629098493,0.0843783801690791,-0.0254702417779571,0.1893893284365248,84,47.64,0.5671428571428572,16.4175885,18.9263705,21.04361,23.5406475,21.03114275,10.5202815,13.445176,15.4649385,18.037436,16.205385,32.176424980163574,4.237565040588379,15.96646213531494,5.749035835266113,85.7658622264862,870.4688110351562,1455.2050170898438,1615.3929443359375,1564.0371704101562,2068.5541381835938,20.331750333333336,14.979767,143.8953502178192,7573.658081054687
2023,barley,León,1530.0,21.7109395695188,41.01995601706934,40.73160813987658,6.364580219073536,1.2637501117939414,0.2675871875244136,0.3339310570159672,0.2675725301569479,0.4199134383813078,0.2538447896773951,0.1347534681913913,0.2246237033074256,0.1660020213308455,0.2832568097510455,0.1131623693639143,-0.1445966896325081,-0.0352537061146048,-0.097705867464298,0.0117938335870387,-0.1758210592815315,19603,21528.76,1.0982380247921235,2.49673115,9.257807,14.591940999999998,19.7589815,10.397503425,-1.11190437,2.6663184,8.35382965,10.0532625,6.248674725,165.04854202270508,64.21182441711426,159.4898681640625,27.746108055114743,373.5139389038086,537.6548156738281,1078.4998474121094,1384.7057495117188,1486.2217407226562,1148.156837463379,11.150077916666667,5.409809271666667,790.0102815628052,5635.238990783691
2023,barley,Lleida,525.0,26.80088779228917,29.478447761727296,36.8381330183701,7.17928910655981,1.3082891532821035,0.3691449434434986,0.3495950484981099,0.5605470623665388,0.3690794237387477,0.2402263364021293,0.2285109878576286,0.2519792767317646,0.416005900212547,0.2519433864076158,0.1464508960256187,-0.029312518217938,-0.0566327629650452,0.1445611995144518,-0.011796930660755,-0.1368046750606131,111854,110567.44,0.9884978632860694,2.75275405,10.521471,16.286527999999997,22.4328445,11.563724375,-2.55763375,2.30139585,9.21901775,13.5011285,7.05155775,75.65085220336914,50.10435104370117,225.50552368164065,129.09187698364258,245.50885391235352,601.2537384033203,1187.7525634765625,1384.55859375,1489.8518676757812,1320.1980895996094,12.520174383333334,6.094503974999999,725.861457824707,5983.614852905273
2023,barley,Lugo,2150.0,16.86948151240638,45.92492350279246,55.1018177413162,5.189617673244169,1.159444550632349,0.7828945668752463,0.6973372557146327,0.6112416090168469,0.4862079202686902,0.603611556023892,0.5997127689222901,0.5253616035907485,0.4239619624537977,0.3379258158488916,0.3775103824500299,0.3458139695673257,0.2011029464252577,0.1597589221225652,-0.0059514365113217,0.1364520133604362,534,406.37,0.7609925093632959,5.3844225,10.564993,15.457012,18.6438865,12.4310865,2.6436775,6.712047999999999,11.5823235,13.5121345,9.3547879,298.3196334838867,154.1769027709961,183.6968879699707,61.4669361114502,622.6808624267578,493.7109069824219,972.6360473632812,1349.2200317382812,1380.7243041992188,1077.1885528564453,12.4854145,8.859959883333334,1320.3412227630615,5273.479843139648
2023,barley,Madrid,1138.0,23.93837642946105,42.31762860431763,19.785028990224937,7.3526634916591185,1.3807294025513286,0.2285105005331673,0.1972915160416879,0.3261369689326022,0.2519350864997679,0.2167282735213048,0.1386304024957081,0.1386192417674039,0.2284813353632653,0.1660327919379768,0.1191147504898974,-0.1309161468757344,-0.1464932460092521,-0.0371003192018879,-0.1152612859971094,-0.1367815329742484,26851,39710.37,1.4789158690551565,4.57843045,13.053853,18.739607,26.5194065,13.57270175,-0.47462937,1.465634725,8.281491149999999,7.22741,7.5160055,42.87862968444824,21.71378898620605,128.7984390258789,4.80751645565033,276.2430229187012,603.5077667236328,1273.3046875,1503.6212158203125,1698.0916137695312,1337.9575805664062,15.006116741666666,5.255319584166666,474.4413970708847,6416.482864379883
2023,barley,Murcia,1131.0,28.14212353531068,32.383473663801254,15.80811473143195,7.861866665395269,1.4499177163689994,0.2206822473772751,0.3184338767625137,0.2870914976729968,0.3457043012133231,0.2753878329900514,0.1464571354323948,0.2558100103035113,0.2245660579790223,0.275418892816368,0.1855334465443098,-0.0820816641256767,-0.0097729302213272,0.0019211278178958,0.0135968353903134,-0.035120399165344,6841,18398.52,2.689448910977928,8.0772265,15.8409035,19.6740285,27.247074,16.8794205,1.30314945,3.79319155,12.4439625,16.295378,10.0343124,26.790682315826416,6.67508339881897,169.7697868347168,17.593687057495117,111.64758777618408,666.7229919433594,1350.9022216796875,1467.1194458007812,1609.8050537109375,1562.359603881836,17.43301225,8.98405105,332.4768273830414,6656.909317016602
2023,barley,Málaga,800.0,31.4056117216678,32.82147773423947,22.06149385701749,7.10139275801547,1.3994517617706483,0.3379349390533158,0.2206705616892287,0.3613166278354571,0.2324166755668137,0.2402692193017154,0.1972042983895126,0.1504086324465272,0.2441799662849059,0.1581960175433446,0.1308578767546408,-0.0331319123578345,-0.1132913402023275,0.0019414749645416,-0.1151991770347776,-0.1054643291660633,4146,11480.94,2.769160636758321,9.2918155,15.8878745,20.1509365,27.2454655,17.17708125,4.516438,6.2957316500000005,11.920544,13.913534,10.6434425,49.14500999450684,17.68807888031006,103.57904434204102,3.2896974086761475,202.328106880188,704.4219055175781,1347.3110961914062,1526.1804809570312,1704.7921142578125,1628.9825134277344,17.821709083333335,9.655522108333331,376.0299375057221,6911.6881103515625
2023,barley,Navarra,3407.0,31.32335790547628,24.970152669805643,31.35806266455273,6.954826134924855,1.298901861511466,0.2987959195161391,0.2519550689465658,0.4511907552578071,0.2636613835631134,0.2596781407324525,0.1894740557464163,0.185492193646366,0.3301254889611477,0.1894286905138723,0.1386887641034069,-0.0663631720736826,-0.1035552174281578,0.07415572876221,-0.0586705883366698,-0.1133449587746654,41971,68644.02,1.6355107097757977,4.04059135,11.0320425,16.607136,21.0888045,13.0078821,0.29789051,4.6750877,10.8861517,13.9437095,8.278973825,133.44707870483398,91.26773452758788,175.12216567993164,72.73156547546387,286.6045608520508,515.8551330566406,1028.3806457519531,1349.7125854492188,1362.3480224609375,1200.978530883789,13.130723091666669,7.726797843333333,759.1731052398682,5457.274917602539
2023,barley,Ourense,3000.0,16.249732452434706,53.44489651287875,52.00591259343389,5.283026888645734,1.195422189596347,0.4901211231441168,0.5097915384253989,0.3612678417512617,0.6190052203526932,0.4510131333197392,0.2871054430749215,0.3455386005836697,0.2481094054187426,0.4590434709162657,0.2323300148140851,0.0408969066133392,0.0722262778923372,-0.0720185920926142,0.1598198255201901,-0.0427062420542544,1307,1009.77,0.7725860749808722,4.49846665,10.22505925,15.4945595,19.382661,11.8349925,1.120413529,5.448702000000001,10.3757572,12.058918,8.493968875,231.0689182281494,134.4578628540039,208.34720611572263,21.851730346679688,705.9408493041992,540.2157592773438,1012.0339660644532,1397.6873168945312,1526.4408569335938,1086.842056274414,12.211788566666668,7.665288079833334,1301.6665668487549,5563.219955444336
2023,barley,Palencia,2085.0,26.83553580524947,32.61265872254773,23.38300995902138,7.347835062602215,1.3561270357835948,0.2636422148253747,0.2245824694340081,0.4199650714326678,0.2949338812094926,0.2285896712159964,0.1621124150614669,0.1581967656440436,0.2949820415918317,0.1894639920238952,0.1152329175112119,-0.1152410854867211,-0.1367527851280494,0.0058994765479602,-0.1132387457293159,-0.1895105607608282,46919,108828.84,2.319504678275325,2.87009825,10.163699,15.4903045,21.344611,11.546558825,-0.6308233750000001,2.6971123500000003,8.8362885,10.037318,6.43664585,102.0465259552002,40.35626220703125,137.59112548828125,18.604419708251957,282.2546920776367,528.8512420654297,1081.396453857422,1417.7239379882812,1513.642333984375,1208.9219360351562,12.160305066666666,5.635531195833333,580.8530254364014,5750.535903930664
2023,barley,Pontevedra,2150.0,15.477679748859249,54.93373770262227,61.528604799526974,5.151694305375641,1.1701479186359975,0.693260485335601,0.6742109220742663,0.587661117805092,0.4626725942861602,0.7829447359359555,0.4788196245119477,0.4941990899611554,0.4084707942601485,0.326158571416044,0.568259217502492,0.2209064386029084,0.1621778296236233,0.1234524895058634,-0.0298175858078356,0.3302849760363938,93,18.37,0.1975268817204301,7.0592143,11.621592,16.5443215,19.204579000000003,13.624817,3.9452211,8.38487745,12.76347875,14.626699,11.09093225,296.8313388824463,227.00707244873047,211.34833526611328,53.9747257232666,1055.4222717285156,529.5357208251953,979.4753112792968,1396.2890625,1447.9898071289062,1093.7825775146484,13.613223466666668,10.317023466666669,1844.5837440490725,5447.072479248047
2023,barley,Salamanca,1850.0,18.109806377959167,51.23045171113789,24.86092930572984,6.12553323366478,1.3795701483018383,0.2520009836068007,0.220688025649737,0.2949179968857147,0.2948809771183104,0.2871039235068481,0.1582779006038958,0.1620882902322688,0.2011371010511898,0.2070087535640048,0.1660256980756619,-0.1269787038270605,-0.1269301895506544,-0.083969038699083,-0.0917792511104017,-0.0429832457086235,12444,31001.81,2.491305850208936,4.33579515,11.609601,17.469009,23.5461325,13.00504725,0.3805190499999999,3.24547995,8.8877495,9.2084805,7.837974949999999,81.35553646087646,38.24989414215088,140.27324676513672,2.9033817052841187,377.6022300720215,603.6360473632812,1188.2582397460938,1486.8359985351562,1707.9044189453125,1253.8194732666016,13.828438691666667,6.233029816666666,640.3842891454697,6240.454177856445
2023,barley,Santa Cruz de Tenerife,965.0,32.70205678621995,32.97358463013403,38.50748213094444,7.034813305143394,1.25841503859716,0.5020539992884694,0.4625619291007402,0.4432018857244061,0.400225474573377,0.5212685757022267,0.3377380630851015,0.3810408186306984,0.3378423495568851,0.3142155592594673,0.373061685446175,0.2167722596502083,0.1856175813180969,0.17389064943329,0.1073203266384851,0.232360765186415,31,8.11,0.2616129032258064,13.6396785,17.289662,18.89265,22.416209,18.92168125,8.9979145,11.550527,13.997874,16.5138645,14.78073125,72.58893203735352,9.777850866317747,39.33102416992188,9.150907516479492,181.37286615371704,883.5951843261719,1469.84326171875,1645.7450561523438,1625.3921508789062,2024.0330505371091,18.346927,13.436940416666664,312.2215807437897,7648.608703613281
2023,barley,Segovia,1656.0,22.95033943412197,47.58392804435696,19.96673350457498,7.250836937457768,1.370242006893574,0.2245881711334794,0.2207211602344605,0.2988953140533525,0.3261456269512728,0.2167988036586394,0.1425695436444244,0.1600678184485298,0.2168421640879618,0.2402464811448074,0.1386695144743813,-0.1464700695914869,-0.1289289921294394,-0.0898632249469267,-0.0586166031858979,-0.1211250322531516,48577,67704.62,1.393758774728781,2.8981725000000003,10.55740975,16.1589725,23.3345805,11.97252285,-1.10751988,1.3765467500000002,8.028762,7.81152835,6.0226006750000005,88.64998626708984,34.16020965576172,140.9997520446777,8.865720987319946,292.973424911499,570.1985931396484,1206.266357421875,1493.2891845703125,1670.7435302734375,1309.742706298828,12.815696825000002,4.692419761666667,565.6490938663483,6250.240371704102
2023,barley,Sevilla,1080.0,31.77131470630645,30.53762004011168,16.95241902290036,7.288286143117437,1.480187214073171,0.3183620905981013,0.2285213358011465,0.3925529288662424,0.2519208802367305,0.1990910772109,0.1894173787836128,0.1620838434198399,0.2636588074880675,0.1777479258181194,0.107348080739723,-0.0507954093705781,-0.1191350886308519,0.0116961622220283,-0.1133025486805267,-0.1680363775856482,4755,22552.17,4.742832807570977,10.502376,18.3358015,23.247767,29.3799495,18.6647,4.4107646,5.87771605,11.506568,12.3611905,11.6160685,30.43366432189941,13.23018193244934,85.0854721069336,0.4676302671432495,187.69462871551517,699.1648559570312,1335.0175170898438,1558.8306884765625,1728.6650390625,1567.7832794189453,19.799215666666665,9.564729358333333,316.91157734394073,6889.461380004883
2023,barley,Soria,911.0,24.14897133863889,38.1844620214656,21.79758516066749,7.418943188363471,1.364438552086122,0.2129078108573448,0.2480162201589809,0.306648249468709,0.2949443441101472,0.2089732413606221,0.1230380766104423,0.1620943612223847,0.2089867723911009,0.1972294616364877,0.1152118790886978,-0.1465298115629008,-0.1152652594049509,-0.0664363138245872,-0.0761448777267005,-0.1445756009373895,72360,75967.29,1.0498519900497512,2.30028055,10.2403865,15.530288,22.5640595,11.51681475,-2.2467486,0.552366575,7.5169787,8.5172527,5.47732325,79.18637466430664,30.282992362976078,149.0925064086914,27.452829837799072,243.9898796081543,576.1977844238281,1160.401336669922,1458.5896606445312,1612.9263916015625,1285.063720703125,12.278107341666669,4.2157493125,530.0045828819275,6093.178894042969
2023,barley,Tarragona,1197.0,27.039674946850173,29.157641826116148,25.42767199008608,7.541700374846145,1.3779395177871585,0.2285279922189988,0.4941852027853157,0.2870856281680226,0.2871938389470562,0.247931545157485,0.1425238688748577,0.3221326580758787,0.1973429528559495,0.2011471513956573,0.1464427969462597,-0.0722535024515464,0.048843658125607,-0.0449669961549362,-0.0566265697104754,-0.1133864120015464,18795,13745.41,0.7313333333333333,6.964695900000001,14.21695,19.868558,25.6461475,15.937942499999998,1.42278135,5.8344606500000005,12.586693,17.1959905,11.389200625,55.00978469848633,10.375200748443604,131.7544403076172,44.21385955810547,198.9892463684082,613.9626159667969,1232.0159301757812,1470.3741455078125,1474.9597778320312,1315.5640716552734,16.428706066666667,9.969721125,440.3425316810608,6106.876541137695
2023,barley,Teruel,700.0,22.47443950415829,33.79777589993578,21.10040503109295,7.412077456982944,1.4040643147552672,0.2402271197764478,0.255837295852716,0.3144784494754306,0.2754595213909733,0.1972594544016644,0.1464477654369791,0.1816252406830666,0.2246133075538552,0.1932824736165375,0.115204558422021,-0.1191361094083431,-0.0956891112271804,-0.048801212657568,-0.0800146992594105,-0.1542848836646245,106131,97364.16,0.917396048279956,3.03652885,11.44309375,15.884632,23.3959695,12.318547,-2.658538,0.2789819099999999,7.76247895,10.92538075,6.433855775,38.651611328125,14.931282997131348,175.4404067993164,35.09076976776123,224.26396560668945,625.6778259277344,1255.9595336914062,1397.4053344726562,1600.5043334960938,1348.5117645263672,13.066219683333337,4.862669193333333,488.3780364990234,6228.058792114258
2023,barley,Toledo,402.0,24.03382423807433,44.03232096632096,15.83815342941664,7.521497534421158,1.4232979965825454,0.1933460056429886,0.2089666178013964,0.2558690836787837,0.2324048313956831,0.1815828338651426,0.1230152324618019,0.1503743291212323,0.181645882830101,0.162090119634735,0.107358590083445,-0.1543197069337269,-0.1386741256988986,-0.0918301385927301,-0.1230389280302697,-0.1523706647450975,60027,129337.7,2.154658736901728,5.9372725,14.473052,20.2769725,28.147272,15.078819875,0.733219685,2.2152518,8.561537,7.25617635,8.37842025,30.005648612976078,21.409605503082275,119.71892929077148,2.340723991394043,275.19625091552734,632.4479064941406,1303.9403686523438,1501.6021728515625,1722.2095336914062,1392.394760131836,16.498701458333333,5.9205042225,448.6711583137512,6552.594741821289
2023,barley,Valencia,860.0,26.0008257832434,37.048684736688,22.372951102187645,7.601531685280463,1.4041003137156485,0.2402126147949029,0.4160427649417996,0.2362860851743899,0.3534490565274578,0.2480816590938296,0.150329680909536,0.2987693694389318,0.1620726405139239,0.2597430503857688,0.1503773174416517,-0.0957034900267561,0.0097101183226707,-0.0978025063580071,-0.0254267994458491,-0.1073864077506465,6365,7672.99,1.2054972505891597,7.0131063000000005,15.2901825,19.330513,26.609869,16.098808,0.37767799,3.3690836500000003,11.942021,16.133302,10.044386675,31.028772354125977,5.440614700317383,172.98846054077148,26.71655368804932,195.68987464904785,637.6211853027344,1308.6522827148438,1432.0429077148438,1562.0090942382812,1414.294448852539,16.740214466666668,8.651809665,431.864275932312,6354.619918823242
2023,barley,Valladolid,1462.0,25.05730563338003,44.38433851977854,16.605732397771998,7.537662389100126,1.368638307984791,0.2128611313534064,0.212893003607117,0.3339080362033217,0.2675857421960925,0.2304704018742463,0.1386526729445419,0.1581909679675472,0.2441410640385813,0.1836052980292875,0.1365884924684394,-0.1464700309176202,-0.1289219404757622,-0.0430585693166872,-0.1210449732808972,-0.082054403729437,60977,161434.74,2.6474693736982795,3.88224375,11.7059415,17.499564499999998,23.9085435,12.9368205,0.0963884,2.403717,8.84001835,9.0560055,6.947939625,65.08091354370117,25.809264183044437,103.8548812866211,4.416272044181824,282.8305530548096,549.7444458007812,1160.2237854003906,1525.054443359375,1667.7388305664062,1273.5938568115234,13.811655708333332,5.71533475,481.9918841123581,6176.355361938477
2023,barley,Zamora,1549.0,20.944712657487724,43.92237419003452,25.184467164860514,6.42948867049523,1.3298581028586076,0.2871289707642134,0.2128602536133868,0.3573619244142098,0.2597823326981269,0.2558425770380172,0.1777322948282706,0.1542747268206589,0.2480609897178483,0.1738335837185206,0.1366453044677272,-0.0898595787101799,-0.1289819097598797,-0.0194986238822632,-0.1211658004856305,-0.1132379809630143,29950,63008.49,2.1037893155258764,3.95221385,11.3455505,17.3785445,23.00657,12.4610945,0.0820355999999999,2.78393995,8.4758782,9.1782795,7.296268975,77.50991535186768,36.37730121612549,116.05555725097656,3.9615975618362422,344.1309471130371,563.1260070800781,1140.9109802246094,1516.5275268554688,1658.347412109375,1199.3013610839844,13.434177975,5.852111866666667,578.0353184938431,6078.213287353516
2023,barley,Zaragoza,835.0,28.48526921389855,27.13269446924836,19.52018178987687,7.699227047889838,1.4005314565905318,0.2714983652793273,0.3027340476558489,0.3886936129755683,0.3066164267496543,0.2206937209622213,0.173777016118967,0.2246003405836404,0.2910335339283168,0.2089603511920575,0.1308015285783782,-0.0820296829447907,-0.0644509975366048,0.0175584117140308,-0.0507941725832593,-0.1211459305322495,125871,163698.06,1.3005224396405843,4.9813305,13.5895915,19.094999,25.102877,14.27632675,-0.2428946049999999,2.67154195,9.2468625,12.225316,8.16685915,54.93361473083496,20.7418065071106,106.03935813903809,42.41077709197998,196.19580841064453,596.3569946289062,1193.5925903320312,1485.3388671875,1578.1407470703125,1325.8798370361328,15.220241916666666,6.7057573575000005,420.32136487960815,6179.309036254883
2023,barley,Álava,5500.0,31.5827763496144,25.36169499958537,33.23610968294773,6.722444370732785,1.2771215689526494,0.2754400279988004,0.2792966368186639,0.5410979232473637,0.4201515852356842,0.2011034278731153,0.162110588313195,0.1972257630885108,0.3847674892802746,0.236407319417171,0.1112567589551773,-0.0996516370935186,-0.0977211603846874,0.1111576615026989,0.0097704105681977,-0.1268207354981859,13691,12922.23,0.9438485136220874,3.8594055,10.378628,15.399251,19.487408,12.545810075,0.8742263,5.1381422,11.235856,13.7120735,7.793911075,180.0107192993164,83.45589828491211,185.456657409668,48.11183547973633,259.96592903137207,464.8662872314453,981.3433532714844,1252.0145263671875,1271.3063354492188,1165.0086669921875,12.369385441666664,7.758020025,757.0010395050049,5134.539169311523
2023,barley,Ávila,849.0,18.84587684120659,52.67248967780342,26.25381735908533,6.769433481413691,1.3472347846903128,0.2636965540702622,0.2050724367125025,0.3495806629144638,0.3183461563482884,0.2753809408615503,0.1816236622193921,0.1542670702402475,0.2754284022437674,0.2441300415941603,0.1855622257875247,-0.0996465571047473,-0.1446402693532184,-0.035098983259361,-0.0586613582891074,-0.0429892738230394,20876,46420.69,2.223639107108641,2.9753047,10.6701335,16.08087225,23.3312885,11.613227875,-1.3512084,1.156442275,7.495062499999999,7.0269835,6.303919725,76.43707847595215,33.72708702087402,166.00582885742188,6.723169803619385,381.57611083984375,608.0429382324219,1258.143310546875,1481.5676879882812,1714.1063842773438,1327.0601043701172,12.714009116666666,4.4891865541666665,664.4692749977112,6388.920425415039
2017,common_soft_wheat,A Coruña,2950.0,16.8174956794124,45.38603802117088,56.51798682220782,5.187478829120761,1.198658446748758,0.8300928036810986,0.7323545531995638,0.5681930869574542,0.4590376947392426,0.787056440707084,0.6228998042107878,0.5255203689329961,0.3850223913660742,0.2949715913558962,0.533278425584476,0.3809864802163155,0.2051069557267975,0.0820246556234164,-0.037079945492951,0.3143978360471369,1883,702.41,0.3730270844397238,8.3961872,11.37924625,16.293048,18.4888505,13.109352,5.72572395,7.65489835,12.916764,14.44459475,10.326747425,219.221175,161.017452,189.418214,51.477906,300.19602,419.24978,1080.12479,1323.41386,1301.1195,1189.6826,13.462672658333332,10.232579316666667,921.330767,5313.59053
2017,common_soft_wheat,Albacete,1240.0,24.808089988498978,40.84869918043516,16.202073223185316,7.77704961335989,1.4307609142846458,0.201154565436972,0.173820865227723,0.2597391793790933,0.2050518023987202,0.1600378488261439,0.1269438432799239,0.1308578572169091,0.189392377722327,0.1425473077663252,0.0995506518128267,-0.1425952387684897,-0.121144456119573,-0.074180099686852,-0.0839757197987555,-0.1914474056368181,16275,59276.9,3.642205837173579,5.927911,11.4911615,21.019613,25.31348,13.4628989,1.66530352,3.38173105,7.325666999999999,10.5985275,6.692107,66.127588,120.31193,30.697006,66.325,240.635714,597.85688,1235.46729,1654.3883,1579.9766,1479.50298,15.112993883333331,6.059240511666666,524.097238,6547.19205
2017,common_soft_wheat,Alicante,800.0,28.14081783274487,32.7017122972431,19.33509823066453,7.803332708707288,1.4283765640307449,0.314083047698122,0.3106013628521965,0.3808778404121636,0.322188656183075,0.3339544954852345,0.2369780828855446,0.2558360413942432,0.3222076738440168,0.2636576440355048,0.2324958390600234,0.0021330850193687,-0.0135431665026112,0.0663377080164704,0.0058255953409201,0.0020256937865218,1013,1264.39,1.2481638696939783,9.490597,13.7160685,21.9057905,25.4123655,16.162821875,4.6934991,6.554007,11.208038,17.007553,11.1937826,100.471623,94.60436,11.7598063,63.2257023,259.056931,632.08106,1247.1365999999998,1685.04107,1523.8099,1465.95299,17.141744208333332,10.308443716666666,529.1184226,6554.02162
2017,common_soft_wheat,Almería,1096.0,24.65662421812085,39.35405773908459,16.518651100140257,7.673561929359524,1.4301057094426903,0.4085305961240495,0.298739740151862,0.3652446822410617,0.3418604600769211,0.3867172619716253,0.2715761130692068,0.2403524306257015,0.2831549891200333,0.2753462399320882,0.2558930668166364,0.1346975560928616,0.0449569552865307,0.111351519094936,0.0683675515317384,0.1114466404048565,1006,2146.37,2.133568588469185,8.008039,12.682529,21.221509,25.04513,15.0491245,3.443756,5.1315483,9.08241365,14.29343975,9.0556395,72.735145,77.69601,12.061809,53.222956,239.105301,667.6002599999999,1274.089,1695.8162000000002,1595.3683,1596.01405,16.175909333333333,8.34373945,454.821221,6828.88781
2017,common_soft_wheat,Asturias,1300.0,23.477266522142106,37.16764110781218,55.42424776536752,5.661732566724791,1.146639285545973,0.8184913674767371,0.6386971779986955,0.6974266306608309,0.4315418141885108,,0.6144804078536994,0.4473039170723976,0.5459157354211626,0.2792276131184882,,0.3655222152813624,0.129033599408013,0.231565378159789,-0.0192859055228149,,27,33.25,1.2314814814814814,5.64443565,9.1392995,15.13298,17.123084,10.95733725,2.73847425,5.3162036,11.8568925,13.8307915,8.016944825,201.059025,143.07281899999998,275.63773000000003,149.741637,312.080963,454.35204,1095.87724,1284.3486899999998,1304.42864,1211.80635,11.492412275,8.296041916666667,1081.592174,5350.81296
2017,common_soft_wheat,Badajoz,2322.0,21.418389931563453,45.44558736513142,18.433958609800072,6.540236159018335,1.4420478317211065,0.3339773384621893,0.1972494545215436,0.2753875595471149,0.2245748424131551,0.3085328538619977,0.2363116429206895,0.1308079333245305,0.1699008274010579,0.142546281274228,0.1523265403405631,0.0332017616568635,-0.1133554840836938,-0.0898912126190265,-0.0996135372153329,-0.0976879284677423,30559,85398.74,2.7945528322261857,8.6492833,14.61870025,23.2708605,27.4037565,15.99858775,4.41587605,5.71832705,9.98743975,9.0440155,8.1154501,86.35700800000001,92.436688,40.1210997,19.247303,203.831419,599.97333,1174.50418,1592.98633,1683.72336,1564.23918,17.65662934166667,7.566093091666667,441.9935177,6615.42638
2017,common_soft_wheat,Barcelona,3930.0,26.204354638848468,32.753960683736054,29.990155084554463,7.185439990586382,1.3308924085894462,0.3497200147484081,0.2206674210876223,0.6583310305734491,0.3184146463083111,0.2537864225621137,0.2166983991435152,0.1542314039599777,0.4804352514066945,0.2207199269226515,0.1366882490906037,-0.0117893959657466,-0.1074113406574338,0.2557638718546515,0.0037940998244657,-0.1133641427581515,31119,24806.26,0.7971419390083229,5.897351899999999,10.84883275,19.1171705,22.9602235,12.4053676,2.223972105,5.886663,12.0802685,16.016741500000002,8.89213375,114.848846,142.431668,72.92872600000001,97.515404,295.576539,535.84647,1148.7981,1519.72086,1450.2806,1287.00592,13.939052308333332,8.998652100833333,723.301183,5941.65195
2017,common_soft_wheat,Burgos,2659.0,28.704485606590584,31.060509805013474,24.87810186587034,7.255276655331994,1.342514301757512,0.2236131216470252,0.208949040073923,0.5332208358735593,0.3847511589068873,,0.1396417370423211,0.1287318523883015,0.3925707696883608,0.244135561209803,,-0.1414213923063459,-0.1523929079330619,0.1054637144293572,-0.0214817735839367,,200704,185308.28,0.9232914142219388,3.86284815,8.9816335,17.020752,19.836506,10.3671594,0.4869609000000001,2.30658495,9.07133215,9.83330725,5.1847121000000005,124.93272,73.74662599999999,121.716833,49.101111,169.12216600000002,477.2263,1121.38602,1395.926,1441.72306,1270.79252,11.739343075,5.344601575,538.619456,5707.0539
2017,common_soft_wheat,Cantabria,2450.0,26.518497065553525,34.15904029717853,48.03415414859565,5.901187501396216,1.1880124590310424,,0.6500628190474944,0.6623046067843048,0.4903896486629844,0.8305339614327725,,0.4826309523958824,0.4943179636434623,0.3260575280212663,0.6675706876784733,,0.1344549006586622,0.1971881950322428,0.0371114798203089,0.325384169197942,1395,702.87,0.5038494623655914,5.52353235,9.2754255,15.6075885,17.611514999999997,11.243038475,2.3649031000000003,5.01408415,11.6694735,13.737582,7.786093375,193.146025,143.35854,235.85158,144.24552,281.11953600000004,464.39347,1070.8652,1245.03084,1209.67556,1175.98345,11.750689716666663,8.059704916666666,997.721201,5165.94852
2017,common_soft_wheat,Castellón,1713.0,25.020657600298016,35.18430293109192,25.18941010889611,7.478638418212487,1.3693323784264495,0.2634824776606577,0.337798263007236,0.3926541641476555,0.3495169003487055,0.3378914567569068,0.1580587962903479,0.2284170769411792,0.2598489546603084,0.2324843773479897,0.189396565162151,-0.0920780734622097,-0.0331829075720786,0.0018562861960074,-0.0331221147254514,-0.0977353975069564,1335,910.44,0.6819775280898877,6.93740175,11.669227,19.6882275,23.4166895,13.623706,2.1055767000000003,4.78044845,11.06121,15.2533445,8.8254675,120.76454,81.812285,90.685179,69.169708,284.056012,580.49677,1200.2231000000002,1604.6439,1480.34994,1350.98982,14.826492958333333,8.475252441666667,646.487724,6216.70353
2017,common_soft_wheat,Ciudad Real,1600.0,25.540821734229457,43.21070474494339,17.036367121796776,7.364130323396798,1.433797668518283,0.2226110333536025,0.1699056359937192,0.2636729066935451,0.1855270635286505,0.1834653977397481,0.1347461769254332,0.1229934454990278,0.1660011792301205,0.134746017863285,0.105306663028898,-0.1289761553724189,-0.1230468958025018,-0.0898888318899506,-0.1152114410807929,-0.1523769465486333,16310,43293.41,2.6544089515634584,6.715259,12.889314,22.8186155,27.2980615,14.445801875,2.461577275,3.74235095,7.79641,7.32606275,6.411410425,71.140719,108.088577,43.741982,47.559454,240.426679,575.80179,1200.8194600000002,1622.37024,1645.49006,1522.46288,16.435475625,5.691536970833333,510.957411,6566.94443
2017,common_soft_wheat,Cuenca,2240.0,24.3775694278534,38.26548047834629,18.5023914290409,7.574921749070817,1.4037943711750291,0.1894240253282842,0.1855578094357446,0.2636566043982461,0.2050812495308288,0.1659822633799983,0.115196915171452,0.1347334336338598,0.1816339957076819,0.146479254620981,0.0956582952914829,-0.1503641972528171,-0.1230527833931303,-0.0898515225091559,-0.0840087871945464,-0.1894769665213112,30453,46411.68,1.5240429514333562,4.64563375,10.813125,20.1508255,24.53005,12.12620625,0.2967144,1.59236345,6.8709755,8.8011835,5.547897949999999,71.90502000000001,79.368927,72.177944,74.912838,257.070245,557.46222,1227.5659999999998,1616.2348,1604.83415,1423.96082,14.065341125000002,4.776172125,555.434974,6430.05799
2017,common_soft_wheat,Cáceres,1607.0,17.110187741336116,49.48306677938192,24.119467904773227,6.249366989402125,1.4092271256290698,0.3027765367880836,0.380798122812606,0.197273791694863,0.3066226665455047,0.3398722262452011,0.1972853815393474,0.2715527502447138,0.1347117690734449,0.2207033695933586,0.1659242281157392,-0.0428693144778394,-0.0136691321480509,-0.1367290418648874,-0.0605253960098374,-0.0976540189052251,3155,6749.58,2.1393280507131536,7.781069199999999,13.61542375,22.510869,26.558658,14.99532025,3.71596925,5.524277,10.003519,9.2697205,7.683099925,136.057996,67.217308,58.126315600000005,35.324122,292.691366,570.43008,1159.68422,1548.8512500000002,1676.3529,1493.59771,16.742776741666667,7.313280933333334,589.4171076,6448.91616
2017,common_soft_wheat,Cádiz,1985.0,32.30254239464251,32.14110893702688,22.84139486334083,6.959262369169773,1.41145303721279,0.251962004534884,0.1972599910630154,0.5566467982066585,0.2323214571684623,0.2363490673771226,0.1191303084327787,0.1386193815709229,0.4043697275264685,0.167772782224206,0.1191100035168431,-0.1914381159727345,-0.1035106746751577,0.1523898713556074,-0.0664759844266972,-0.1836496527225853,1941,12070.12,6.2185059247810415,11.1337185,15.2801295,22.3982155,26.4508005,17.530149125,7.131724,8.895546,12.723018,15.450513,12.20780575,121.77661,108.077126,31.4020353,14.610583,356.58747100000005,664.83644,1259.71615,1670.4229,1662.60897,1640.66935,18.38719370833333,11.43606875,632.4538253000001,6898.25381
2017,common_soft_wheat,Córdoba,3286.0,27.977760955586824,35.93623331493473,18.0370448614793,6.989155646943889,1.4420640893083423,0.3867530044967112,0.2090163773441017,0.4668162631030548,0.2675662192600883,0.3085521417229447,0.2246350525811066,0.1503642083996552,0.3183709270917468,0.1933527565457428,0.1601226647929779,-0.0116875833902683,-0.0956936274084347,0.0663788591232191,-0.0605649219904357,-0.0821617415408653,8103,24135.18,2.9785486856719734,8.694363,14.624452,23.8301825,28.477145,16.22780175,4.2858738,5.90974035,9.8164785,9.9357135,8.285415375,72.311473,111.466268,39.5041444,39.768536,247.958005,618.2748099999999,1210.3444,1632.75275,1667.38376,1588.25121,18.013624333333333,7.75310615,511.0084264,6717.00693
2017,common_soft_wheat,Girona,2470.0,24.476401855517217,35.04049237182743,36.777612495839975,6.784815616004859,1.2801373830084133,0.5097687412725119,0.2929765171609374,0.5761789695226227,0.3026198052618353,0.3573336920730868,0.3027006652408097,0.1933632855440606,0.417959966533527,0.2051157068862191,0.2044659140438983,0.1228968282968719,-0.1055764689915981,0.1699346366324474,-0.0604951931993472,-0.0020571518915488,15840,15231.3,0.9615719696969696,6.12701365,11.3386215,18.9891265,22.5037325,12.71615575,2.064753865,5.846894499999999,12.876359,16.080807,8.565639125,196.30672,149.394248,128.235821,104.363452,318.29186500000003,521.00487,1146.07563,1446.34955,1390.189,1278.20952,14.065134275,9.000015435833333,896.5921060000001,5781.82857
2017,common_soft_wheat,Granada,1090.0,25.37142730345376,36.99702425585095,19.547918796864348,7.429837891956373,1.4011652536355377,0.2363199004098587,0.2519849445298261,0.3534904968198631,0.2382097953429032,0.1580440135890301,0.1543463431797856,0.1933287237242885,0.2558437198019836,0.1777092519548362,0.0995201705111659,-0.0605153905006465,-0.0332138985405552,0.035142341444421,-0.0332030133026635,-0.1542502034617094,3993,9777.25,2.448597545704984,5.611944299999999,11.147293,20.4831145,25.217284,13.15608615,1.4162761350000002,3.11799395,7.089654,8.8656895,5.7829531,84.465676,95.9375,27.749827,44.405724,261.284781,653.89948,1277.3142,1675.52494,1635.03223,1614.74992,14.79530135,5.342586630833334,513.843508,6856.52077
2017,common_soft_wheat,Guadalajara,1781.0,23.64379090165741,34.41609728768813,21.88481025817056,7.33873430562416,1.3712528918954368,0.2167423629327947,0.1776948018657213,0.3261853518837234,0.29102840965801,0.169908676631928,0.12305374939287,0.1230112825890015,0.2168066299478494,0.2011450575860722,0.091767491032691,-0.1270102263493821,-0.1465141795228743,-0.0566565273845774,-0.0371195899612163,-0.1914284130893144,74922,69192.32,0.9235247323883506,3.63817665,10.1677015,19.1405055,23.255772,11.119257175,-0.5347673000000001,0.22508972,6.538339799999999,7.1828392,4.286698425,83.87127,68.362088,93.185756,71.91086,215.629687,531.83536,1206.9787,1550.66187,1581.41523,1385.14677,13.073445,3.6641497116666666,532.959661,6256.03793
2017,common_soft_wheat,Huelva,4415.0,21.64026163403111,47.16316770994197,22.531403594582663,6.4534755998146105,1.4502325065903123,0.3300282731907938,0.2402011899909927,0.4629400400273569,0.3574030387255282,0.2695393982655112,0.1934042242348262,0.1777093140004685,0.345709928480793,0.2675700547988442,0.1523201342773029,-0.0723303994110013,-0.0644520791679172,0.0819303978508675,-0.0019271915815852,-0.1211576918303366,2275,4183.24,1.838786813186813,10.4957485,15.7435605,23.2201985,27.7984645,17.353555125,6.023796750000001,7.8551705,11.915915,11.6845255,10.0918415,109.603944,125.741264,33.154879,4.12013484,217.139368,649.3034399999999,1216.54464,1629.7889,1696.72717,1632.77391,18.660847041666667,9.610515125,489.75958984,6825.13806
2017,common_soft_wheat,Huesca,3400.0,26.58874404243393,30.187439148002905,33.42726025881975,7.267331212487676,1.316439111840041,0.2987955018309162,0.2792968086434408,0.6230017230512158,0.3495681471457086,0.2128527277422642,0.1777349528897661,0.1972080049479476,0.472642494367421,0.2226036291857506,0.1191148407301218,-0.0585740626634424,-0.0801259854227814,0.2148410466523615,0.0370954317666881,-0.1543223151287767,46218,81183.89,1.7565426889956297,3.32347145,9.4139935,18.3526355,22.175137,10.565052275,-0.6827925499999999,2.6423110000000003,8.784788299999999,11.567616,5.4890594825,139.188526,143.920605,137.51504,93.96635,293.74064,559.9934,1202.7734,1541.14804,1484.51684,1350.30458,12.399223666666666,5.5483402858333335,808.331161,6138.73626
2017,common_soft_wheat,Illes Balears,1479.0,27.33129873118016,35.992629600353304,28.276301755714144,7.242465755966496,1.379667115707908,,0.2011416763867238,0.4549930026209265,0.2167787526160248,0.2831869153350078,,0.1386744193927073,0.3164240558250516,0.1425678665433852,0.1913747341814768,,-0.1621411379739784,0.0721241822411189,-0.1348243979253926,-0.0917840679324002,5920,5139.73,0.868197635135135,11.5948965,14.5021715,21.9211375,26.228177,18.34393875,7.2523722,9.029748,15.0287145,19.0846375,13.6881855,142.600693,52.224444000000005,42.035045,23.036495,217.549929,591.3253199999999,1264.775,1628.5668999999998,1546.7100799999998,1407.82045,18.48904333333333,12.961973866666668,477.446606,6439.197749999999
2017,common_soft_wheat,Jaén,2275.0,30.688116173516992,29.78343230591621,19.18514732549988,7.46462718569945,1.4138276559180596,0.3711064541233921,0.2675879796742682,0.3925993065490509,0.2714594681219057,0.3183406865647407,0.2305124502316798,0.1894578911596164,0.2713906329399964,0.1933470432178054,0.1738638976449926,0.0117310897577977,-0.0722997266422924,0.0195499935647753,-0.0683924785572635,-0.0410699713606233,1325,2634.5,1.988301886792453,7.0705288500000005,13.0378,22.960024,27.846794,14.79753265,2.5883235,4.11245475,7.612466,7.85082575,6.407558125,77.131781,124.71381,26.260481,32.648417,222.1492106,605.4816000000001,1238.00286,1641.9426,1643.01883,1577.42911,16.751702025,5.829864375,482.9036996,6705.875
2017,common_soft_wheat,La Rioja,3164.0,28.12442067559485,29.71901618110145,25.75944795249755,7.2019767906766194,1.3299673371068308,0.3065950572166035,0.2637264043451441,0.435507220422652,0.3261559587180032,,0.1660856227190951,0.181628490737094,0.2988310469100456,0.2089744280913963,,-0.0488638963655598,-0.0878858921077234,0.064413176900661,-0.0331569943569534,,32910,24284.81,0.7379158310543908,3.80050195,8.872758000000001,16.8949655,19.639003,10.2816326,0.3009150500000001,2.687925,9.739251,10.832672,5.24787555,131.801594,93.300202,160.32718,75.79611,185.882612,500.87422,1129.78519,1422.94537,1415.6171,1273.29906,11.628415608333333,5.676085691666667,647.107698,5742.52094
2017,common_soft_wheat,Las Palmas,1450.0,25.810032702265115,43.41993635882721,20.35506831674174,7.67681131541121,1.3702478585894209,0.4046633923471967,0.2096727212519623,0.3343613031931929,0.3259525685474562,0.4001272234461657,0.2908394570288831,0.1344538450443875,0.2561408200431919,0.2425185849133074,0.2686858207145299,0.2004121136564488,-0.0379588062111315,0.1269539172037515,0.0673777263163088,0.165971040371211,118,104.27,0.8836440677966101,16.047554,17.973779,20.636268,22.5136645,19.8479405,10.3297555,11.95624,15.3262285,17.121169000000002,14.7693595,29.108468,20.54539,12.7913693,5.4546001,98.3111035,884.02814,1423.1808500000002,1598.1965,1607.67713,1994.65791,19.47785775,14.045352,166.2109309,7507.74053
2017,common_soft_wheat,León,598.0,21.7109395695188,41.01995601706934,40.73160813987658,6.364580219073536,1.2637501117939414,0.2304744273865842,0.2988462808205606,0.2988789002383397,0.2929502155610744,,0.1230135878193501,0.1835625037022658,0.1894821532986199,0.1913693072656113,,-0.1446036029632319,-0.0820692709943715,-0.0820768896399889,-0.0664436157726921,,41512,46343.47,1.1163873096935826,3.44356965,8.6653898,16.186400499999998,19.267841,9.829121,0.23709175,1.56064235,8.551438000000001,9.2544145,4.887306225,179.404095,75.205633,140.520672,49.468669,181.737365,476.84317,1139.05628,1370.0366,1475.682,1255.7365,11.203573825,4.896366508333333,626.336434,5717.35455
2017,common_soft_wheat,Lleida,2968.0,26.80088779228917,29.478447761727296,36.8381330183701,7.17928910655981,1.3082891532821035,0.4550664564338583,0.2988637031681069,0.7128954622799623,0.3769658728600683,0.2285295403492011,0.279303928942979,0.2128819679421762,0.5507826746769956,0.2695379521250333,0.1308179087894116,0.0293303694326759,-0.0566600598071321,0.3066299416667971,0.0664242281390142,-0.1504365189364816,61587,56950.69,0.92471934012048,3.1968089,9.1200265,17.8899435,21.7973595,10.248006175,-1.13376845,2.51657785,8.986366,12.1900255,5.5895311375,111.088596,152.514315,131.457359,92.749367,254.817992,553.3451,1195.1418,1525.28354,1477.86763,1336.59208,12.083358458333334,5.6230438625,742.6276290000001,6088.230149999999
2017,common_soft_wheat,Lugo,2300.0,16.86948151240638,45.92492350279246,55.1018177413162,5.189617673244169,1.159444550632349,0.7988436962275738,0.6345275492371453,0.6454277485708085,0.4491802821112118,0.8031471107847138,0.5877814659482541,0.4395924332121156,0.4801929699622227,0.2891092549979456,0.5410047879938045,0.3571417453977865,0.1133766174027131,0.2076463204056763,-0.0195031359747058,0.3499661276489965,4844,1566.71,0.3234331131296449,6.2246986500000006,9.9547765,15.9569005,18.253741,11.379638,3.67514,5.822855000000001,11.9283725,13.244778,8.387110825,196.1216,137.350478,209.405736,59.007684,295.876982,433.1326,1082.30956,1317.2727,1347.36983,1206.29855,12.191565441666668,8.574227858333334,897.76248,5386.38324
2017,common_soft_wheat,Madrid,931.0,23.93837642946105,42.31762860431763,19.785028990224937,7.3526634916591185,1.3807294025513286,0.2460538238064988,0.162052077823193,0.3495815686568732,0.205072848830139,0.2206809136790876,0.1464674801940943,0.1151698903428866,0.2362859658494204,0.1464310710597357,0.1230342593548536,-0.1055002484340246,-0.1543100073657815,-0.0331946776265428,-0.080076411992395,-0.1425664937756173,13093,20573.85,1.5713625601466432,5.14233515,11.81251125,21.156511,25.190063,12.8288373,1.03743875,1.9587623,7.49817885,7.8167165,5.511244975,93.972431,50.112467,71.765748,82.185379,260.627691,543.2358300000001,1212.5182,1590.051,1631.33867,1414.53485,14.826515833333334,4.888931058333333,558.663716,6391.6785500000005
2017,common_soft_wheat,Murcia,743.0,28.14212353531068,32.383473663801254,15.80811473143195,7.861866665395269,1.4499177163689994,0.3809001666772268,0.2870535105213221,0.3573526801754776,0.2792841803871392,0.3340246578500835,0.283242219088361,0.236293475387371,0.2870203816528092,0.2206456776443282,0.2285355675174087,0.089753472333984,-0.0097560671309901,0.0527389353563577,0.0019963021705784,0.0428518462849433,3129,8320.69,2.6592170022371366,8.43508785,13.034251,21.726121,25.390503,15.47833775,3.72676035,5.82478905,9.810681,15.573377,9.786128075,74.186735,106.901181,14.446588,69.052498,246.003877,642.5556,1241.6808,1694.0908,1549.15776,1507.00301,16.590439725,9.084643925,510.590879,6634.48797
2017,common_soft_wheat,Málaga,2258.0,31.4056117216678,32.82147773423947,22.06149385701749,7.10139275801547,1.3994517617706483,0.3144652735021204,0.2070958515568413,0.396586407410148,0.2284908234699647,0.2441987025650099,0.1581890463182059,0.1425495318879815,0.2558718262355571,0.1621316455796989,0.1151412814018887,-0.0818840601181093,-0.0761669347105896,0.0272393321284888,-0.0645176405047878,-0.1366965757947479,1694,5132.92,3.030059031877214,9.121343,13.3795885,21.1581715,25.491847,15.88399725,5.39566375,7.560571,11.47983,14.36033025,10.47347425,111.245704,99.180774,20.5274054,62.3258924,344.923884,664.2868,1269.7510000000002,1690.75645,1653.24626,1626.40445,16.819824083333334,9.957223916666669,638.2036598,6904.44496
2017,common_soft_wheat,Navarra,4616.0,31.32335790547628,24.970152669805643,31.35806266455273,6.954826134924855,1.298901861511466,0.388646747624772,0.2402394293759082,0.5917306422193926,0.3105211103484819,0.3258855665496128,0.2481167760840338,0.1777080162716267,0.4472815321682487,0.2069810189757604,0.1815212244236284,0.0371538495950049,-0.0996177507203844,0.2070026222073715,-0.0273820906878007,-0.0740574390532639,48905,80066.63,1.6371869951947655,4.9035319,10.0183325,17.999369,20.2599135,11.393565975,1.658481955,4.32923325,10.8474425,13.09304375,7.25840925,166.82596,137.308267,147.67069400000003,104.681347,262.645397,503.3594000000001,1109.15764,1407.1938,1330.82788,1244.52775,12.661379808333336,7.407503325833333,819.131665,5595.06647
2017,common_soft_wheat,Ourense,2300.0,16.249732452434706,53.44489651287875,52.00591259343389,5.283026888645734,1.195422189596347,0.3886830194393973,0.4668902776797473,0.4237003423528193,0.5211490412937025,0.5083127141505387,0.2171356847034167,0.3026103027718346,0.267865622908343,0.37131762691542,0.2414314057358086,-0.1135670588635336,-0.0021030958183153,-0.0743900892056693,0.0584357031103513,-0.0441296226508777,7183,5222.41,0.7270513712933314,5.31078285,10.0360555,16.498023500000002,19.142545,10.92522115,2.5195447,4.25045705,10.8623355,11.81961275,7.0636379,243.3204,108.444377,166.39973,62.040878000000006,270.413386,459.14112,1114.90555,1400.7881,1502.36727,1296.16858,12.139641525,7.263204300000001,850.618771,5773.37062
2017,common_soft_wheat,Palencia,1125.0,26.83553580524947,32.61265872254773,23.38300995902138,7.347835062602215,1.3561270357835948,,0.177685938324357,0.4629157915702078,0.251979169533818,,,0.119082655593675,0.3300664959962195,0.1660092782369978,,,-0.1679801292139613,0.035233662984236,-0.1211612954623516,,60420,121569.42,2.012072492552135,3.81208465,9.4178865,17.3177245,20.4634725,10.48847925,0.3415571499999998,1.607008085,8.61823825,9.055257,4.994384125,120.019117,55.384313,131.1706,39.334845,152.767308,480.85294,1146.12524,1408.12003,1501.6117,1285.57596,11.998021108333331,4.9351381225,498.676183,5822.28587
2017,common_soft_wheat,Pontevedra,2180.0,15.477679748859249,54.93373770262227,61.528604799526974,5.151694305375641,1.1701479186359975,0.8302322056576127,0.6543764922217848,0.611831975010925,0.5020983014687082,0.7637924615147724,0.6303498262007434,0.4586909492298473,0.4277775982599501,0.3379815782957149,0.5179650940232946,0.3700113244287464,0.1151916361803017,0.1339171290089767,-0.0133736865628941,0.287421122867587,684,203.31,0.2972368421052632,7.603363,11.49356075,16.9077045,19.14863,12.584727,4.99661265,7.35891735,12.9412745,14.09313,9.5649415,286.91077,154.330763,193.12233,49.716427,335.937509,451.90318,1100.88836,1410.6373,1412.182,1271.94685,13.387118708333333,9.753302916666668,1020.017799,5647.55769
2017,common_soft_wheat,Salamanca,1171.0,18.109806377959167,51.23045171113789,24.86092930572984,6.12553323366478,1.3795701483018383,0.2597346077750271,0.1659730197722128,0.4120986718766112,0.2402064886528526,0.1933367716140962,0.1621049533369583,0.1190780158767714,0.2988637442928743,0.1757311838166459,0.0995524711439831,-0.1074529507218262,-0.1680694910341559,0.0175606755502337,-0.0742818233864425,-0.1915125137174008,21726,63441.91,2.9200915953235755,5.0827875,10.9748435,19.6150575,22.6696015,11.8844955,1.538005433,3.0057321000000004,8.3636275,8.5490168,5.92550455,114.832256,49.978965,63.768999,43.248833,212.588442,543.21972,1183.51933,1507.9000299999998,1661.66083,1397.8878,13.6852135,5.551231822166667,484.417495,6294.18771
2017,common_soft_wheat,Santa Cruz de Tenerife,1000.0,32.70205678621995,32.97358463013403,38.50748213094444,7.034813305143394,1.25841503859716,0.5251885614925849,0.5606154734231867,0.4589509127934279,0.4706567399268695,0.4832650273224044,0.3692651954982893,0.4244488374344021,0.346031553127845,0.3847920347501519,0.4833050367855122,0.2267466481293158,0.2675724022478145,0.1700487063165782,0.1448569382145354,0.31,417,95.64,0.2293525179856115,14.048533,15.78587775,18.765412,21.385977,17.59349575,9.2101135,10.233958,13.930654,15.3461405,13.12513225,51.516944,39.330197,19.1624845,9.4630762,123.2407674,904.78808,1417.4494599999998,1627.56106,1637.5916,2020.35325,17.528798541666667,12.495188416666666,242.7134691,7607.74345
2017,common_soft_wheat,Segovia,946.0,22.95033943412197,47.58392804435696,19.96673350457498,7.250836937457768,1.370242006893574,0.244128677690957,0.1698922371439093,0.4355584086375802,0.216781588275608,0.1972089326218188,0.1660375582263602,0.1287093725001674,0.3340142937654156,0.1503957318017098,0.1229924796445228,-0.1289482907545616,-0.1680489631004701,0.027419378232748,-0.1269488953624065,-0.1521522287212827,48805,67614.13,1.3853935047638564,3.8988469,10.044297,18.8616225,22.4453945,11.00403615,-0.05472765,0.7047488949999999,7.06620515,7.3607613,4.4839462,102.236561,53.946607,91.770899,51.937708,196.004188,521.2288599999999,1200.39682,1519.05164,1598.5354,1391.90516,12.8763722,4.007480015833333,495.895963,6231.11788
2017,common_soft_wheat,Sevilla,2558.0,31.77131470630645,30.53762004011168,16.95241902290036,7.288286143117437,1.480187214073171,0.3300694665833716,0.216776074527728,0.4707147174349248,0.2870978817933771,0.2480033861618529,0.1738214467964829,0.1503385713373707,0.3222523084666414,0.2011449369047336,0.1230368008168195,-0.0898404079653072,-0.1035067596497737,0.0663854391805093,-0.0587019836281826,-0.1445674810838641,14170,65331.45,4.610546930134086,10.3329375,15.9502785,24.367385,28.751815,17.53834925,5.743231,7.397416,11.207468,12.32676525,10.1745475,78.702032,113.86824,32.535718700000004,18.742848,248.279313,642.4339,1230.77307,1651.6967,1681.20974,1622.43301,19.079852416666665,9.503995875,492.1281517,6828.54642
2017,common_soft_wheat,Soria,1698.0,24.14897133863889,38.1844620214656,21.79758516066749,7.418943188363471,1.364438552086122,0.2089677947950691,0.2206700529906127,0.3340386007534011,0.2754128320901238,0.1621013828136385,0.1241059158459764,0.1503666929282771,0.2245547734687125,0.1816504111108717,0.0917375145356508,-0.1465224262244149,-0.1289863630305819,-0.0527419442236294,-0.0800945076277204,-0.1992385365978019,88755,92744.03,1.0449442848290238,3.2416077,9.251902,17.736296,21.312407,10.249688625,-0.7799109500000001,0.23328335,7.4712133,8.12461275,3.9792689,100.117746,61.625928,126.626283,59.430837,165.609019,532.03952,1189.52817,1492.3953,1536.1281,1353.72058,12.006931658333334,3.834622708333333,513.409813,6103.81167
2017,common_soft_wheat,Tarragona,2700.0,27.039674946850173,29.157641826116148,25.42767199008608,7.541700374846145,1.3779395177871585,0.2870677948547507,0.3535318626748697,0.3339589751271842,0.3183760951995579,0.2597323468884053,0.1777403275233859,0.2480641398684973,0.2363240256483867,0.2324096193141658,0.1464377654333904,-0.0274115850898036,-0.0255988516450725,0.0018829503190511,-0.0058552715857518,-0.105409575494378,8995,7338.23,0.8158121178432463,7.57041515,12.7179165,20.8145865,24.57127,14.351766825,3.4712704,6.1964825,12.093595,16.3468485,10.195344175,94.47328,98.137428,56.762891,48.680939,255.545412,551.7098,1202.13415,1605.7608,1496.08014,1328.57092,15.7296203,9.749814125,553.59995,6184.25581
2017,common_soft_wheat,Teruel,1364.0,22.47443950415829,33.79777589993578,21.10040503109295,7.412077456982944,1.4040643147552672,0.2284732677311449,0.1855385712458201,0.3339266871050243,0.2519326985545491,0.1660261824930927,0.142553965066854,0.1347390942718898,0.2363620553346329,0.1757412859857253,0.095653216636843,-0.1269297832533985,-0.1308777718705224,-0.0332211269680176,-0.0722443996075889,-0.2050701524635163,53228,40667.49,0.7640243856616817,3.76717025,9.765909,18.39087325,22.238278,10.8078575,-0.7552906500000001,0.836517725,7.39679765,9.95235025,5.106350325,86.204085,75.695336,109.71395,69.975111,209.465768,576.37324,1216.4351,1569.1289000000002,1508.30486,1371.12042,12.629657583333334,4.607179270833333,551.05425,6241.36252
2017,common_soft_wheat,Toledo,902.0,24.03382423807433,44.03232096632096,15.83815342941664,7.521497534421158,1.4232979965825454,0.2147878193261531,0.1738221930246834,0.2871540848932267,0.185523398089543,0.1913642552722697,0.1347492607271964,0.1230417253030435,0.1972596394148264,0.1365826711126406,0.1112996289687527,-0.1211367805126809,-0.1602019537322763,-0.0742783581896375,-0.1230539355716079,-0.1601582392841704,21380,49722.1,2.3256361085126285,6.2964105,12.653938,22.30773,26.3568715,13.930994,2.269030135,3.609372,8.25359125,8.435002,6.44384115,79.489309,69.981752,55.404655,82.613451,269.833462,562.5684699999999,1190.98169,1606.68818,1648.84601,1461.97694,15.912822999999998,5.9091129475,557.322629,6471.06129
2017,common_soft_wheat,Valencia,1761.0,26.0008257832434,37.048684736688,22.372951102187645,7.601531685280463,1.4041003137156485,0.2518621672924038,0.3691278783292647,0.2909309628359223,0.3613177916482594,0.2791945451127596,0.1581878895582592,0.2714563622957476,0.2129259711669412,0.2597575578846594,0.1621065701343504,-0.0800931649485592,0.0057870337421056,-0.0331486593601702,0.0214860661184758,-0.0821410098781039,2533,2946.3,1.1631662060797474,7.63151575,12.4625335,21.067788,24.811816,14.60537825,2.93162525,5.27696625,10.473968,15.3917355,9.3921802,97.482994,90.7005,25.651271,62.36231600000001,338.884155,600.07452,1224.00884,1650.96804,1509.78613,1386.77323,15.864068291666667,8.8097759,615.081236,6371.61076
2017,common_soft_wheat,Valladolid,720.0,25.05730563338003,44.38433851977854,16.605732397771998,7.537662389100126,1.368638307984791,0.23044130793479,0.1620763916423892,0.4198812428402509,0.2050713578150614,0.1648101675220564,0.1522229612127862,0.1130724997565038,0.3144532206577157,0.1443825841865606,0.0981054542287644,-0.1289606942321343,-0.1758328751448834,0.0195774430155631,-0.1152804651840658,-0.1687309054902076,40007,108613.74,2.7148683980303447,4.871202,11.225683,20.073627,23.0161105,11.665174875,1.10602084,1.4139265165,7.71485215,8.07040935,5.48122615,92.982027,34.387362,69.082415,32.918508,156.095444,503.9614,1193.20505,1499.34064,1615.7675,1359.61132,13.752828708333332,4.8779435260833335,385.465756,6171.88591
2017,common_soft_wheat,Zamora,798.0,20.944712657487724,43.92237419003452,25.184467164860514,6.42948867049523,1.3298581028586076,0.2481002208733611,0.1776788167890561,0.3574406323551916,0.20895704331727,0.2284904685049609,0.1464690546093029,0.1230087669085888,0.2480798598965054,0.1425439893779362,0.1113223569596328,-0.1211173909372829,-0.1524541998165807,-0.0253876944196926,-0.1113380548496645,-0.1914261383177435,36254,69855.61,1.926838693661389,4.835715049999999,10.762726,19.1034325,22.1763175,11.361359,1.35880395,1.9527719,8.28197775,8.607993,5.6992406,138.104819,42.728835,82.63789200000001,40.172722,165.635406,505.64745,1177.90173,1483.4511,1630.08025,1324.77473,13.266818175,5.2666713,469.279674,6121.85526
2017,common_soft_wheat,Zaragoza,1266.0,28.48526921389855,27.13269446924836,19.52018178987687,7.699227047889838,1.4005314565905318,0.2480321964364219,0.2636011128801347,0.4981123373516854,0.3574131953304912,0.1972343189534731,0.1542629528529284,0.1933201524316244,0.3808461995998606,0.2460675363272528,0.1151790309951271,-0.1055202140067509,-0.0723107856222779,0.1132423352813457,0.0215002078880587,-0.1680325212953072,54407,64332.04,1.1824221148014042,5.7350885,11.960484999999998,20.986408,23.9478895,12.5981765,1.45632675,3.09051825,9.057736,11.568730250000002,6.839730175,79.58369,75.729561,80.643089,51.051716,183.548762,554.73552,1211.69115,1552.28855,1511.59461,1355.04944,14.637704,6.4754619333333325,470.556818,6185.35927
2017,common_soft_wheat,Álava,6000.0,31.5827763496144,25.36169499958537,33.23610968294773,6.722444370732785,1.2771215689526494,,0.2558256834306786,0.7324817143482277,0.5918810853140306,,,0.1620786002801011,0.5566678870785859,0.4082422735345427,,,-0.1289304412327779,0.3184135964565919,0.2090072687241069,,20083,19526.99,0.9723143952596724,4.65799675,9.1248725,16.505221499999998,18.705928,10.77275335,1.9025969,4.6167585,11.1479225,12.892672999999998,7.120502975,148.780517,119.589777,134.70247,62.749575,202.226214,466.1268,1062.70673,1314.0342999999998,1256.4119,1200.36508,11.756587575,7.466826141666666,668.048553,5299.64481
2017,common_soft_wheat,Ávila,575.0,18.84587684120659,52.67248967780342,26.25381735908533,6.769433481413691,1.3472347846903128,0.2715872164222335,0.158118070414308,0.4083653992702685,0.1933218829319649,0.2673015477681805,0.1933436233979069,0.120925638086335,0.3223264753083235,0.1464600811341068,0.1701053341475777,-0.072294356366787,-0.1837076783558154,0.0116226324525243,-0.1113331740684761,-0.0802599669293909,15452,34809.66,2.2527608076624386,3.81014345,9.7529042,18.5660975,22.1771975,10.967450625,-0.07463385,1.20332613,7.01872665,7.1151521,4.38197015,119.906397,56.059039,84.782684,62.006212000000005,269.153674,556.72459,1207.5506,1540.6475,1644.0963000000002,1437.25028,12.706873983333333,4.004418555,591.908006,6386.26927
2018,common_soft_wheat,A Coruña,2990.0,16.8174956794124,45.38603802117088,56.51798682220782,5.187478829120761,1.198658446748758,0.8067033399901659,0.6582961142533628,0.5840611749925486,0.435609388735473,0.5838087353660283,0.591704277274186,0.4551261738529042,0.4120227743042487,0.2793753944417973,0.3106193813209523,0.3573062320676153,0.1348118841779008,0.1387724719734225,-0.0584771566588122,0.0645028102342199,1883,702.41,0.3730270844397238,7.973672500000001,9.4760345,14.6050465,18.999517500000003,12.8016965,5.5385225,6.6306665,11.8217595,15.6110055,9.5970106,291.81224,433.88967,160.249042,83.835887,329.602594,393.85617,852.64887,1200.988,1283.0877,1176.57225,12.776277333333333,9.7993292,1299.389433,4907.15299
2018,common_soft_wheat,Albacete,1900.0,24.808089988498978,40.84869918043516,16.202073223185316,7.77704961335989,1.4307609142846458,0.162073591303345,0.1855395493167174,0.2167943534043308,0.2519283161591272,0.1542639696015384,0.0995474084741335,0.1386430394328071,0.1542775279592373,0.1816366625847078,0.0956709261918044,-0.1679600173263121,-0.1074340056293146,-0.1054974906038438,-0.0800924794639196,-0.1679674320303476,16275,59276.9,3.642205837173579,5.25883115,9.61887835,17.8232325,25.3412315,13.09422575,0.3669314,2.8568792,8.213724,10.0400512,4.37005004,98.37513,132.548402,121.089673,34.9261944,82.192604,627.4097,1102.38434,1502.5993,1623.1935,1639.99366,14.0384375,5.03628098,469.1320034,6495.5805
2018,common_soft_wheat,Alicante,700.0,28.14081783274487,32.7017122972431,19.33509823066453,7.803332708707288,1.4283765640307449,0.2987987020466186,0.3106077652104546,0.310595042977467,0.3338595696284183,0.283168702995137,0.2011209909137853,0.255818781060155,0.2401527570793619,0.2753955297929665,0.189389641222425,-0.0114829603163357,-0.0097017185578968,-0.0098161301713012,0.0019338996000528,-0.0430083569666115,1013,1264.39,1.2481638696939783,9.1289405,13.3740105,19.778479,25.8794865,15.63370525,3.40267405,4.64692605,11.520437,16.7793605,8.965148075,111.227604,54.067381,94.013273,42.1935323,78.3581265,623.76883,1191.55826,1577.64784,1547.1931,1586.32793,16.571387833333333,9.046615625,379.8599168,6526.49596
2018,common_soft_wheat,Almería,1340.0,24.65662421812085,39.35405773908459,16.518651100140257,7.673561929359524,1.4301057094426903,0.2950352626390891,0.306692857944715,0.3340000461408942,0.3302297030640377,0.3067482240200674,0.1931791691905468,0.2441493983026326,0.2440982830789274,0.271484228305869,0.1973713309757894,0.0291416008904197,0.0487785764970573,0.0603176546723021,0.0528147435753787,0.0488698366589121,1006,2146.37,2.133568588469185,7.9157335,11.62668825,18.547349,25.080754,14.7112385,1.9486247,4.3171066,9.494906,13.1689425,7.685072175,61.934899,121.74754,60.54155900000001,23.87771925,69.76121499999999,696.99359,1196.817,1601.3344000000002,1638.96705,1714.2029699999998,15.432166958333331,7.383287358333334,337.86293225,6848.31501
2018,common_soft_wheat,Asturias,280.0,23.477266522142106,37.16764110781218,55.42424776536752,5.661732566724791,1.146639285545973,0.3525948666135582,0.5565654522366609,0.7169757782363196,0.5095764732630591,0.7791712074983778,0.1382134877682419,0.4339319023531348,0.5487780348951088,0.3494299627797257,0.527019480016631,-0.146322482567988,0.146603784988818,0.2714177474079975,0.080060062253933,0.3010445688537307,27,33.25,1.2314814814814814,4.6921821,7.5166873,13.1432415,17.6138075,10.448528975,2.2565396,4.14147925,10.6221465,14.9592105,7.21642,306.70651,344.60297,294.2253,227.96003,430.673761,393.30456,914.43018,1213.80026,1269.34821,1213.52221,10.643829391666666,7.735369308333333,1604.168571,5004.40542
2018,common_soft_wheat,Badajoz,4342.0,21.418389931563453,45.44558736513142,18.433958609800072,6.540236159018335,1.4420478317211065,0.2714838299036203,0.2089908832636107,0.3456754002253196,0.2910338328013202,0.1894257089887949,0.1503554615397354,0.1443308852990038,0.2167815319384255,0.1894228684061366,0.0996001349321086,-0.1211466368049127,-0.0977041029505439,-0.0117692373904951,-0.0605424937161345,-0.1679756493368093,30559,85398.74,2.7945528322261857,7.93440925,11.514173,19.2647315,26.731798,16.440871875,2.96281655,6.38155695,10.472966,10.9478235,5.76027125,94.431625,257.47415,70.055584,5.24952003,101.67842372,616.61248,1024.3217,1463.86965,1685.95176,1685.81608,16.38780925,7.047617583333333,528.88930275,6476.57167
2018,common_soft_wheat,Barcelona,5086.0,26.204354638848468,32.753960683736054,29.990155084554463,7.185439990586382,1.3308924085894462,0.2636563428805232,0.3027109660411948,0.5565514689259842,0.3652622836521559,0.2245387314086759,0.1425815963406046,0.2168454680549423,0.4023254736885679,0.2538940228579976,0.1308472852356782,-0.0800784792688089,-0.0566437987694961,0.162192533919918,0.0058687350537733,-0.113327638929261,31119,24806.26,0.7971419390083229,5.10360635,9.706929,16.8298845,22.487503,11.30747375,1.72027985,5.13455475,12.6530125,17.112852,7.190959985,206.39382,207.69855,260.52385,201.423392,206.372681,505.27967,1085.31103,1347.05084,1373.84836,1306.64029,12.790478391666667,8.500436511666667,1082.412293,5618.13019
2018,common_soft_wheat,Burgos,4578.0,28.704485606590584,31.060509805013474,24.87810186587034,7.255276655331994,1.342514301757512,0.2207378353458052,0.2636601855656665,0.4433669647037811,0.5800589427219692,0.1678811299450697,0.1308564343499599,0.1698808768616204,0.3378821917499289,0.4160386936989014,0.0951396723571417,-0.1425495401486856,-0.0918283611124795,0.0605515439212758,0.1894193831578907,-0.1836420119687822,200704,185308.28,0.9232914142219388,2.70450375,6.91617065,13.542415,19.3828065,9.9091107,0.2709309,2.9234691,9.172634,12.3928575,3.82198655,187.84736,240.51328,171.23961400000002,71.512895,170.776116,406.05524,938.25043,1287.3222,1421.86455,1308.40291,10.39401955,5.4006441,841.889265,5361.89533
2018,common_soft_wheat,Cantabria,2260.0,26.518497065553525,34.15904029717853,48.03415414859565,5.901187501396216,1.1880124590310424,0.8028611967759199,0.6190045252298093,0.7010985069466676,0.533374520851808,0.732839974848218,0.634520214117454,0.5550210908014505,0.5486303180417281,0.4001724526356001,0.5583929552597603,0.3576278158443145,0.2463165848129958,0.2756369988965201,0.1074325540278753,0.2909150795942179,1395,702.87,0.5038494623655914,4.3838862,8.1825148,13.4893865,18.210432500000003,10.591271,2.0381608,4.223326,10.6110015,15.1366785,7.069464475,304.73705,281.597104,241.16611,178.167025,378.307255,405.70712,903.22223,1166.77104,1184.70076,1196.14813,10.908127,7.691349291666666,1383.974544,4856.54928
2018,common_soft_wheat,Castellón,1282.0,25.020657600298016,35.18430293109192,25.18941010889611,7.478638418212487,1.3693323784264495,0.2518185461236283,0.3379457624786477,0.2911025864746182,0.345805778058417,0.2596420280636774,0.1465683225218833,0.2362333495814319,0.1894427121432017,0.236444300164908,0.1503439636086079,-0.1230854713514578,-0.0370327103881991,-0.0800661906099886,-0.0488102801532666,-0.1151124687075395,1335,910.44,0.6819775280898877,7.101727,11.2122275,17.821533000000002,23.768542,13.24202125,0.73668186,3.1383998,10.646775,15.586849,5.7097370775,90.908386,97.878193,168.367987,95.18552,71.7810184,586.94976,1136.3659,1455.0033,1454.16337,1529.34333,14.398012,6.9213633025000005,524.1211044,6161.82566
2018,common_soft_wheat,Ciudad Real,2100.0,25.540821734229457,43.21070474494339,17.036367121796776,7.364130323396798,1.433797668518283,0.1894439462973185,0.1933401030391036,0.248027721339918,0.2207024090816902,0.1699038917918084,0.1112668679989809,0.1386420363951632,0.1737996971377702,0.1425551470627991,0.1034887989491479,-0.1367631912274081,-0.105496307474483,-0.0683597459148686,-0.1113309272675892,-0.1445352634838707,16310,43293.41,2.6544089515634584,5.7860382,10.00999515,18.562776,26.9320085,14.455528325,1.31204215,4.499651999999999,8.817872,7.847944,3.782277975,107.42523,248.50066,85.52158,8.018562450000001,117.48536284,599.80344,1030.61666,1484.3566500000002,1691.99834,1666.5374,15.03364575,5.007011016666667,566.9513952899999,6473.31249
2018,common_soft_wheat,Cuenca,2489.0,24.3775694278534,38.26548047834629,18.5023914290409,7.574921749070817,1.4037943711750291,0.1699087762144579,0.2089546624118279,0.2480271692678229,0.2832026114597104,0.1581764805411332,0.0917499078940438,0.1542560356981912,0.1777389639493783,0.1972401126838665,0.0917531154321294,-0.1855347786063005,-0.0839950336796691,-0.0722751755218338,-0.0527542612014448,-0.173826033468215,30453,46411.68,1.5240429514333562,3.94249825,7.920260349999999,16.487367499999998,24.274834,11.71756785,-0.6366723000000001,2.58498625,8.06697835,9.05295085,2.84797872,109.307074,229.60559,142.218208,26.9994566,95.4030534,567.30393,1021.93995,1464.48373,1615.7315,1589.81943,12.676682633333334,4.1273667650000005,603.533382,6259.27854
2018,common_soft_wheat,Cáceres,3393.0,17.110187741336116,49.48306677938192,24.119467904773227,6.249366989402125,1.4092271256290698,0.2988372841235113,0.3221663905785579,0.3223126690581394,0.2793055917248673,0.2168121228480622,0.1738892729703964,0.2245838671897884,0.2089182934912481,0.2050841899426092,0.1229974885387756,-0.1210688924111829,-0.050816923894533,-0.0352746804718408,-0.0606033290160669,-0.1758428513161881,3155,6749.58,2.1393280507131536,7.2101712,10.633235,18.8291845,26.223931,15.35288815,2.331550525,5.87560795,10.5776215,11.031794,5.4135564,110.039162,355.0564,80.908673,7.9947203,124.80446458,577.8946100000001,987.72594,1452.37455,1663.8309,1637.14891,15.600383,6.773947795833333,678.80341988,6318.97491
2018,common_soft_wheat,Cádiz,3172.0,32.30254239464251,32.14110893702688,22.84139486334083,6.959262369169773,1.41145303721279,0.2480281249191534,0.2246159788269801,0.5877144270445669,0.2949400300704932,0.2011504776527896,0.138692823487642,0.1659717620997959,0.4238199138425378,0.2050596276777969,0.1073883381942158,-0.1523918053282965,-0.0761761916651964,0.2066138156165885,-0.0195920497444649,-0.2070406743147016,1941,12070.12,6.2185059247810415,10.47604,13.381351,19.0713535,25.1252215,17.832703,5.90392165,9.219992,12.4861095,15.6255955,10.913055,103.659456,420.258136,37.830868,0.4588018299999999,142.5266296,694.9354,1096.5421700000002,1595.1053000000002,1696.1937,1766.82969,17.286562,10.843621441666665,704.73389143,6849.6062600000005
2018,common_soft_wheat,Córdoba,5200.0,27.977760955586824,35.93623331493473,18.0370448614793,6.989155646943889,1.4420640893083423,0.3301341953472401,0.2441803846894247,0.5332480707081263,0.3066336943581563,0.2089614851766274,0.2089604683919085,0.1816449945523535,0.372973613301775,0.2206894524100272,0.1230119062046623,-0.0429226660164429,-0.0586145627516042,0.1523632736288629,-0.0214931931690123,-0.1367787602888013,8103,24135.18,2.9785486856719734,7.823754149999999,11.632892,19.7913265,27.4700545,16.36729525,2.8688365,6.535458800000001,10.29012875,10.798733,6.281155175,116.472353,309.74666,57.324456,4.01753879,118.9743209,648.21182,1025.8968,1499.38634,1699.376,1717.92518,16.575436274999998,7.175911233333333,606.53532869,6590.79614
2018,common_soft_wheat,Girona,3702.0,24.476401855517217,35.04049237182743,36.777612495839975,6.784815616004859,1.2801373830084133,0.4121123850270841,0.3301031271469588,0.65427265824281,0.3946252898804307,0.2753916023369523,0.2403154140123563,0.2246577591467262,0.4883402595869572,0.2773656196324578,0.1543017426802083,0.0059080319172385,-0.0643705109105402,0.2753562945273569,0.0194027741329775,-0.0723024053067265,15840,15231.3,0.9615719696969696,5.2753611,10.1639567,17.289932999999998,22.9536445,11.382680625,1.24445137,5.50006265,12.217445,16.536738,6.8348310125000005,177.100935,211.354365,236.4762,188.68964,245.722916,490.83253,1052.70468,1339.8642,1351.64148,1275.45778,13.074709425,8.1947265075,1059.344056,5510.50067
2018,common_soft_wheat,Granada,1693.0,25.37142730345376,36.99702425585095,19.547918796864348,7.429837891956373,1.4011652536355377,0.2089900147529625,0.2636246566371734,0.3691093161688688,0.2793116224640323,0.1893931242163933,0.1191417045359542,0.2089982438829447,0.2695585788333052,0.2129104035499018,0.1190724269598819,-0.0976593554696472,-0.0136697759650032,0.0664146589056872,-0.0097229019729706,-0.0977702326967971,3993,9777.25,2.448597545704984,4.99502065,8.48316,16.346578,24.0753645,13.001048,-0.0377034,3.48778935,8.0827589,9.15076885,4.3115726425,76.898628,290.54165,94.67218,24.84969577,118.6442576,690.53379,1097.36647,1555.18565,1677.1748,1726.0091200000002,13.317036525,4.884459830833333,605.6064113699999,6746.26983
2018,common_soft_wheat,Guadalajara,2968.0,23.64379090165741,34.41609728768813,21.88481025817056,7.33873430562416,1.3712528918954368,0.1816171788495656,0.2206886018151584,0.3262037851218537,0.3965396741833666,0.1737990859014049,0.0995740943037735,0.150392663775892,0.2363583581873765,0.2676335944326506,0.0995908215363548,-0.1835974852820848,-0.0800841665496675,-0.0292407196014707,0.037077818839186,-0.1660426237866383,74922,69192.32,0.9235247323883506,2.72005505,6.939118199999999,15.290196,22.9098625,10.448427375,-1.09330044,2.10831365,7.714150500000001,8.0435455,1.895392335,130.125683,229.206195,159.14784600000002,22.9887535,91.091313,502.02505,997.61694,1428.0545,1593.3746,1513.84172,11.45934775,3.4272489800000003,632.5597905,6034.91281
2018,common_soft_wheat,Huelva,3822.0,21.64026163403111,47.16316770994197,22.531403594582663,6.4534755998146105,1.4502325065903123,0.326167695432999,0.2910273046629802,0.4435067383215337,0.3730543908472561,0.1932826157037847,0.2010768972822691,0.2089544706744069,0.3184210528349227,0.2675604353265892,0.1151762740784844,-0.0722876645141342,-0.0566757707024862,0.0800793387887396,0.0098316834346846,-0.1621538169254375,2275,4183.24,1.838786813186813,10.0493655,13.033534,19.7633075,26.5883625,17.9692455,4.1683843000000005,8.1520829,11.711212,13.174225,8.25111475,85.475965,285.34533,64.749171,5.8551204,92.4717232,674.91693,1050.32931,1503.90045,1688.6086300000002,1743.77607,17.562176750000003,8.951355616666667,533.8973096,6661.53139
2018,common_soft_wheat,Huesca,3603.0,26.58874404243393,30.187439148002905,33.42726025881975,7.267331212487676,1.316439111840041,0.2675774144860902,0.2636660630935564,0.5918214667919094,0.3808738313847206,0.2011671922899742,0.1582296870671457,0.1894348306738943,0.4433686138032697,0.2636594893217023,0.1191276861480213,-0.0976164567670816,-0.0839871378187199,0.1816244433191008,0.0331654831048049,-0.1191339675409616,46218,81183.89,1.7565426889956297,3.10485925,7.373894999999999,15.569757,21.9611885,9.741327475,-0.8967860999999999,2.59770989,9.8962145,12.72374475,3.57826519,156.588447,295.51952,230.82021,105.055897,189.291458,540.8891600000001,1042.92632,1396.5641,1495.90254,1432.29942,11.248725783333333,5.24623557,977.275532,5908.58154
2018,common_soft_wheat,Illes Balears,1905.0,27.33129873118016,35.992629600353304,28.276301755714144,7.242465755966496,1.379667115707908,0.4589623691407133,0.1933650228310796,0.4824662991710542,0.2559108813257753,0.2930583739422953,0.2850533628384821,0.1347133607129542,0.3339221432664962,0.1699016630992945,0.168007670733162,0.0566056067611848,-0.1543182792638704,0.10733293846028,-0.1113288350382272,-0.0683809750065759,5920,5139.73,0.868197635135135,11.21477775,14.033608999999998,20.100514500000003,26.4950435,17.1818225,6.7945775,8.9512935,14.6653975,19.5931455,11.910891325,140.79197,106.175839,75.8991,33.9008857,179.42553,552.57804,1166.49696,1552.2395,1534.49193,1444.5722,17.701264958333333,12.304366108333332,536.1933247,6250.37863
2018,common_soft_wheat,Jaén,4000.0,30.688116173516992,29.78343230591621,19.18514732549988,7.46462718569945,1.4138276559180596,0.3299680054578667,0.2871240388556049,0.404302556620233,0.3066487559263585,0.3105690053833016,0.2012466685130604,0.2128764854400985,0.3244351876762625,0.2167611127117909,0.1972507828507636,-0.0039253594993459,-0.0449164485100758,0.0605287936553306,-0.0527260053386709,-0.0292608591403989,1325,2634.5,1.988301886792453,6.0841073,10.0652035,18.4526885,26.4392435,14.67460405,1.4395161950000002,4.96189425,9.17578925,9.1010793,4.350529725,109.66518,312.52609,87.369407,12.41716683,141.0728705,643.01862,1013.43014,1487.91936,1684.80426,1696.1893300000002,15.06507515,5.563223074166667,663.05071433,6525.36171
2018,common_soft_wheat,La Rioja,5191.0,28.12442067559485,29.71901618110145,25.75944795249755,7.2019767906766194,1.3299673371068308,0.2675989507706415,0.3183237441565216,0.4393594750989958,0.423722193660545,0.2441131123262717,0.1425420132671732,0.212916091117971,0.3145038575498685,0.3066235738078319,0.1210798906022366,-0.0820253840754796,-0.0214572133044133,0.0840012061626097,0.0976101481626828,-0.089841860573109,32910,24284.81,0.7379158310543908,2.5761835,7.0765215,13.556596,19.166994,9.5769631,-0.0307499999999999,2.785956875,9.45913685,13.4444415,4.1257535925,232.20579,237.830924,249.524575,126.607188,177.718881,435.86592,976.93383,1279.154,1417.7386499999998,1289.56906,10.255036866666666,5.651715401666666,1023.887358,5399.26146
2018,common_soft_wheat,Las Palmas,1479.0,25.810032702265115,43.41993635882721,20.35506831674174,7.67681131541121,1.3702478585894209,0.3183305819549591,0.2989320485897473,0.3732320367557178,0.2872856779042639,0.1872235591006102,0.2120863868370856,0.2088985213396444,0.2989863519905414,0.2088534597421058,0.1089329507508985,0.1618253874655159,0.0644769233270568,0.1773160380185136,0.0717875612737399,-0.0252826441826872,118,104.27,0.8836440677966101,15.4194,16.901989,18.361153,21.526315,20.37736275,10.3942795,11.670929,13.330976,17.009694,14.37355325,66.187455,15.762348,14.447502,7.0781004,25.6966433,861.8163199999999,1374.4815,1565.02265,1590.6978,2047.92263,18.82726375,13.5254975,129.1720487,7439.9409
2018,common_soft_wheat,León,3532.0,21.7109395695188,41.01995601706934,40.73160813987658,6.364580219073536,1.2637501117939414,0.2051075474452613,0.4569996863051682,0.3183515030086392,0.4003506236841171,0.1816014505582233,0.1073658611841811,0.2929388064278472,0.2089432922200794,0.2714899283320003,0.0996141020750022,-0.167990917288084,0.0820313461837838,-0.050817802923262,0.0273549031974005,-0.1836196090227107,41512,46343.47,1.1163873096935826,2.4542068500000003,5.4357945,13.4202205,18.817332,9.693024925,-0.4495748799999999,1.9452582515,8.136148500000001,11.1657865,3.340686975,144.17828,282.55131,203.50959,75.74754899999999,212.83486,443.49915,949.46666,1309.0136,1419.02539,1344.04312,9.91893395,4.579832053583334,918.821589,5465.04792
2018,common_soft_wheat,Lleida,3738.0,26.80088779228917,29.478447761727296,36.8381330183701,7.17928910655981,1.3082891532821035,0.2871262099230879,0.2831913360275647,0.5918252596294639,0.3456619664003153,0.2245480956440396,0.1620843096940089,0.2050665948420785,0.4472470215920222,0.232413761572957,0.1347447007325797,-0.0996079717551872,-0.0605401791689841,0.1855325295937987,-0.0058476880250411,-0.1191547379205265,61587,56950.69,0.92471934012048,2.655324,7.319102750000001,15.2392635,21.183362,9.258661175,-1.35638946,2.27448809,9.7888175,13.554783,3.454360125,153.91395,234.651505,253.08501,153.161024,156.872776,530.2051,1074.45207,1371.63526,1438.5775,1394.83369,10.819062433333334,5.195069896666666,951.684265,5809.70362
2018,common_soft_wheat,Lugo,2350.0,16.86948151240638,45.92492350279246,55.1018177413162,5.189617673244169,1.159444550632349,0.7637454432382158,0.5686948811472975,0.612999052844486,0.482341096939809,0.6699022146875879,0.5746654128759122,0.3764202163288359,0.4315491349265661,0.3340243625457585,0.4106934022286906,0.326731932903564,0.0721737122045483,0.1662956132041791,0.0330966778591814,0.1996727073747318,4844,1566.71,0.3234331131296449,5.4989902,7.84662675,13.8032005,18.365924,11.093755625,3.48534275,5.04124,10.864138,14.6334505,7.509228999999999,279.33475,387.24191,197.415165,108.288864,352.86208,367.71243,825.74296,1187.96,1288.94735,1192.57442,11.283708783333331,8.173771541666667,1325.142769,4862.93716
2018,common_soft_wheat,Madrid,3092.0,23.93837642946105,42.31762860431763,19.785028990224937,7.3526634916591185,1.3807294025513286,0.2011718400273512,0.1894358517076756,0.3886595906698187,0.2987972047635779,0.1738024537036636,0.1151702376764233,0.1386368961833227,0.2949498404355253,0.1933522091864431,0.1074094738031306,-0.1523472195291871,-0.1074440811952297,0.0350940688229382,-0.0410718523326148,-0.1602223406235579,13093,20573.85,1.5713625601466432,4.322798349999999,8.64460135,17.6560835,25.34929,12.48635465,-0.0204828999999999,3.31254185,8.29861045,8.15545015,3.245557475,116.821756,221.00952,101.090534,11.1043248,74.1203173,533.67628,1013.69716,1481.1176,1645.61146,1578.27622,13.49091375,4.372872416666667,524.1464521,6252.37872
2018,common_soft_wheat,Murcia,1037.0,28.14212353531068,32.383473663801254,15.80811473143195,7.861866665395269,1.4499177163689994,0.2284604739380273,0.3222364368303839,0.2518692881238726,0.3301060525290694,0.2324081709139976,0.1465008087489489,0.2675917992641436,0.1893755370780271,0.2676023733673546,0.1522660700770875,-0.0584745635704436,0.009798762649115,-0.0293636580082704,0.0136201985435075,-0.0586017301882732,3129,8320.69,2.6592170022371366,8.2400075,12.6511425,19.550462,25.864644,14.9767005,2.2132712,3.7804163,9.993567,14.732089,7.829434275,71.977344,66.76015100000001,62.763651,27.6791197,59.012787,663.45279,1193.2094,1558.58677,1588.1177,1624.0434300000002,16.04327616666667,7.729702008333334,288.1930527,6627.41009
2018,common_soft_wheat,Málaga,3750.0,31.4056117216678,32.82147773423947,22.06149385701749,7.10139275801547,1.3994517617706483,0.3456405509416325,0.2363541155542705,0.4082377917812403,0.2870994563139623,0.2245892137612095,0.2050960732935998,0.1660255192737212,0.2871663823055732,0.1972441828272034,0.1269002211329529,-0.0254763832698536,-0.0566145848268175,0.0663107209538173,-0.0331757649683555,-0.1055405425653369,1694,5132.92,3.030059031877214,8.5239655,11.518792,18.18434,24.9323275,15.609095750000002,4.0125319,7.1981254,11.1557195,13.8563955,9.50889985,98.428154,354.12442,52.957832,1.6354790140000002,119.949811,690.47373,1083.93025,1589.1723000000002,1707.9033,1745.58714,15.72960275,9.206762,627.095696014,6817.06672
2018,common_soft_wheat,Navarra,4790.0,31.32335790547628,24.970152669805643,31.35806266455273,6.954826134924855,1.298901861511466,0.2715240564314816,0.2559042528481978,0.6074061213228313,0.4003856915447386,0.224573046799746,0.1582042243421018,0.1738111966082759,0.4512249581029154,0.271444812749547,0.1091312558859289,-0.0742948547910767,-0.0898591952012331,0.2206989736794832,0.0664123817939769,-0.1055130229654226,48905,80066.63,1.6371869951947655,4.1998385,8.605162499999999,15.029437,20.6536395,10.406099225,1.652946815,4.2117173,10.922314,14.9470605,6.149090975,263.79193,281.41647,194.31543,148.37837,267.233964,418.9773,933.37066,1249.9263,1376.6399,1229.9728,11.550045991666666,7.3387034275,1155.136164,5208.88696
2018,common_soft_wheat,Ourense,2700.0,16.249732452434706,53.44489651287875,52.00591259343389,5.283026888645734,1.195422189596347,0.4432036518937224,0.5292230687381051,0.43969245050459,0.4316967982764651,0.3107252700702031,0.2401895977213344,0.3809569858081767,0.2635902170343202,0.2989147673104511,0.1542285756950709,-0.05919374493886,0.0839628624561663,0.0060664190025692,-0.0254428819116709,-0.1445048244251933,7183,5222.41,0.7270513712933314,4.34650935,6.9006995,14.204657999999998,19.141878,10.772703375,2.0106553000000003,4.19697465,10.173227,13.1356495,5.928278075,202.338665,447.43521,204.30648,64.591435,302.526462,414.81734,835.35803,1270.4811,1420.888,1327.47336,11.023191933333331,6.895510433333333,1221.198252,5269.01783
2018,common_soft_wheat,Palencia,3889.0,26.83553580524947,32.61265872254773,23.38300995902138,7.347835062602215,1.3561270357835948,0.2246174023154566,0.2323975725407065,0.4785120536243173,0.5918150976572455,0.1581960889873169,0.1269592437324227,0.1522229388040764,0.3595312776306287,0.4238307283092207,0.095675000178169,-0.1504398758385347,-0.1464959202970774,0.0878519440853234,0.1894679145423944,-0.2148011406775836,60420,121569.42,2.012072492552135,2.77200045,6.70739625,14.136294,19.997343,10.237597025,-0.1246239,2.6658704,8.522854500000001,11.4133685,3.406307835,123.45627,228.07012,162.25020999999998,52.8449134,132.623646,435.3742,954.82624,1361.7179999999998,1474.54676,1364.6106,10.681371291666666,4.881680861666667,699.2451594,5591.0758
2018,common_soft_wheat,Pontevedra,2200.0,15.477679748859249,54.93373770262227,61.528604799526974,5.151694305375641,1.1701479186359975,0.8264591036396858,0.6114172722977265,0.6379525307160487,0.4781661251004164,0.5805843481817258,0.6276753965992407,0.4200957509620874,0.4398068219566507,0.3222962986501407,0.3067054426700772,0.3775635677216024,0.0921175704777007,0.1662920111234481,-0.0255390866533928,0.0604655263298707,684,203.31,0.2972368421052632,7.1320495,9.1804095,15.111765000000002,19.6920065,12.2691245,4.7414449,6.47872925,11.8856715,15.31210325,8.737843675,284.34374,568.37325,173.95559,60.3013475,388.783963,413.51072,852.3945000000001,1258.12866,1366.67304,1267.6540599999998,12.609079916666667,9.315606041666667,1475.7578905,5158.36098
2018,common_soft_wheat,Salamanca,3914.0,18.109806377959167,51.23045171113789,24.86092930572984,6.12553323366478,1.3795701483018383,0.21678825561588,0.2089624230250954,0.3495689783898006,0.4472482935135023,0.1620706327801901,0.1446352144956234,0.1464399240701521,0.2479909211451987,0.3144012263857785,0.0995705328595646,-0.1132530244463404,-0.1132354632267663,-0.0098194168772371,0.0605238606116831,-0.1914642046301214,21726,63441.91,2.9200915953235755,4.185718550000001,7.816844,15.578394,22.4438935,11.96530985,0.608131625,3.7865158,9.398421,10.4126465,3.63452435,108.423085,292.48819,129.982325,14.489433,104.5605659,498.34511,958.86035,1405.0096,1635.2036,1557.55184,12.325911625000002,5.2457939375,649.9435989,6054.9705
2018,common_soft_wheat,Santa Cruz de Tenerife,1050.0,32.70205678621995,32.97358463013403,38.50748213094444,7.034813305143394,1.25841503859716,0.3732458093840382,0.4120849613266513,0.4547940777653324,0.4357743233177014,0.3535495624352842,0.2599443707168254,0.3218569196422823,0.3616401621436262,0.353396125579254,0.2440510937332329,0.1309324480917387,0.1465463593746409,0.1815398620737309,0.1542349858592533,0.1232868570447458,417,95.64,0.2293525179856115,13.256011999999998,14.969839,16.614085,20.3435365,18.456451,8.705474800000001,10.61734,12.2942605,15.5228175,13.39319875,95.829743,31.630764,25.1216405,9.438632,61.62429,865.60935,1395.4182,1617.2205,1634.06355,2045.01244,17.016062416666667,12.321048383333334,223.6450695,7557.32404
2018,common_soft_wheat,Segovia,3100.0,22.95033943412197,47.58392804435696,19.96673350457498,7.250836937457768,1.370242006893574,0.2167634716907365,0.2206808027133902,0.3613398593479272,0.4667302372863717,0.1894771967689384,0.1326841773616376,0.1600440854400437,0.2753181975942488,0.3339992109436713,0.1112905408560553,-0.1210922981842067,-0.1055720818882056,-0.0057605823395796,0.0820074987845639,-0.166033985433188,48805,67614.13,1.3853935047638564,2.46745695,6.86787365,14.7682385,22.158445,10.558264825,-0.55866605,2.3284896,8.3521006,8.8376385,2.3077119675,163.31541,244.24698,151.30628000000002,22.7957015,109.7058484,464.40914,994.08163,1437.25928,1615.2687500000002,1506.28616,11.229757291666669,3.929164430833333,691.3702199,6017.30496
2018,common_soft_wheat,Sevilla,3850.0,31.77131470630645,30.53762004011168,16.95241902290036,7.288286143117437,1.480187214073171,0.2714443793540805,0.2441355335473658,0.4902829028652384,0.3105448922753623,0.1933456990755846,0.158189837262465,0.1757171944179786,0.334034087160691,0.2089526008991246,0.1034568380727493,-0.0898298717169947,-0.0644698488623111,0.1131866065320764,-0.0195460294405915,-0.1679953605267714,14170,65331.45,4.610546930134086,9.70256075,13.128951,20.4785745,27.5046975,17.97701125,4.1525805,8.14685235,11.5237555,13.1151075,8.1361714,100.682175,301.29266,49.992965,1.92470535,108.34626327,677.1121499999999,1053.8045,1526.9133900000002,1704.2958,1746.96197,17.794801041666666,8.868439775,562.23876862,6709.08781
2018,common_soft_wheat,Soria,3625.0,24.14897133863889,38.1844620214656,21.79758516066749,7.418943188363471,1.364438552086122,0.1933098994703397,0.2558505111535816,0.3262470692019001,0.4355671595010065,0.1855313442169002,0.1034761273054119,0.165999582571771,0.236269491434025,0.2988290054856817,0.1034939425900529,-0.1757192048087734,-0.0800969126750734,-0.0331543793896916,0.0585622644598888,-0.1445738187803886,88755,92744.03,1.0449442848290238,2.0401167,6.4489324,14.0602175,20.818023,9.473451125,-1.07794886,1.871843892,7.8562467,10.0015035,2.1435852825,152.278004,206.028145,174.68504,46.053564,106.428148,469.69209,1007.00605,1418.8505,1550.06574,1432.88185,10.385698641666666,3.823135966166667,685.472901,5878.49623
2018,common_soft_wheat,Tarragona,3778.0,27.039674946850173,29.157641826116148,25.42767199008608,7.541700374846145,1.3779395177871585,0.2480824852757153,0.3495675360446212,0.3651856216802456,0.3339346731582622,0.2246011747545132,0.1465176492442122,0.2480670185581526,0.2559600504941001,0.2324374260208099,0.1386533731915523,-0.0820157031435047,-0.0215000347362236,0.0136888343888793,-0.0253486228272752,-0.0977013965679318,8995,7338.23,0.8158121178432463,7.86884175,11.90250625,19.0280955,25.09009,13.769416625,2.73487835,5.3776189,12.224189,16.9611235,7.27300335,118.95858,129.642902,135.41905,101.525413,85.364402,545.71515,1116.48947,1470.42827,1469.54054,1452.07541,15.238061125,8.640636075,570.910347,6054.24884
2018,common_soft_wheat,Teruel,2245.0,22.47443950415829,33.79777589993578,21.10040503109295,7.412077456982944,1.4040643147552672,0.1620721698057592,0.2167838227739335,0.2598013980407592,0.3573750893369218,0.1659689503778736,0.099566571509085,0.1653379936169513,0.1855287637016534,0.2597355962086397,0.1034684543175871,-0.1815961977957138,-0.0956866320574511,-0.0722335116744522,0.0097863640185908,-0.177751476305668,53228,40667.49,0.7640243856616817,3.371559,7.66793485,14.986239,21.914706,10.170244875,-1.2629504275,1.2400745,8.029456,10.928594,2.213514,88.468694,167.11375,177.59932500000002,72.549987,62.006353,554.4362,1084.3271,1411.3021,1516.03604,1538.24162,11.380154766666664,3.8937003454166663,567.738109,6104.34306
2018,common_soft_wheat,Toledo,3080.0,24.03382423807433,44.03232096632096,15.83815342941664,7.521497534421158,1.4232979965825454,0.1776999726823964,0.1855253143840301,0.3320860105992494,0.2245997805307623,0.1698782785997011,0.1052515760854549,0.13864149110333,0.2538722045519949,0.1523063193271428,0.1052650746285157,-0.1523533037197104,-0.1230264743164695,-0.0117453433542473,-0.1152228573715459,-0.1601430699222324,21380,49722.1,2.3256361085126285,5.5405318,9.810483,18.598643,26.5436975,13.83030575,1.11631729,4.4360503,8.9156765,8.5994575,4.107030625,116.195388,237.05267,83.093426,4.958112900000001,90.49512468,571.9512,1033.71765,1495.017,1674.25407,1636.84678,14.6923278,5.213593806666666,531.79472158,6411.786700000001
2018,common_soft_wheat,Valencia,2700.0,26.0008257832434,37.048684736688,22.372951102187645,7.601531685280463,1.4041003137156485,0.2011341897368227,0.3496022032798418,0.2402018283440832,0.3417839577408819,0.2323845900690897,0.1229881271896138,0.2636592158688554,0.162118366900192,0.2519760840810998,0.1425695272958232,-0.1290862024662968,-0.001979166917024,-0.0800595493929576,-0.0097956085773572,-0.0976298994505165,2533,2946.3,1.1631662060797474,7.48757,11.89220025,19.2441665,25.3897645,14.2293376,1.5313207999999998,3.56334555,10.201136,15.011847499999998,6.51557465,120.87228,81.205417,111.709606,52.6914095,68.253272,602.4428800000001,1153.9055,1513.67513,1514.88296,1571.68499,15.412062741666666,7.223133191666666,434.7319845,6356.59146
2018,common_soft_wheat,Valladolid,3849.0,25.05730563338003,44.38433851977854,16.605732397771998,7.537662389100126,1.368638307984791,0.2128983239747707,0.2167774899066072,0.4628509228643754,0.5527437759728329,0.1581503935280289,0.1191199369170907,0.152170989968192,0.3555411403027455,0.4043225366636624,0.0956697392818278,-0.1445347453946227,-0.1367761871628045,0.0898446682349504,0.1679822744901229,-0.199218168044046,40007,108613.74,2.7148683980303447,3.9397057,8.1760228,16.064960499999998,22.854434,11.4869855,0.5259981850000001,3.39773565,8.9697795,10.0843925,3.3736711500000003,101.43031,202.109764,124.224236,20.8480426,82.32778364,448.547,988.96762,1438.96069,1619.75295,1473.65848,12.334849,4.9542080225000005,530.94013624,5969.88674
2018,common_soft_wheat,Zamora,3484.0,20.944712657487724,43.92237419003452,25.184467164860514,6.42948867049523,1.3298581028586076,0.2363153410060623,0.2246054242972499,0.3691496677842291,0.4394475313223954,0.1698899313145049,0.1347389760451607,0.1522445863586912,0.2597679148422486,0.3105123979586233,0.0995532497517874,-0.1288873379958058,-0.1290151508225833,0.0098747206872394,0.064424196652672,-0.1835395877261346,36254,69855.61,1.926838693661389,4.08410215,7.5963615,15.688254,21.8438855,11.45295065,0.3874643000000001,3.37843105,8.8674705,10.51174,3.689317925,86.232605,242.94261,139.874294,25.2905406,113.5450651,472.30302,971.0495,1422.13947,1592.0765,1470.12135,12.019750741666668,5.087290283333333,607.8851147,5927.68984
2018,common_soft_wheat,Zaragoza,1745.0,28.48526921389855,27.13269446924836,19.52018178987687,7.699227047889838,1.4005314565905318,0.21285955056949,0.267589599282315,0.505895348325534,0.462868775101987,0.1894225384813382,0.1269229329828282,0.1933626483479944,0.3886770000540494,0.3457230503018971,0.1191272824475994,-0.1210937855783114,-0.0644559527814048,0.1308598348958249,0.0878949105429363,-0.1289481277298112,54407,64332.04,1.1824221148014042,5.4628225,10.031925,17.6121695,24.322175,11.9890624,1.1517041499999998,3.6655786,9.9738635,12.774227,4.6533198625,113.497453,192.65236,121.698318,41.961272,78.225172,516.13858,1058.14595,1460.73694,1547.81395,1454.2853,13.567869466666666,6.145335495833334,548.034575,6037.12072
2018,common_soft_wheat,Álava,5500.0,31.5827763496144,25.36169499958537,33.23610968294773,6.722444370732785,1.2771215689526494,0.2636120143289208,0.3339944292113241,0.548843908670445,0.6464172688938751,0.236305933732504,0.1464549262668297,0.2011683099818089,0.3963329694646616,0.4609133484023735,0.1152169734981994,-0.0800960612729467,-0.0019724180896353,0.138682224730904,0.2870741437746228,-0.0957166199451794,20083,19526.99,0.9723143952596724,3.92591225,8.06235815,13.7927985,18.943886,10.155856625,1.802937215,3.9645009,10.72548,15.0403285,6.354968100000001,278.23654,241.8831,171.96236,103.582382,271.73571000000004,377.4393,902.25092,1115.2447,1242.94364,1166.18427,10.839444691666666,7.3738638025,1067.400092,4804.06283
2018,common_soft_wheat,Ávila,3317.0,18.84587684120659,52.67248967780342,26.25381735908533,6.769433481413691,1.3472347846903128,0.1894225226296609,0.1894028772316293,0.4002422383253197,0.4316010037253978,0.1659548675726272,0.1209589085351307,0.146465596567841,0.3105386945068118,0.3027716819916242,0.1073888076756967,-0.1054821639907902,-0.1230415279058273,0.0293508867711709,0.0527584658401388,-0.1738697000114526,15452,34809.66,2.2527608076624386,2.3810634,6.3308915,14.6323075,21.925335,10.899834525,-1.2164546,2.11534732,7.97412725,8.512055,2.0025072425,149.735815,304.024136,147.48075,24.555614,104.3089016,532.18083,1016.12316,1438.00316,1635.403,1589.1245800000002,11.178211075,3.565014909166667,730.1052166,6210.8347300000005
2019,common_soft_wheat,A Coruña,2900.0,16.8174956794124,45.38603802117088,56.51798682220782,5.187478829120761,1.198658446748758,0.7009999686150775,0.6895877980060561,0.6270584803648557,0.4160383046936666,0.6700192876546115,0.4550348065890426,0.5019950939740467,0.4432193799291321,0.2676464347806321,0.4196823122589748,0.2244363013545434,0.1583128558437659,0.1602315664694808,-0.0509360611217336,0.1973560992746704,1883,702.41,0.3730270844397238,8.4633435,10.3210085,14.1895915,18.422938,13.557068,5.5801954,7.0927073,10.814987,15.0153735,10.52126975,175.351165,253.48064,158.598888,69.522525,487.544025,459.39234,943.93306,1286.7984,1313.1050300000002,1200.037,13.085169583333334,9.92430045,1144.497243,5203.26583
2019,common_soft_wheat,Albacete,2200.0,24.808089988498978,40.84869918043516,16.202073223185316,7.77704961335989,1.4307609142846458,0.1855220537414536,0.1855463101644205,0.2363411501635772,0.2558357037018088,0.1855329418635734,0.1151903206439127,0.1425557157651646,0.1659911338630251,0.1933421116368471,0.1112829170125158,-0.154299820552624,-0.0879198789984714,-0.0976636625318637,-0.0351420410614238,-0.1523580817732419,16275,59276.9,3.642205837173579,6.2062233,10.6019305,19.615392,25.455529,12.811082625,-1.10290935,1.824978635,5.7859225,10.220507,7.258483325,19.956838,141.076706,23.580062,43.266573,189.8554875,722.38199,1131.7315,1675.77885,1605.2944,1440.40624,14.583540008333332,5.2075775725,417.7356665,6575.59298
2019,common_soft_wheat,Alicante,1100.0,28.14081783274487,32.7017122972431,19.33509823066453,7.803332708707288,1.4283765640307449,0.3105545242531147,0.3183381039411978,0.3105431155010378,0.330063488096062,0.3418305330764687,0.2207254582208431,0.2557898205815794,0.2442034325131145,0.2753651531145417,0.2480123185585389,-0.0116350665145938,-0.0059009333800167,0.0058382097163374,0.013676831847439,0.0193215832017885,1013,1264.39,1.2481638696939783,9.608028,13.0994595,19.9020715,25.982953,15.59271875,2.1636154000000003,5.4170783,10.690669499999998,16.434548500000002,10.995324925,8.5037325,163.438257,21.6630076,29.687423000000003,255.796535,718.43497,1169.7147599999998,1646.8371000000002,1566.6166,1461.55682,16.629658250000002,9.449426925,479.0889551,6563.16025
2019,common_soft_wheat,Almería,1310.0,24.65662421812085,39.35405773908459,16.518651100140257,7.673561929359524,1.4301057094426903,0.3106260523922467,0.3258635134854979,0.3338549749399744,0.2986037450719845,0.380900508866329,0.2129975338995677,0.2558886867565692,0.2558160113329645,0.2440201105457726,0.2598465278292561,0.0527258686538316,0.0449340507002529,0.0683309676539465,0.0527649350364493,0.1112771128601813,1006,2146.37,2.133568588469185,8.440094,11.912969,19.74095,25.245018,14.47172075,1.50248045,4.28403415,8.8586735,13.7734575,9.52695125,12.24968,102.02138,21.435316,25.212255,249.0396505,758.41299,1209.5174,1706.5614,1624.86846,1556.99643,15.713745416666669,7.91209135,409.9582815,6856.35668
2019,common_soft_wheat,Asturias,2000.0,23.477266522142106,37.16764110781218,55.42424776536752,5.661732566724791,1.146639285545973,0.7632325056544416,0.6351854093957129,0.630925432442347,0.3927355910392135,0.5214945255902662,0.5564177447351987,0.4942945491919493,0.4509155448847917,0.267708361933568,0.2949095968811229,0.30611865454381,0.1737316751056519,0.1995920304760003,-0.0195374696128477,0.0764836407250322,27,33.25,1.2314814814814814,5.708156499999999,8.3221648,12.8730615,17.6107445,11.233533,2.47387885,4.6193304,9.43348685,14.4116135,8.201186675,266.057064,194.86672,187.786216,158.448605,380.299297,484.94823,1028.6201,1297.23897,1297.76306,1234.5165900000002,11.163532216666669,7.890113825,1187.457902,5343.08695
2019,common_soft_wheat,Badajoz,2040.0,21.418389931563453,45.44558736513142,18.433958609800072,6.540236159018335,1.4420478317211065,0.3066812069791046,0.193329612617295,0.2597594130975437,0.2167887608452847,0.2754116391958794,0.16990839618126,0.1308141692196925,0.154238616837196,0.1425381091199416,0.1325537001727753,-0.0820990713295632,-0.1035269110992655,-0.1055500439044462,-0.0977000469282987,-0.0820509726591038,30559,85398.74,2.7945528322261857,8.67562425,13.2995085,21.8383435,26.6341955,15.890722749999998,3.6232693,5.0326318,6.869424,10.5841715,8.92304375,39.32012,84.435406,4.6750403,7.0747464,216.794318,686.07407,1197.991,1701.44277,1658.07195,1506.73225,17.038186208333332,7.325930683333333,352.2996307,6750.31204
2019,common_soft_wheat,Barcelona,4103.0,26.204354638848468,32.753960683736054,29.990155084554463,7.185439990586382,1.3308924085894462,0.2558443908882904,0.2441015229807098,0.349629718953326,0.4901747200776521,0.3378773843635008,0.1504098613568866,0.1660063055242551,0.2324079062179693,0.3456983338267128,0.1854823633968357,-0.0761426308233065,-0.0761862083655363,-0.0059468086055887,0.1230692131976883,-0.0293383457555023,31119,24806.26,0.7971419390083229,5.5127270500000005,10.0311365,16.7897455,23.002158,12.496633,1.0407431310000002,4.6242751,10.050194,16.788736,9.5297852,37.936025,109.944373,118.898336,136.485762,402.973109,610.69106,1103.8304,1510.49373,1423.27074,1241.19846,13.388172175,8.593919771833333,806.237605,5889.48439
2019,common_soft_wheat,Burgos,3724.0,28.704485606590584,31.060509805013474,24.87810186587034,7.255276655331994,1.342514301757512,0.2245906694424599,0.2206677304754185,0.3691014676885296,0.5527421684556856,0.2226605014410121,0.1308462787699178,0.1464602063887407,0.259790560771457,0.4159879388311094,0.1132323087758054,-0.1347818259599804,-0.0663945305193668,-0.0117440341485496,0.175822814085332,-0.1367123819867204,200704,185308.28,0.9232914142219388,3.874326,7.849758,14.3789965,20.159193,10.6037095,0.080154115,1.98172625,6.186555500000001,11.0384795,5.964598825,110.929312,130.984726,89.776243,79.222928,225.010379,509.33075,1046.64634,1457.66696,1435.76081,1279.4703,11.24494875,5.2026855025,635.923588,5728.87516
2019,common_soft_wheat,Cantabria,2113.0,26.518497065553525,34.15904029717853,48.03415414859565,5.901187501396216,1.1880124590310424,0.7869210637959679,0.537611006188151,0.7285136729146156,0.474519489884075,0.6623358227443686,0.6270181335842393,0.3727495901721723,0.5642182125055711,0.3264971659560725,0.42439712946679,0.3538821926182919,0.053086004044235,0.3173333051863294,0.0489853834823712,0.1930944973538561,1395,702.87,0.5038494623655914,5.698243850000001,8.562664,13.2896015,18.222416000000003,11.4480144,2.2699679,4.3529558,9.10304475,14.4544345,8.1198659,235.02974,165.843837,152.75687,192.66433,304.301878,478.66368,1008.41218,1277.93561,1230.8025,1219.77937,11.444825691666669,7.736689125000001,1050.596655,5215.59334
2019,common_soft_wheat,Castellón,1603.0,25.020657600298016,35.18430293109192,25.18941010889611,7.478638418212487,1.3693323784264495,0.3183991682826776,0.3066626376866061,0.3261247135288554,0.3377966955945187,0.4278698018213997,0.1856017936683535,0.201071100674156,0.2089679117913836,0.2324295622097551,0.2637356407350549,-0.0721452821929727,-0.0605198897358919,-0.0567867125466239,-0.0331856286658114,0.0410548431433749,1335,910.44,0.6819775280898877,7.2385235,11.185131,17.883416,23.996107,13.52868775,0.101426245,3.1166232000000003,8.7037165,14.9532795,8.76972185,8.7581376,112.401014,56.844705000000005,63.006195000000005,328.536564,690.36952,1147.39551,1592.1572,1487.4306,1369.08463,14.560092166666664,7.402414857499999,569.5466156,6286.43746
2019,common_soft_wheat,Ciudad Real,1618.0,25.540821734229457,43.21070474494339,17.036367121796776,7.364130323396798,1.433797668518283,0.2011461424201942,0.1777073106687817,0.248061536573529,0.2089744381540682,0.2050676490263216,0.1190994233575239,0.1269122448621054,0.1620876538365957,0.1464633734468733,0.1152103043934169,-0.1446091267358731,-0.0976430364616674,-0.0977293737395316,-0.0957081138365581,-0.1523829480003083,16310,43293.41,2.6544089515634584,6.887093,11.7247035,21.394932500000003,27.2473215,14.073983125,0.54882652,2.77047875,4.96764135,8.12359125,7.271504999999999,35.078413,128.428909,7.7205982,18.5512303,200.060099,703.53034,1147.2229000000002,1702.53585,1648.81034,1481.55081,15.900336125,5.158924645,389.8392495,6683.65024
2019,common_soft_wheat,Cuenca,2200.0,24.3775694278534,38.26548047834629,18.5023914290409,7.574921749070817,1.4037943711750291,0.1855364982792636,0.2011590914679185,0.2597481332561178,0.2558223098191307,0.1855284773460777,0.1073849348773419,0.1503896914366543,0.1777580603107388,0.1933493704737228,0.0995731876307983,-0.1660156488920021,-0.0683499911201853,-0.0898638224291454,-0.0097485651964382,-0.1777261954638027,30453,46411.68,1.5240429514333562,4.8773817,9.359336,18.2910995,24.6460975,11.825196875,-1.7438872,0.9855943,4.52374925,8.564063999999998,5.927963875,37.022441,155.67283700000002,22.7230102,39.423461,230.499161,687.64273,1115.5925000000002,1653.82977,1595.6128,1414.16964,13.470718075,4.030908016666666,485.3409102,6466.8474400000005
2019,common_soft_wheat,Cáceres,1655.0,17.110187741336116,49.48306677938192,24.119467904773227,6.249366989402125,1.4092271256290698,0.306630621616248,0.2910887763426959,0.2050226012084882,0.2324402054615242,0.2714058746662816,0.1855337166770264,0.2129162699676569,0.1386238216264725,0.1699522839442783,0.1347012445671442,-0.0898442262481082,-0.0449110897968738,-0.1368094249034342,-0.0917774880963038,-0.1367687182447662,3155,6749.58,2.1393280507131536,7.908422,12.441916,20.778983,26.297755,15.204134,2.856089,4.88247265,6.98721715,10.6319945,8.23934715,40.514252,121.92046,11.356432,16.3009598,260.944165,642.90979,1181.64175,1661.1383999999998,1620.8891,1441.70475,16.305890666666667,6.9727446,451.0362688,6548.28379
2019,common_soft_wheat,Cádiz,3110.0,32.30254239464251,32.14110893702688,22.84139486334083,6.959262369169773,1.41145303721279,0.2441530770860538,0.1972375861277222,0.431563461515433,0.2324015523121654,0.244108748434291,0.1230441172880372,0.1425336505255606,0.2909197404202222,0.1699073212617053,0.1230374728115549,-0.1679173195398887,-0.0839826960854493,0.0272453184033268,-0.0351456943111806,-0.1758741750715606,1941,12070.12,6.2185059247810415,11.3433045,14.8267595,21.064314,25.116747,17.30498575,6.38160315,8.27732975,11.37967625,15.56751,12.56926525,48.168171,82.070198,0.98220454,2.77387796,292.70398700000004,738.25936,1235.68954,1743.01068,1657.2913,1606.38907,17.826849416666665,11.124108275,426.6984385,6980.63995
2019,common_soft_wheat,Córdoba,2200.0,27.977760955586824,35.93623331493473,18.0370448614793,6.989155646943889,1.4420640893083423,0.3378877925795079,0.2441424772069283,0.4159634148992394,0.2597217048132221,0.2714674710647931,0.2050896730596754,0.1854992928381182,0.2870981819447679,0.1855255537049716,0.1443934654486117,-0.0429558388381569,-0.0566640217050158,0.0272600977766733,-0.0410440399183519,-0.0898627248109117,8103,24135.18,2.9785486856719734,8.6541565,13.4174625,22.6296315,27.5686205,15.62585975,3.0016174,5.0050458,7.29010435,11.0826545,9.38375675,40.714407,97.389618,2.76937907,6.0383397,237.562652,718.04112,1172.92315,1737.13849,1673.26023,1534.4826,17.253598416666666,7.524489258333332,384.47439577,6835.84559
2019,common_soft_wheat,Gipuzkoa,5500.0,27.9889240972096,29.453684319887792,47.454498151563165,5.469569621568271,1.1470976944321791,0.8022421891283249,0.5892534228881425,0.5492361036777601,0.4444714535012399,0.7925457297569465,0.6585596582775144,0.465729023638995,0.3611943482522177,0.3304739615644029,0.6391169585781535,0.3608510516877352,0.195027195027195,0.1243615294639647,0.0734839809914692,0.2977588780546077,1,0.54,0.54,6.7086485,9.7195795,14.23708,19.2296335,12.534915,3.3456781,5.32768965,10.385617,15.6863315,9.41035325,291.14811000000003,167.093778,219.83225,192.16412,360.126509,447.79543,959.55145,1284.00036,1260.0605,1183.40796,12.494128583333334,8.927670458333333,1230.364767,5134.8157
2019,common_soft_wheat,Girona,4022.0,24.476401855517217,35.04049237182743,36.777612495839975,6.784815616004859,1.2801373830084133,0.3457187959871018,0.2753707887192057,0.4511887604722223,0.4160956834401181,0.4277433545734507,0.2090577355968553,0.189431183880695,0.3105070952005748,0.2987609422307758,0.2442633634815536,-0.017627841897322,-0.0762210718847626,0.0684596223357934,0.0644284353498162,0.0488067033731968,15840,15231.3,0.9615719696969696,6.04693965,10.442533,16.8530475,23.2496015,13.05453875,0.93139302,4.49659235,10.1928495,16.5928995,9.419773925,47.452191,118.056478,159.582356,132.773882,419.044618,588.49434,1098.67102,1467.63379,1389.30656,1227.63549,13.783533191666663,8.50888037,876.909525,5771.7412
2019,common_soft_wheat,Granada,1687.0,25.37142730345376,36.99702425585095,19.547918796864348,7.429837891956373,1.4011652536355377,0.2636504343932106,0.2558678818433992,0.3300555434234257,0.2714523314522774,0.275375514273067,0.1660441776058282,0.2051102030713565,0.2402635001415576,0.2089620618803887,0.1660693874610498,-0.0488764890570938,-0.009774068653182,0.0058503272182156,0.0019335161347406,-0.0507160024971348,3993,9777.25,2.448597545704984,5.9646443,9.7739335,18.9896095,24.640946,12.511723,-0.2982591765,2.48102345,6.2605471,10.138717,6.926552249999999,47.024017,131.682093,13.3668516,26.105253,255.159089,739.94193,1187.80915,1733.45317,1652.8231,1555.36342,14.065429883333332,5.405855478916666,473.3373036,6869.39077
2019,common_soft_wheat,Guadalajara,2794.0,23.64379090165741,34.41609728768813,21.88481025817056,7.33873430562416,1.3712528918954368,0.2011584314710619,0.1737953859212767,0.2871074539265153,0.3769955407858974,0.2168162306068351,0.1112685259725227,0.1308211530348318,0.1933921883840745,0.2792847449028024,0.1074009418431764,-0.1660300271684251,-0.0566632533730816,-0.0762218634554376,0.0683664195896463,-0.1660187169983187,74922,69192.32,0.9235247323883506,3.9970193,8.380563500000001,17.0515245,23.551724,11.045382375,-2.01015125,0.2116042999999998,3.4151060500000003,7.3750847,4.870110425,46.999148000000005,148.502417,34.865891000000005,43.483132,224.365216,636.85427,1112.7509,1638.628,1568.46815,1380.9103,12.511932675,3.1219774416666666,498.215804,6337.61162
2019,common_soft_wheat,Huelva,2058.0,21.64026163403111,47.16316770994197,22.531403594582663,6.4534755998146105,1.4502325065903123,0.326194802626056,0.22067695347125,0.4160026586446414,0.2987828436641263,0.2676546176452918,0.1895027579721952,0.1620449201819165,0.2910271731454,0.2207151159758571,0.1424674195405182,-0.0878072810811805,-0.0800666775230817,0.0214487434467393,-0.0332435195561752,-0.1034632923997375,2275,4183.24,1.838786813186813,10.6854745,14.97079,22.483307,26.524764,17.1937985,4.88140635,6.669436,8.94737125,12.68708,11.009143375,38.989781,70.49033,1.34678898,2.9762695,206.778884,719.2005,1217.90214,1726.41847,1679.7532700000002,1582.5882,18.17532208333333,9.200596725,320.58205348,6925.86258
2019,common_soft_wheat,Huesca,3345.0,26.58874404243393,30.187439148002905,33.42726025881975,7.267331212487676,1.316439111840041,0.263671330606699,0.2402108020334471,0.4316262928837151,0.4277594219584655,0.2597782849071861,0.1581667272096725,0.1756804762391074,0.3066664019410531,0.3027418698797088,0.1425503050675978,-0.0840045413899975,-0.0488390968013224,0.0527181510705518,0.0917788981326784,-0.1054635476861089,46218,81183.89,1.7565426889956297,3.4725574,8.6318867,16.399633,22.724596,10.822923675,-1.7216138,1.115988715,5.7328753500000005,11.659857,6.48238815,89.958456,113.10597,117.267163,124.49207,325.937939,614.2778000000001,1154.62061,1584.44115,1514.6348400000002,1325.57057,12.145753408333334,4.958647260833334,770.7615979999999,6193.54497
2019,common_soft_wheat,Illes Balears,1508.0,27.33129873118016,35.992629600353304,28.276301755714144,7.242465755966496,1.379667115707908,0.4159865491038068,0.1699089528224741,0.4043128562890083,0.2324224535238854,0.3964637564896657,0.2715128077798009,0.1230396281031955,0.2715258094372132,0.1542665041591351,0.2401922080802686,0.0293439868966502,-0.1465019345835541,0.0175195128664917,-0.1152599721721521,0.0019053331957783,5920,5139.73,0.868197635135135,11.18575625,14.171554,20.1276915,26.6421715,18.008109375,6.38371435,8.520578,13.0401775,19.2219615,13.900378875,35.520931,39.794318,32.3278269,18.6634254,294.544579,647.26068,1188.5334,1617.62116,1555.5681,1417.03492,18.023898666666668,12.494531516666669,420.8510803,6426.01826
2019,common_soft_wheat,Jaén,2800.0,30.688116173516992,29.78343230591621,19.18514732549988,7.46462718569945,1.4138276559180596,0.3692085440872456,0.2675557416043539,0.3496293572848185,0.2871332944053321,0.361256591379499,0.2284956189813489,0.2011631978218336,0.2441357506375833,0.2089643819296978,0.2167863453271966,0.0019554130522773,-0.0430036987605242,-0.0136827715051612,-0.0371012596197847,0.0059018702985692,1325,2634.5,1.988301886792453,6.97724,11.575382,21.322358,27.021903,14.2266935,0.7132747,3.4227067,6.239959499999999,9.4897665,7.589611425,63.67088700000001,135.217957,7.236254,18.758076,218.257874,715.0292199999999,1147.14806,1710.7574,1659.58214,1519.25626,15.891711666666666,5.840821708333333,443.141048,6751.77308
2019,common_soft_wheat,La Rioja,4855.0,28.12442067559485,29.71901618110145,25.75944795249755,7.2019767906766194,1.3299673371068308,0.2793213832060074,0.2597823874367225,0.3223106124769893,0.3848381021108631,0.2558188243709074,0.1660078839123124,0.1797367823601195,0.2129445318959218,0.279281370135203,0.1308410382004657,-0.0820148267727783,-0.0664034818984909,-0.0273815176008679,0.0722939513171372,-0.1133976180791001,32910,24284.81,0.7379158310543908,3.87676765,7.800192000000001,14.3110185,19.9008915,10.47199685,-0.12586154,2.0425861,6.6453879,12.003561,6.1923098,114.079354,146.36417500000002,110.795986,116.865979,247.950778,537.39054,1057.3221,1442.73535,1434.758,1281.1028,11.138810558333333,5.49171551,736.056272,5753.30879
2019,common_soft_wheat,Las Palmas,1330.0,25.810032702265115,43.41993635882721,20.35506831674174,7.67681131541121,1.3702478585894209,0.3343753328512601,0.3179709894287863,0.3618023351194629,0.3105236991519646,0.4548414314565294,0.2715820642639214,0.2129825381009908,0.286511072018762,0.2291062266760443,0.3259882935711734,0.1859220019615519,0.037318675500748,0.1541415553023549,0.0764707049191157,0.2283660709032365,118,104.27,0.8836440677966101,16.368907999999998,16.9220855,19.631642,21.6937115,19.87140375,9.615824,11.7722985,14.259552,16.919463999999998,14.942343,14.7567827,32.524016,6.7415152,7.8150063,82.151416,922.87156,1369.1005,1625.25925,1547.50317,2017.17664,19.059859083333333,13.74197075,143.9887362,7481.91112
2019,common_soft_wheat,León,1654.0,21.7109395695188,41.01995601706934,40.73160813987658,6.364580219073536,1.2637501117939414,0.2089252995692968,0.3496138519854924,0.2597300455611543,0.2949283776629039,0.224602740382293,0.1113105369114824,0.2207294773832596,0.1621643864030924,0.1992139522193489,0.097593515225429,-0.154326563279514,-0.0351707265670289,-0.1055222021170938,-0.043016170018747,-0.1757895325433368,41512,46343.47,1.1163873096935826,3.6059629,7.18083285,13.7203885,19.385971,10.06577495,-0.460863944,1.32506921,5.67725255,10.4716535,5.115410825,123.473744,130.97212000000002,89.250355,79.039773,270.94083800000004,526.9391400000001,1081.9725,1445.94255,1429.49944,1284.07697,10.670784191666668,4.5406554943333335,693.67683,5768.4306
2019,common_soft_wheat,Lleida,2662.0,26.80088779228917,29.478447761727296,36.8381330183701,7.17928910655981,1.3082891532821035,0.3183711052644267,0.2715110084691784,0.4785151850916664,0.4511723018719869,0.3144205995990824,0.1933108165163317,0.197299361275718,0.3398211669742457,0.3222661828479035,0.1738257098208346,-0.0566475620424599,-0.035285242576809,0.0820697153466068,0.0957262826753139,-0.0742792164268276,61587,56950.69,0.92471934012048,3.2883219,8.3618905,15.878058500000002,22.0036305,10.40095215,-2.3467296,0.9173898,6.192187499999999,12.750363,6.4384357,58.64361600000001,98.000537,118.084657,138.554826,337.324567,612.2402500000001,1142.07636,1551.56781,1468.90026,1309.82568,11.72230095,5.0650136833333335,750.608203,6084.61036
2019,common_soft_wheat,Lugo,2600.0,16.86948151240638,45.92492350279246,55.1018177413162,5.189617673244169,1.159444550632349,0.7596927405895292,0.6386141062325813,0.6345389486198736,0.404259121909339,0.6197478799536834,0.5445514396104304,0.4707627317816836,0.440076428350927,0.2871195826020666,0.3848341547723599,0.3026985515345906,0.1311090537003732,0.1915960595624947,-0.0098976405833624,0.160367585653972,4844,1566.71,0.3234331131296449,6.1298553,8.721011,13.350772,18.3622545,11.888896,3.4327785,5.3420805,9.637451,13.9726785,8.643019175,187.26356,230.38196,135.85187000000002,69.73073600000001,405.51098,465.6914,960.84725,1258.33705,1347.59836,1217.54526,11.723614133333331,8.278504475,1028.739106,5250.01932
2019,common_soft_wheat,Madrid,1672.0,23.93837642946105,42.31762860431763,19.785028990224937,7.3526634916591185,1.3807294025513286,0.2324313450980023,0.162114986031048,0.3144567049978797,0.2558402060701761,0.2324335087057543,0.1308307361407434,0.1269176227847474,0.2167720666166143,0.1855041033308866,0.1209625182040501,-0.1386742551590359,-0.0761544874174535,-0.0526644760655268,-0.035200484859131,-0.1347936490241867,13093,20573.85,1.5713625601466432,5.39399385,10.407443,19.5556005,25.730394,12.81953475,-0.524553315,1.5247786,3.9956611,7.848215,6.136178225,30.01681,122.009833,13.7885166,24.4762188,204.270531,649.39113,1147.80035,1689.93826,1610.72895,1404.66347,14.454416808333333,4.186076305833333,394.5619094,6502.52216
2019,common_soft_wheat,Murcia,1141.0,28.14212353531068,32.383473663801254,15.80811473143195,7.861866665395269,1.4499177163689994,0.2753974090711321,0.3261433819016804,0.3144412731515643,0.2831645762402384,0.3144420037464952,0.1894680656869719,0.2714586924283969,0.2441754788928218,0.224576142627548,0.2226266077888549,-0.0196054112228061,0.017532168128444,0.0215100822842929,-0.001981595896179,0.0195378473599958,3129,8320.69,2.6592170022371366,8.7139635,12.54939875,20.161893,26.008831,14.78593425,1.0472782,4.2124565,9.395557,14.6235785,9.95258815,8.1025971,136.974195,17.177906,23.4063143,218.927005,742.40293,1165.0942,1673.2292,1590.7754,1481.97266,16.167659125,8.197341083333333,404.5880174,6653.474389999999
2019,common_soft_wheat,Málaga,2480.0,31.4056117216678,32.82147773423947,22.06149385701749,7.10139275801547,1.3994517617706483,0.3417970865001734,0.2128558673749034,0.3690808578889228,0.2598087507719441,0.267637516700241,0.1972385808862489,0.154255148159574,0.2440871423739621,0.1816176759364728,0.1425261199951769,-0.027429637221986,-0.0644446153956295,0.0059051063010372,-0.0332325722407597,-0.0918006860134262,1694,5132.92,3.030059031877214,9.397513,12.7981025,20.089264,25.033998500000003,15.3863755,4.72228725,6.7058208,10.3211625,14.50692,11.0584215,44.392977,104.961468,3.1821871,5.744561099999999,315.341474,724.7622100000001,1205.8710999999998,1753.87294,1664.86426,1577.902,16.348604833333333,9.728838925,473.6226672,6927.27251
2019,common_soft_wheat,Navarra,5225.0,31.32335790547628,24.970152669805643,31.35806266455273,6.954826134924855,1.298901861511466,0.3300668246507479,0.2167546807050085,0.4160123498213804,0.3886828819765601,0.3183555075888102,0.2128620868426809,0.1620770118417454,0.2988470081356871,0.2792741112317786,0.1679124263764024,-0.0351217026372432,-0.0821167492474296,0.050782640839851,0.0819928783634974,-0.0664250725602062,48905,80066.63,1.6371869951947655,5.03328855,9.1238515,15.5209205,21.102459000000003,11.75915375,1.32901,3.4807856,8.037165,13.5635575,7.920386175,167.310427,131.606166,143.813354,112.9874,261.009421,514.02563,1033.14286,1398.46796,1395.7495,1247.64944,12.383137841666668,7.041881741666667,816.726768,5589.03539
2019,common_soft_wheat,Ourense,2780.0,16.249732452434706,53.44489651287875,52.00591259343389,5.283026888645734,1.195422189596347,0.4239082788576686,0.552912794852328,0.3925386410673307,0.4237154499977931,0.4904698042292442,0.2287242241558711,0.3808049879164418,0.2441828972249239,0.3064586571693076,0.2520136976509946,-0.0453378383229772,0.0877161085324362,-0.0684698279132451,-0.0272836877004611,0.0098809328408378,7183,5222.41,0.7270513712933314,5.213717,8.289186,13.611095,19.0458145,11.4709805,1.9570602,4.0209308,8.3410583,12.915404,7.3274465,148.180549,222.86363,95.903256,69.352707,396.562646,506.88882,1000.01002,1379.37654,1440.64038,1271.3845,11.51696225,6.981557716666667,932.862788,5598.30026
2019,common_soft_wheat,Palencia,2727.0,26.83553580524947,32.61265872254773,23.38300995902138,7.347835062602215,1.3561270357835948,0.2207211454598878,0.1972393985540639,0.3691419928228026,0.4042737742996835,0.1699008073070624,0.1308373536443849,0.1386260413815921,0.2637073857736441,0.2909930897857486,0.0995688927948636,-0.1543011280753768,-0.0976840602238213,-0.0195106273187148,0.0585501790831828,-0.1855429827240715,60420,121569.42,2.012072492552135,3.8912767,8.09962315,15.146946,20.6369165,10.729193825,-0.1579627549999999,1.4703084350000002,5.21758715,10.285219,5.606189175,77.336354,112.683817,72.66942,69.384435,212.375785,522.20384,1078.78223,1494.59124,1463.8613,1308.34441,11.538858333333332,4.67125503,544.449811,5867.78302
2019,common_soft_wheat,Pontevedra,2200.0,15.477679748859249,54.93373770262227,61.528604799526974,5.151694305375641,1.1701479186359975,0.7869241822122902,0.6190671727644163,0.6305494912896141,0.4630136748043894,0.7871813881088161,0.5805015484103634,0.4353267070940186,0.4390816828934871,0.3143420713013555,0.5526438852077609,0.3032789316528267,0.0917612886756791,0.162616543966971,-0.0334348875867299,0.310733328824414,684,203.31,0.2972368421052632,7.3410339,10.1127625,14.416392,19.044159,13.2899475,4.6312155,6.704071000000001,10.495697,14.8584085,9.9479165,175.174313,318.62386000000004,132.668542,66.333805,551.8188299999999,490.44091,974.26333,1356.75886,1399.01477,1243.37435,12.915707066666664,9.430870833333334,1244.61935,5463.85222
2019,common_soft_wheat,Salamanca,1638.0,18.109806377959167,51.23045171113789,24.86092930572984,6.12553323366478,1.3795701483018383,0.2362344083782878,0.1777436800738955,0.3730348392613823,0.2870884402988087,0.1659771135355809,0.1464693237852348,0.138643916954286,0.2714897661717962,0.2167898302300163,0.1073552209358751,-0.1347843592073491,-0.0898668768707606,-0.0137013090235144,-0.0274271423258683,-0.1757868467346175,21726,63441.91,2.9200915953235755,5.1193335,9.44757825,17.224007,22.7661355,12.285522925,0.8632649499999999,2.7468749,5.394107999999999,10.2049175,6.214686025000001,44.999173,114.350621,27.345953,43.044847,215.109504,591.25917,1152.8955,1623.37653,1598.24423,1393.66476,13.188016683333332,5.273089566666667,444.850098,6359.44019
2019,common_soft_wheat,Santa Cruz de Tenerife,945.0,32.70205678621995,32.97358463013403,38.50748213094444,7.034813305143394,1.25841503859716,0.432077466103245,0.4042529821336698,0.4432631368855045,0.4400018240372554,0.5370673217450688,0.328383997979883,0.322252146783725,0.3693751875648721,0.3458285086540776,0.396145374049081,0.1895652528771167,0.1266905414623778,0.1936571374034656,0.1426232005164778,0.2400202707790796,417,95.64,0.2293525179856115,14.415436,14.721222,18.002675,20.6850085,17.75690675,8.141144,10.2245175,13.1706845,15.630361,13.330576625,20.534536,69.930477,14.71441,10.602491400000002,107.9108645,933.76144,1370.26206,1665.10833,1624.6753,2058.0854,17.223025833333335,12.304643375,223.6927789,7651.89253
2019,common_soft_wheat,Segovia,2107.0,22.95033943412197,47.58392804435696,19.96673350457498,7.250836937457768,1.370242006893574,0.2167978232672338,0.1855252580064061,0.3418071415914553,0.3808269500156008,0.201115851914023,0.1386385298019627,0.1425030484414702,0.2558152089678152,0.2948887654503585,0.1191176089259407,-0.1621431825312543,-0.0742188348275063,-0.0506655550806054,0.0351638019600078,-0.1621119662252829,48805,67614.13,1.3853935047638564,3.92909465,8.288091000000001,16.519119,22.9476555,11.217524225,-0.83883023,0.7737764299999998,3.9526801,8.1498045,4.995533075,68.358357,123.712522,39.974457,33.312478,208.608757,589.83925,1134.3136,1641.61063,1584.36011,1390.03308,12.3531681,3.671416158333333,473.966571,6340.15667
2019,common_soft_wheat,Sevilla,3317.0,31.77131470630645,30.53762004011168,16.95241902290036,7.288286143117437,1.480187214073171,0.2714564230696559,0.2480155451267837,0.4043076768774158,0.2636786126946938,0.24603467455398,0.1503528232422469,0.1777384304606346,0.2715270220229181,0.1855386267386067,0.1191027563261643,-0.1054771013891155,-0.0644542607558634,0.0195397138809461,-0.0430129675001438,-0.1446324563511791,14170,65331.45,4.610546930134086,10.4656775,15.143517,23.236512,27.4097445,17.13384975,4.461083,6.366774550000001,9.003294,13.050214,10.999197125,31.665122,74.670759,0.7489193799999999,3.0388487,241.252591,730.8585499999999,1211.47516,1747.4245,1678.52044,1571.10085,18.42052508333333,9.146626633333334,351.37624008,6939.3795
2019,common_soft_wheat,Soria,3012.0,24.14897133863889,38.1844620214656,21.79758516066749,7.418943188363471,1.364438552086122,0.1972730955767087,0.1815978911782245,0.2831933990534616,0.4511900445156701,0.2089773791562473,0.1112898259096802,0.147089509140346,0.1933533746704211,0.3262045130879954,0.1053645338045866,-0.1542961114015509,-0.0898864173186769,-0.0800831807841231,0.0918497798093195,-0.1582358695951405,88755,92744.03,1.0449442848290238,3.3236173,7.6589532,15.454780500000002,21.706338,10.3409886,-1.9024053,0.1515561999999999,3.79935135,8.8029615,4.764890725,64.790408,128.036984,70.540762,67.39330700000001,191.106219,603.3335099999999,1115.38641,1585.62946,1541.18186,1349.88849,11.470944366666666,3.3968742000000005,521.86768,6195.41973
2019,common_soft_wheat,Tarragona,2780.0,27.039674946850173,29.157641826116148,25.42767199008608,7.541700374846145,1.3779395177871585,0.2792653532458292,0.3143656672762099,0.2597281369140773,0.330103647171955,0.353499523037377,0.1737623740389588,0.2206563637754736,0.1777227755120107,0.2362735554096166,0.2167786223917785,-0.0565974635362544,-0.0332287968203473,-0.064460148898227,-0.0176137758966985,0.0038663340190449,8995,7338.23,0.8158121178432463,7.4538595,12.4642005,18.8695535,25.1850625,14.41069775,1.83013775,4.2206522500000005,9.34887665,16.6339295,10.184246225,16.978996,48.1922095,64.137442,78.809506,307.84979259999994,646.09622,1157.95164,1598.6520300000002,1493.2754,1346.02481,15.465678583333334,8.733681433333333,515.9679461,6242.0001
2019,common_soft_wheat,Teruel,1684.0,22.47443950415829,33.79777589993578,21.10040503109295,7.412077456982944,1.4040643147552672,0.2128839850905219,0.1816812230080767,0.2754194177846766,0.3339832523449513,0.2050646603973306,0.1308535233829836,0.1347428984125222,0.189434405245127,0.2519479781225707,0.1191099833870239,-0.1347674231516337,-0.0800869920616594,-0.0761688780158676,0.0214173132344667,-0.1503983041540212,53228,40667.49,0.7640243856616817,4.06308565,8.336825000000001,16.4610325,22.682664000000003,10.80483135,-2.4872748500000004,0.0901674999999999,4.24848125,9.69367275,5.4482274,30.632445,100.036722,46.481875,63.144975,235.013216,666.8743,1146.659,1614.33039,1526.98794,1383.91264,12.192211641666669,3.7402502416666663,475.309233,6338.76427
2019,common_soft_wheat,Toledo,1230.0,24.03382423807433,44.03232096632096,15.83815342941664,7.521497534421158,1.4232979965825454,0.1972505323411871,0.1659833586503736,0.2636858093682188,0.2089749900161457,0.1855138309896594,0.1230156298932028,0.1230076747609165,0.1855279716216106,0.1503663317446373,0.1053016375447416,-0.1523991547116738,-0.1230415887899406,-0.0898432725794333,-0.1054912195326578,-0.1601848008173046,21380,49722.1,2.3256361085126285,6.44585,11.567968,20.928234000000003,26.77501,13.93394625,0.615356625,2.8877514,4.79509925,8.498210499999999,7.251943375,25.860192,111.344461,5.6320889,22.897084,198.17681,677.19227,1165.63785,1707.50835,1634.9378499999998,1445.42315,15.597492416666668,5.216717420833334,363.9106359,6630.69947
2019,common_soft_wheat,Valencia,1350.0,26.0008257832434,37.048684736688,22.372951102187645,7.601531685280463,1.4041003137156485,0.2245792046906082,0.353450339588426,0.2363065187777625,0.3378883081272372,0.2675651694867207,0.1386911296890321,0.2597766938589229,0.162095209829673,0.2519132236550586,0.1660245839990983,-0.0976334184748464,-0.0058504662347032,-0.0820785545009576,-0.0019657535090634,-0.0683649252602551,2533,2946.3,1.1631662060797474,7.915473499999999,12.070965,19.2136195,25.1505475,14.07188625,0.118012035,3.33365867,9.0992565,14.864181,9.37137795,6.9862509,168.941453,38.030529,56.48790699999999,283.225826,711.74729,1135.90516,1622.6041,1529.14845,1386.13796,15.415729666666666,7.692977350833334,553.6719659,6385.54296
2019,common_soft_wheat,Valladolid,1762.0,25.05730563338003,44.38433851977854,16.605732397771998,7.537662389100126,1.368638307984791,0.2011644007251505,0.1855386399518653,0.3535476898261196,0.3417940853944979,0.1620838903989417,0.1230025077544497,0.1386186260414983,0.2636605050703633,0.2558596482049797,0.1034616373326673,-0.1680158051667892,-0.089791412153836,-0.0273207926561279,0.0273579504612033,-0.1836078775404486,40007,108613.74,2.7148683980303447,4.8087795,9.695776,17.6730925,23.297816,12.103008,0.33157348,1.5729842,4.3266909,9.609017,5.848347125,44.167142000000005,94.227314,35.66945,49.005568,172.381866,558.77549,1144.1500999999998,1613.2161,1580.68573,1374.4008,13.280246666666663,4.589493305,395.45134,6271.22822
2019,common_soft_wheat,Zamora,2210.0,20.944712657487724,43.92237419003452,25.184467164860514,6.42948867049523,1.3298581028586076,0.2440955608643302,0.1776795912935791,0.3417936187795073,0.2753896814508602,0.2168090365498502,0.1347338764053263,0.1269075161918121,0.2323905613385752,0.1972611810063498,0.1230412368924364,-0.1367404665748526,-0.1289828021821248,-0.035154993479804,-0.0273535505731475,-0.1210491814207681,36254,69855.61,1.926838693661389,4.8604692,9.3789975,16.7737375,22.332611,11.891571,0.459267745,1.87820435,4.89061185,10.059505,5.84021435,42.57161,93.815375,44.12461,53.8963,195.816691,564.38015,1139.7339000000002,1583.1271,1571.42255,1356.45665,12.8548262,4.828002940833334,430.224586,6215.12035
2019,common_soft_wheat,Zaragoza,1775.0,28.48526921389855,27.13269446924836,19.52018178987687,7.699227047889838,1.4005314565905318,0.2714509388830776,0.2402357745296064,0.3730409560987709,0.4159986083364274,0.2441365058912888,0.1777056640620593,0.1855538921746424,0.2753928224957848,0.3105269756840038,0.1386335994561262,-0.074276081107491,-0.04489703283921,0.0117316990593331,0.0840182865190875,-0.1133319606760208,54407,64332.04,1.1824221148014042,6.0616708500000005,10.8987955,18.7140565,24.6699425,12.8943555,0.255201625,2.000944675,5.5386515,11.61940525,7.465035575,43.987973,74.605105,61.33658,66.0909,204.503339,619.23988,1152.5323,1599.62856,1547.81314,1360.32696,14.355529391666666,5.7240457000000005,450.523897,6279.54084
2019,common_soft_wheat,Álava,6750.0,31.5827763496144,25.36169499958537,33.23610968294773,6.722444370732785,1.2771215689526494,0.3103514530771369,0.2832251906844901,0.4394108959260058,0.7012404255604973,0.2441075623745761,0.1855343764240173,0.1660089383010917,0.2948707867279707,0.5332582491375677,0.1170465793487623,-0.076206301252087,-0.0508447572367021,0.0332114909373738,0.3496739465318729,-0.1152631980951161,20083,19526.99,0.9723143952596724,4.74920465,8.3905401,13.915264,19.2595525,11.133895125,1.87900135,3.76179235,8.633288,13.8459635,7.749362875,183.743382,131.82896,119.720617,108.322888,253.541733,467.60367,985.2405,1312.8551,1295.9338,1205.36482,11.430391916666666,7.269795158333333,797.15758,5266.99789
2019,common_soft_wheat,Ávila,1361.0,18.84587684120659,52.67248967780342,26.25381735908533,6.769433481413691,1.3472347846903128,0.2597648828804059,0.1660080640483235,0.3965710289176375,0.2597554745289382,0.1698651566548775,0.1815743710137907,0.1347924003820657,0.3183550323919183,0.2011525119926231,0.1073932881244765,-0.1113480020464727,-0.0917560785248747,0.0038789599824729,-0.0430139218117031,-0.1836178162401676,15452,34809.66,2.2527608076624386,4.100179649999999,8.162393,16.64727,22.46939,11.13470425,-1.10082165,1.0587271500000002,3.7680882,8.0822975,5.064067525,50.043411,131.844843,23.100213,37.117242,248.808408,624.2230999999999,1170.0286999999998,1679.27551,1608.08736,1408.83893,12.274773525,3.656071041666667,490.914117,6490.4536
2020,common_soft_wheat,A Coruña,3040.0,16.8174956794124,45.38603802117088,56.51798682220782,5.187478829120761,1.198658446748758,0.6463526544197443,0.7049994523177713,0.5996959016435595,0.4159920430648223,0.6659583692331239,0.4292521482027814,0.5057515431377048,0.4204097024177366,0.2676479790753961,0.4198662149308781,0.2285718558003118,0.1856206534971244,0.1426568039658973,-0.074078100035169,0.2129431957499444,1883,702.41,0.3730270844397238,9.578972,11.01835175,15.639312,18.732733000000003,12.97997175,7.223199,8.365027,12.390184,14.815606,10.319650675,225.252206,250.14817,115.37213,96.735883,788.317054,426.31049,851.12516,1307.58355,1385.323,1030.23185,13.488218708333331,10.572219558333334,1475.825443,5000.57405
2020,common_soft_wheat,Albacete,2550.0,24.808089988498978,40.84869918043516,16.202073223185316,7.77704961335989,1.4307609142846458,0.2069496084040576,0.1737721084663052,0.2558393236519006,0.2636699059613325,0.1933217381351486,0.1347601923127044,0.1269352364098328,0.177699627853052,0.1855352082114994,0.1151979982137351,-0.1269518434352092,-0.1348061370396011,-0.0664526524094153,-0.0527307936322248,-0.1367470010171577,16275,59276.9,3.642205837173579,7.6876845,10.617282,19.387044,25.855485,13.00069,3.1952392,5.46256685,8.23930685,10.1700875,7.2375757,62.183394,184.25084,76.95491,22.395018,252.599545,649.4231,978.56698,1601.6955400000002,1622.91655,1426.74642,14.924812583333331,6.9237253,598.383707,6279.34859
2020,common_soft_wheat,Alicante,2500.0,28.14081783274487,32.7017122972431,19.33509823066453,7.803332708707288,1.4283765640307449,0.3456967545158219,0.3183773680282687,0.3613621010929531,0.330088884730179,0.3495235975284126,0.2442302502873905,0.2558114918975635,0.2715480036068597,0.2636703234207349,0.2518825463143135,0.0194865108941334,-0.0215771158361445,0.0351098181354929,-0.0098373319126336,0.0136601151246547,1013,1264.39,1.2481638696939783,10.672216,13.3549915,20.810033,26.048006,15.97342925,5.97063945,7.931538,12.5371675,16.3594065,10.607030225,109.6595312,164.156194,100.38053,15.8596935,346.029938,691.2873500000001,1074.65429,1605.6842,1585.64603,1512.03361,17.138684166666668,10.668801983333331,736.0858867,6469.30548
2020,common_soft_wheat,Almería,2376.0,24.65662421812085,39.35405773908459,16.518651100140257,7.673561929359524,1.4301057094426903,0.3848038116841756,0.3222576432164459,0.3730893707427307,0.3652655520698104,0.3534306703509159,0.2597228662262419,0.2519484160257763,0.2675384376815038,0.283209354069397,0.2403589618307197,0.1074821995433974,0.0331058191587116,0.079994163221284,0.0682250038231866,0.0682046629239476,1006,2146.37,2.133568588469185,9.7085808,12.2577215,20.1991875,25.5908005,14.83761225,4.1732229,6.65086975,9.513018,13.475512,8.840638125,53.963656,138.71854,52.597249,13.0373174,223.027802,736.95642,1087.87296,1668.0066000000002,1633.34051,1616.34197,16.2385858,8.582316483333333,481.3445644,6742.51846
2020,common_soft_wheat,Asturias,2000.0,23.477266522142106,37.16764110781218,55.42424776536752,5.661732566724791,1.146639285545973,0.6503525558836518,0.7089189340156319,0.5994182965132667,0.4003500282207368,0.7517718802050402,0.4823360425153885,0.533430634770943,0.4093373024137799,0.2673983290003504,0.5256747310853737,0.2519385700471134,0.2091114526335013,0.1445272654312865,-0.0213727304540171,0.2714252770235844,27,33.25,1.2314814814814814,7.3548995,9.1429067,14.343074,17.5688035,10.7311714,3.8942859,6.34093405,11.235237,14.217493,7.7837657,134.20378399999998,269.02475,208.66773,154.327956,789.636915,474.35162,893.64429,1282.6215,1353.51723,1080.35226,11.64533775,8.542580225,1555.861135,5084.4869
2020,common_soft_wheat,Badajoz,3158.0,21.418389931563453,45.44558736513142,18.433958609800072,6.540236159018335,1.4420478317211065,0.3496441265345745,0.1972417715273196,0.2694849811736269,0.2246033173404991,0.1933515329002433,0.1972266126188926,0.134716884838342,0.1778750998183675,0.1464630055915235,0.0995870517377068,-0.0585777878445219,-0.1113389534454883,-0.082006797182668,-0.1054963836203924,-0.1679545870724489,30559,85398.74,2.7945528322261857,10.229601,13.311532,21.444989,28.383689,15.9458835,6.2322125,8.0100015,10.1977585,10.016449,8.52648915,45.2271993,166.62026,42.599674400000005,10.4934697,199.694803,612.51266,990.44618,1588.461,1706.79889,1472.46567,17.543596333333333,8.584899966666667,464.6354064,6370.6844
2020,common_soft_wheat,Barcelona,4545.0,26.204354638848468,32.753960683736054,29.990155084554463,7.185439990586382,1.3308924085894462,0.3847908770282208,0.3222503440745317,0.4277260780906262,0.4512150701351533,0.2676240521365308,0.2402554858072459,0.2285174646186152,0.2909702258692455,0.3260706059859072,0.1464656702016339,0.0097407359863322,-0.0527496874616621,0.0604047185104469,0.0996439823513633,-0.076142328537433,31119,24806.26,0.7971419390083229,7.29887715,10.422708,17.40503,22.5248145,12.596449875,4.1233015,6.588142250000001,13.2950915,17.2039785,8.840832,156.719801,204.92948,208.11834,151.471094,394.26478,565.34286,933.46502,1349.5330800000002,1413.47765,1330.80999,13.807388233333333,9.815362958333331,1115.503495,5592.6286
2020,common_soft_wheat,Burgos,5215.0,28.704485606590584,31.060509805013474,24.87810186587034,7.255276655331994,1.342514301757512,0.2792843014194542,0.2167691709715417,0.4316934282049934,0.5917976977501054,0.2363294345025885,0.1738340355470298,0.1464269460772937,0.3144146051022378,0.4082296873892657,0.1269484532047085,-0.0898692925282698,-0.0976872645511766,0.0429430563230157,0.2304099965033153,-0.0742254592168775,200704,185308.28,0.9232914142219388,5.5387872,8.71795315,15.0272555,19.7878,10.238770425,2.4714389,4.83608455,9.3216425,10.917885,5.868745775,61.686453,206.56379,146.02198,62.948506,344.369008,466.1381300000001,919.21924,1360.8227000000002,1480.47615,1176.10925,11.591556116666666,6.54742375,821.589737,5402.76547
2020,common_soft_wheat,Cantabria,2260.0,26.518497065553525,34.15904029717853,48.03415414859565,5.901187501396216,1.1880124590310424,0.8692449553104947,0.6462726507157126,0.6895571205324242,0.4862882239130339,0.747904925859397,0.6971282232986066,0.4785485063405529,0.5172418085664863,0.3343927961165143,0.5724600714742961,0.4102762502112357,0.146400834546652,0.2439633205943832,0.040767727775105,0.3380795631654259,1395,702.87,0.5038494623655914,7.3184235,9.51850775,14.735289000000002,18.1912375,11.059505625,4.1831182,6.49564085,11.127204,14.025455,7.83964575,108.051746,276.2725,188.98559,120.884375,591.19629,464.02748,876.05144,1229.324,1266.6958,1086.5342,11.9804115,8.585118258333333,1285.390501,4922.63292
2020,common_soft_wheat,Castellón,2150.0,25.020657600298016,35.18430293109192,25.18941010889611,7.478638418212487,1.3693323784264495,0.3379684807627629,0.3339874901506919,0.3652966101264756,0.3769156383960482,0.3536001810153248,0.2049720469148687,0.2244869449944591,0.2323398595169506,0.2598294737538543,0.2010957952687859,-0.0370226535728199,-0.0487083395375198,-0.0333432919386421,-0.0098242011792985,-0.0291232553103639,1335,910.44,0.6819775280898877,8.6824125,11.24601,18.3637485,23.632111,14.10105225,3.7935974,6.6030065,12.255703,15.4043125,7.8430395,146.410688,249.13041,169.869934,49.253935,206.305804,634.54384,962.16397,1478.6762,1511.29965,1423.59155,15.021064416666666,8.9571164,820.970771,6010.27521
2020,common_soft_wheat,Ciudad Real,3149.0,25.540821734229457,43.21070474494339,17.036367121796776,7.364130323396798,1.433797668518283,0.2480382865082861,0.1737962658097727,0.2988366117295357,0.2050717254265883,0.1972284914438484,0.150381706080073,0.1269186950345544,0.2069978477098666,0.138649106656121,0.1230111877610395,-0.1055598571060422,-0.1289338322469468,-0.0274067041675139,-0.1211066077213347,-0.1132830656727793,16310,43293.41,2.6544089515634584,8.50166215,11.9544705,21.0320065,27.8899845,14.06820475,4.2127365,6.27141305,7.805132350000001,7.9965265,7.19729315,38.252317,160.21958899999998,58.448907000000005,33.901518,248.353165,632.0356099999999,995.86915,1623.53013,1660.3719999999998,1408.3955,16.252422191666668,6.780065783333334,539.175496,6320.20239
2020,common_soft_wheat,Cuenca,3048.0,24.3775694278534,38.26548047834629,18.5023914290409,7.574921749070817,1.4037943711750291,0.2050443675778362,0.1972258065883123,0.2480630445599475,0.3144443226178872,0.2011607134196487,0.1191097055507031,0.1464637897437242,0.1660414787467342,0.2207139714102046,0.1152177954917238,-0.1386726909629138,-0.11136104972747,-0.0820723775847596,-0.0019872841519369,-0.1210962886570621,30453,46411.68,1.5240429514333562,6.43236135,9.53144,18.162713,24.526988000000003,11.79265175,2.23565805,4.9060311,7.705947,9.446866,5.956814925,40.7437824,220.47958,83.618126,35.41691,273.642854,600.98217,940.44018,1579.60625,1623.93254,1371.78235,13.706467641666668,6.034688666666667,653.9012524,6116.74349
2020,common_soft_wheat,Cáceres,2433.0,17.110187741336116,49.48306677938192,24.119467904773227,6.249366989402125,1.4092271256290698,0.4354298987423985,0.3105272122174352,0.2441679390908036,0.2871117524574816,0.2441253794831139,0.2676421595898753,0.2206676038657382,0.1541961654852703,0.208980421138033,0.1308194795060102,-0.0039751365930241,-0.0488751075326631,-0.0976237318818425,-0.0722376551402508,-0.1446284166097186,3155,6749.58,2.1393280507131536,9.262417,12.60168,20.7334585,27.814435,14.9057435,5.45322635,7.6238487,10.213596,9.6248955,8.179114375,72.892068,190.58653,52.4254582,12.6079558,336.49350400000003,568.5744500000001,967.60557,1562.9727,1679.6716,1399.9685,16.703912916666667,8.212299216666667,665.005516,6178.792820000001
2020,common_soft_wheat,Cádiz,2487.0,32.30254239464251,32.14110893702688,22.84139486334083,6.959262369169773,1.41145303721279,0.2597425545589865,0.2050765349028386,0.4707865055824662,0.2715284101099047,0.1894464684683698,0.1425624652426312,0.1503315221195176,0.3164217502409304,0.1855273039946938,0.0917832515179061,-0.1367825808594961,-0.1113515844816021,0.0743351433465793,-0.0820442857885512,-0.2227227006697906,1941,12070.12,6.2185059247810415,12.475973,14.62938575,20.878273,26.572706,17.415897,8.56063975,9.8577935,13.140785,16.095554,11.9625655,55.8240137,176.969675,62.598053,2.82089635,224.302167,729.12725,1114.57704,1648.13995,1691.3022,1627.51065,18.231355291666667,11.929983875,522.51480505,6810.65709
2020,common_soft_wheat,Córdoba,3500.0,27.977760955586824,35.93623331493473,18.0370448614793,6.989155646943889,1.4420640893083423,0.392534956139737,0.240266420938204,0.4746117540761638,0.2793071854713155,0.2167061343818069,0.2480470822598869,0.1738255809379453,0.3275051557704606,0.1972681831649513,0.1152019973184055,0.0097912631283842,-0.0800744164527228,0.097632847853834,-0.0605354246740345,-0.1368120255784395,8103,24135.18,2.9785486856719734,10.397928,13.58009825,22.225666,28.9916465,15.964972125,5.86446275,7.740313499999999,9.7701995,10.803626,8.672599775,42.688292,152.706695,46.5511477,15.0914733,221.703228,667.59332,1006.34816,1638.96135,1693.9119,1485.73563,17.854213833333333,8.587300216666668,478.740836,6492.55036
2020,common_soft_wheat,Gipuzkoa,5710.0,27.9889240972096,29.453684319887792,47.454498151563165,5.469569621568271,1.1470976944321791,0.7725313088988027,0.5175418963054064,0.6574955001285678,0.5139296478618937,0.8473562993345338,0.6389188850213063,0.3879261831183317,0.45205070280386,0.3947255869694085,0.6545364410789799,0.3377814338575972,0.0734977327630451,0.2216521840575615,0.0872139273048368,0.3547805526994825,1,0.54,0.54,8.265023,10.6997935,15.8201875,19.1017485,12.40697975,5.0682122,7.286718,12.3871825,14.8458115,9.134252475,126.536464,279.55781,210.16262,103.134479,652.576276,449.4865,883.01242,1252.1455999999998,1274.30907,1093.894,13.116785333333333,9.642738191666666,1371.967649,4952.847589999999
2020,common_soft_wheat,Girona,3272.0,24.476401855517217,35.04049237182743,36.777612495839975,6.784815616004859,1.2801373830084133,0.5175744296227959,0.4003898702515902,0.5192151035973654,0.4199006494133228,0.3691298710627149,0.357413126349635,0.2869910444579363,0.3555165975041913,0.2909790145226298,0.2070679469790647,0.123070508259904,-0.0175986647847178,0.1132468184280414,0.0409452890753997,-0.0020511644415646,15840,15231.3,0.9615719696969696,7.7295003,10.473725,17.4191075,22.442625,12.831915125,4.2427062,6.8685665,13.0947105,16.804968000000002,8.879607,243.731635,248.882224,246.122395,184.05983,494.267275,539.36654,902.48126,1290.46434,1372.79525,1286.08094,13.954798008333333,9.795027533333334,1417.063359,5391.18833
2020,common_soft_wheat,Granada,2207.0,25.37142730345376,36.99702425585095,19.547918796864348,7.429837891956373,1.4011652536355377,0.3027210440749966,0.2597580030609499,0.3847816034668038,0.3339844938131289,0.2558341936921148,0.1933907901439923,0.1972666687527541,0.2617315133733571,0.2402005131250053,0.1581971018413988,-0.0194907667349186,-0.0410532391970561,0.0644358816739813,0.0097931471634396,-0.0507496096056905,3993,9777.25,2.448597545704984,7.937660000000001,10.2655905,18.7368685,25.53612,12.733643775,2.102755,5.052630300000001,7.527197149999999,9.5276245,6.06903985,48.9747032,171.62429,67.260831,23.180685500000003,240.824614,725.0937799999999,1045.24838,1661.12426,1657.2339000000002,1581.45138,14.657254425,6.058047775,551.8651237,6670.1517
2020,common_soft_wheat,Guadalajara,3992.0,23.64379090165741,34.41609728768813,21.88481025817056,7.33873430562416,1.3712528918954368,0.2480048644473389,0.1972258849177946,0.310566561313788,0.46292754322677,0.2323673709306504,0.1464997401209173,0.1425478380950951,0.2050647976180421,0.3105770542758836,0.1191200350953027,-0.1230576215006394,-0.1035238148927271,-0.0585203770518833,0.103554359907794,-0.1191411934157957,74922,69192.32,0.9235247323883506,5.4143307,8.732864750000001,16.998559999999998,23.224567,10.679203825,1.38163193,4.2585641,7.456250000000001,7.67341175,4.8043999500000005,44.1936168,235.108524,110.315485,33.966117,265.00989400000003,559.7972,923.01486,1506.98896,1610.77984,1340.10866,12.621455016666667,5.063109613333333,688.5936368,5940.68952
2020,common_soft_wheat,Huelva,3106.0,21.64026163403111,47.16316770994197,22.531403594582663,6.4534755998146105,1.4502325065903123,0.4433575731033524,0.2206887802583905,0.4550314521656288,0.3144272871954386,0.1855661766347639,0.2910993586883857,0.1620428767116902,0.3223279100486281,0.2246527463344545,0.1034552512788335,0.0253987262460761,-0.1074125138627521,0.0723395333082489,-0.0527511372057935,-0.1914617899589871,2275,4183.24,1.838786813186813,12.071855,14.632026,21.906731,27.930338,17.46355,7.72805765,9.2819285,11.877125,13.1650415,10.286586125,49.4789721,159.977376,46.3536566,2.6719540200000003,171.482613,671.4735700000001,1037.80092,1614.18633,1716.3015799999998,1574.66001,18.578008333333333,10.43755415,429.96457172,6614.42241
2020,common_soft_wheat,Huesca,4593.0,26.58874404243393,30.187439148002905,33.42726025881975,7.267331212487676,1.316439111840041,0.3965228314131776,0.2675655023530252,0.5996117538247469,0.3339655318312761,0.2363005780131558,0.2558146645210504,0.1991561465606326,0.4355214331463808,0.2284906148489999,0.1329616132184306,0.0019168781601427,-0.0800797948385469,0.1933658916397288,0.009741462698841,-0.1074371610427137,46218,81183.89,1.7565426889956297,5.5085715,9.07767225,16.4977785,22.456689,10.72747935,1.64958045,4.643679,10.291067,11.5206545,5.4676963,82.70094900000001,233.82884,235.54018,65.528036,379.777458,579.61228,947.94845,1424.77063,1542.20863,1360.55177,12.499278325,6.506728925,997.375463,5855.09176
2020,common_soft_wheat,Illes Balears,1727.0,27.33129873118016,35.992629600353304,28.276301755714144,7.242465755966496,1.379667115707908,0.4237877301662806,0.1972992444725025,0.4316259637960869,0.2441390387661641,0.3651066655076333,0.2752077729590664,0.138656945389125,0.3027989434714345,0.1659779980005957,0.2303431732316544,0.052728496078218,-0.1621258447671184,0.0488079528873989,-0.1269850064021588,-0.0058437602128615,5920,5139.73,0.868197635135135,12.6922635,14.7066115,21.244666,26.238966,18.212096,9.4042935,10.353269,15.2350845,19.013462,13.40810075,85.4553583,130.895088,45.15544,12.4576465,257.117387,635.8728000000001,1145.14943,1589.76459,1532.7687,1469.7029599999998,18.551116500000003,13.470385083333332,531.0809198,6373.25848
2020,common_soft_wheat,Jaén,3385.0,30.688116173516992,29.78343230591621,19.18514732549988,7.46462718569945,1.4138276559180596,0.4004123752099901,0.2871211479453322,0.4101385946374666,0.3144115241296114,0.3730969020335798,0.259717687080199,0.2050912623803162,0.261732752870485,0.2167928492553788,0.2246883034798794,0.0488018305105069,-0.0644565692034686,0.0585035695403688,-0.0566244833967594,0.0332028234918423,1325,2634.5,1.988301886792453,8.7888175,12.079151,20.9661745,28.053204,14.30142,3.9692977,6.320399200000001,8.4060015,8.908456999999999,7.321797975,44.9059055,160.106706,65.397286,27.586736,302.096688,678.9456399999999,1003.73441,1625.3349,1657.0653,1463.02689,16.41503116666667,7.041291891666667,600.0933215,6428.10714
2020,common_soft_wheat,La Rioja,5389.0,28.12442067559485,29.71901618110145,25.75944795249755,7.2019767906766194,1.3299673371068308,0.3144121341030215,0.2832237973757375,0.3730573842772377,0.4199498424652949,0.2675893039159256,0.1894045568001175,0.2011661534071362,0.2518863952431859,0.2949282187522176,0.1386332012464704,-0.050749156741456,-0.0527561203771571,0.0194682824953716,0.083940647448507,-0.0820498178458412,32910,24284.81,0.7379158310543908,5.73987975,8.5723245,15.2681345,19.6479425,10.5231111,2.08093495,4.7944829,9.593733,11.5133925,5.71648005,63.832886,266.68896,179.325045,72.08713900000001,293.373613,502.79276,909.70117,1368.88415,1482.43627,1252.30607,11.712417241666666,6.569250575000001,875.307643,5516.12042
2020,common_soft_wheat,Las Palmas,995.0,25.810032702265115,43.41993635882721,20.35506831674174,7.67681131541121,1.3702478585894209,0.3418065886722547,0.3610460665657553,0.3330855636242706,0.3926984993147414,0.2157195572107749,0.2442768742827994,0.2362294469218797,0.2557057345935172,0.2992640104678896,0.1306288833396494,0.1466934413465075,0.0722043239982113,0.1161923044822729,0.1231689495811113,-0.0026519116573666,118,104.27,0.8836440677966101,17.1545265,17.5990295,20.692118,22.6679095,20.00525425,10.235999,12.1708135,15.20834,17.450142999999997,14.87814675,6.8343298,31.30356,10.1797664,5.5053735,32.6751524,958.02017,1362.4222,1621.97,1598.4730800000002,2057.07694,19.68734866666667,14.1369315,86.4981821,7597.96239
2020,common_soft_wheat,León,3505.0,21.7109395695188,41.01995601706934,40.73160813987658,6.364580219073536,1.2637501117939414,0.279254757210912,0.3065649965690277,0.2792317754432656,0.3300701404412647,0.2480537283139744,0.146468979424021,0.2011068792432537,0.1738397355760861,0.2206967656676547,0.1190888675964676,-0.1211136359738955,-0.0508544037106843,-0.0820920358042936,-0.0215057809414973,-0.1367305470683403,41512,46343.47,1.1163873096935826,5.01073095,7.970738499999999,14.408286,19.59508,9.23679215,1.76189325,3.9529368,8.513827500000001,10.6021155,5.142825275,75.85422700000001,219.87238,129.105914,62.426153,517.473986,475.89151,923.61945,1339.7179500000002,1494.62964,1160.50822,10.909736625,5.852737266666666,1004.73266,5394.3667700000005
2020,common_soft_wheat,Lleida,4551.0,26.80088779228917,29.478447761727296,36.8381330183701,7.17928910655981,1.3082891532821035,0.5019851410071863,0.3261605605827952,0.6660332744665528,0.4238412665529291,0.2598057591722419,0.3183654426114682,0.2363532525124116,0.4941235957364768,0.2988595639849413,0.150350397167278,0.0664002872277434,-0.0527834541952054,0.2597711126497331,0.0801005217713425,-0.0918174493668358,61587,56950.69,0.92471934012048,5.1961089000000005,8.65744995,16.077921500000002,21.5728865,10.413309,1.122118915,4.1879195000000005,10.378144,12.7841735,5.44872965,86.48605500000001,206.94791,247.01887,132.961017,313.667324,587.28045,956.85064,1387.75094,1501.93157,1369.77024,12.055164141666666,6.561635869166667,987.081176,5803.58384
2020,common_soft_wheat,Lugo,2400.0,16.86948151240638,45.92492350279246,55.1018177413162,5.189617673244169,1.159444550632349,0.6656317905945154,0.6192090048202162,0.6500168187928432,0.4121766637536807,0.7911976246119221,0.5021960466828428,0.4394699669078503,0.4626412137627793,0.2793797106177995,0.5762657139648569,0.2636204256419284,0.1113339997308984,0.1971639965955763,-0.0369894355035287,0.3245067560021017,4844,1566.71,0.3234331131296449,7.62203815,9.6004815,14.94737325,18.5484255,11.2144975,4.9428313,6.834365,11.4307245,13.8412805,8.520236225,162.33183,262.99567,149.603976,99.0345826,810.550082,443.84508,845.11124,1286.042,1414.7713,1019.751864,12.1912189,9.014945625,1484.5161406,5009.521484
2020,common_soft_wheat,Madrid,2623.0,23.93837642946105,42.31762860431763,19.785028990224937,7.3526634916591185,1.3807294025513286,0.326195202604225,0.1776943325475239,0.3613033445487535,0.2557911327594243,0.330095906525009,0.2011321109388506,0.130842617852131,0.255824346148132,0.1620624991335869,0.1894172138107325,-0.041021205840266,-0.1152442981866757,-0.0019499513550508,-0.0684060784856522,-0.0195084168714633,13093,20573.85,1.5713625601466432,6.8013825,10.562729,19.2741385,25.6900975,12.42474695,2.68362985,5.389755,7.867446999999999,8.185834499999999,6.172097975,42.1229135,190.03492,66.380239,26.460356,268.795225,562.72847,965.72418,1567.6603300000002,1633.8735,1371.55733,14.529640233333334,6.07847705,593.7936535,6101.54381
2020,common_soft_wheat,Murcia,2780.0,28.14212353531068,32.383473663801254,15.80811473143195,7.861866665395269,1.4499177163689994,0.3183447345262361,0.2988475929251721,0.3534881221127852,0.3183259319242917,0.3261868604786523,0.2207235384831443,0.2402961117258468,0.2597706608330772,0.2441256362453038,0.2324071111752761,0.0194937945458057,-0.025389490997585,0.0429085440720857,0.0059291429144964,0.0136701019595228,3129,8320.69,2.6592170022371366,9.59176775,12.6796605,20.558151,25.981461,15.13072925,4.9769775,7.188129,11.0543425,14.403101,9.64070175,73.29855500000001,157.228455,70.314806,11.5537727,295.68996500000003,698.5697700000001,1042.6303400000002,1620.2132,1608.2816,1536.98106,16.512083125,9.48399225,608.0855537,6506.67597
2020,common_soft_wheat,Málaga,2456.0,31.4056117216678,32.82147773423947,22.06149385701749,7.10139275801547,1.3994517617706483,0.3808891177309205,0.2207034613060935,0.3925712452163734,0.2792890483159599,0.2714802261192954,0.2283673255228019,0.1543259125370384,0.2695636919940766,0.1894038828965136,0.1425928374243043,0.0119448874769923,-0.0878744075579768,0.0527040113928948,-0.0605829158579684,-0.0978386663445934,1694,5132.92,3.030059031877214,10.776961,12.762396,19.854245,25.765873,15.59158475,6.9482125,8.3596223,11.580879,15.023282,10.167027125,68.68879229999999,189.886294,59.096307,7.669549079999999,238.165763,720.9721,1071.073,1656.966,1687.73726,1608.169,16.723774083333335,10.374341675,563.50670538,6744.91736
2020,common_soft_wheat,Navarra,5301.0,31.32335790547628,24.970152669805643,31.35806266455273,6.954826134924855,1.298901861511466,0.3886051789516296,0.2225905442275021,0.4941843234525326,0.439411956676612,0.3007218790743793,0.2538885256176716,0.1636122685956523,0.3475842816357538,0.3144132231417853,0.1620929914070193,0.0116739697156475,-0.0918193800311646,0.1054344429252395,0.0995840567282474,-0.0664103431158848,48905,80066.63,1.6371869951947655,6.6500132,9.88549915,16.4387765,20.8649015,11.60689215,3.5433950000000003,5.9794386500000005,11.027589,12.8064395,7.440502175000001,84.76642,241.61277,166.30115999999998,46.52656,412.75224,490.06114,905.15646,1338.6734,1432.5425,1205.67886,12.842162441666666,8.039644416666667,951.95915,5372.11236
2020,common_soft_wheat,Ourense,2700.0,16.249732452434706,53.44489651287875,52.00591259343389,5.283026888645734,1.195422189596347,0.4474666250377717,0.4706824656417776,0.3768839185024352,0.3888638419562321,0.4707920868853656,0.2442836500063623,0.3378274182203987,0.2323987979776092,0.2832278395279365,0.2519673329447018,0.00148174975392,0.0334309322170761,-0.0565503126807786,-0.0721517489512805,0.0488301383132911,7183,5222.41,0.7270513712933314,6.6778502,9.1138515,15.196268,20.0862625,10.603028675,3.8734049,5.7892262500000005,10.61009,12.69842,7.3982165,139.375813,270.63902,131.096293,49.1085415,767.06143,467.9757,866.00263,1352.6427,1517.6853,1104.23886,12.046714924999998,7.961262358333333,1357.2810975,5308.54519
2020,common_soft_wheat,Palencia,3598.0,26.83553580524947,32.61265872254773,23.38300995902138,7.347835062602215,1.3561270357835948,0.3613452413114146,0.1933351845859292,0.5605051486331052,0.4354992323871188,0.2245731159892652,0.2245808731548757,0.1386165935777631,0.412074672646137,0.2714957143661194,0.1152100279974047,-0.0565999660407806,-0.1289616791601209,0.1348023683444,0.0898867135992466,-0.1464934728405398,60420,121569.42,2.012072492552135,5.20715075,8.86820975,15.36883375,20.326501,10.06985295,2.3838579500000003,4.5896903,8.7891105,10.575951,5.635705125,51.677782,194.200407,129.46869800000002,60.09298,327.54112,458.76194,954.70646,1375.55982,1509.74946,1186.64648,11.651733525,6.268336666666666,762.980987,5485.42416
2020,common_soft_wheat,Pontevedra,2220.0,15.477679748859249,54.93373770262227,61.528604799526974,5.151694305375641,1.1701479186359975,0.7674420123939864,0.6113573114356637,0.6707333334328756,0.4822771830389527,0.806702529489951,0.5918208337201478,0.4236124754988576,0.5022692927374061,0.3338277667026507,0.600342622409683,0.3246368760314229,0.0799584756877128,0.2362527938851035,-0.0094942933351666,0.3456509294298505,684,203.31,0.2972368421052632,8.9157815,10.8277895,15.970571500000002,19.959279,12.52848325,6.59939565,8.0249737,12.496714,14.744314,9.8347778,243.05916,322.73258,138.791778,77.0483017,905.81089,451.41036,881.05993,1359.9018999999998,1479.7611,1073.63547,13.455064666666669,10.255825491666668,1687.4427097,5245.76876
2020,common_soft_wheat,Salamanca,4008.0,18.109806377959167,51.23045171113789,24.86092930572984,6.12553323366478,1.3795701483018383,0.3222192849060274,0.1855064015360649,0.4042391246975426,0.283157563009261,0.2558556000371734,0.2206662221455224,0.1425154592351454,0.2929119622410632,0.1894285448637185,0.1464719134491238,-0.0605654104702205,-0.0957323279583459,0.0273686827858284,-0.0410132548762928,-0.074193164999304,21726,63441.91,2.9200915953235755,6.5701268,9.829322,17.432114,23.75399,11.640144,3.3109261,5.59202735,8.9703895,9.059789,6.52421215,44.88008670000001,189.11237,73.452494,22.127018,346.93517,543.9987,938.14998,1517.2000400000002,1647.99143,1301.33252,13.477640133333333,6.663592708333334,676.5071387,5948.67267
2020,common_soft_wheat,Santa Cruz de Tenerife,803.0,32.70205678621995,32.97358463013403,38.50748213094444,7.034813305143394,1.25841503859716,0.4315327036019906,0.3731232016260204,0.4239116945668761,0.4745052838509694,0.447125916987841,0.3103500200362718,0.283645491726377,0.325899587691719,0.380993790074343,0.3219727319197844,0.1701391661494176,0.0995337154508319,0.15050312278296,0.1659523921846348,0.1857098450845245,417,95.64,0.2293525179856115,15.3981825,15.35615,18.665518,21.660837,18.3003845,8.99221825,10.80565375,13.776194,15.7209375,13.587372125,9.9743178,55.56563,30.461001000000003,6.6321835,64.70139599999999,972.25272,1373.4646,1641.22284,1633.6299,2086.18995,17.946909416666667,12.744957958333332,167.3345283,7706.76001
2020,common_soft_wheat,Segovia,4000.0,22.95033943412197,47.58392804435696,19.96673350457498,7.250836937457768,1.370242006893574,0.2675264194932572,0.1933051926687606,0.3769765371459283,0.3613375049541753,0.2090004001508122,0.1777398063034578,0.1425337882499819,0.2851689102494384,0.2402246223091089,0.1347437021823396,-0.1269992781285548,-0.1152362338478119,-0.0195956290482007,0.0331891223387757,-0.0976712693762613,48805,67614.13,1.3853935047638564,5.45881575,8.808425499999998,16.436927,22.535431000000003,10.60627025,1.5869574,4.39589805,8.03455075,8.285887,5.077448875,47.632324,207.465625,101.82021,36.485214,336.451243,538.79036,946.7587,1506.32489,1618.13657,1307.58936,12.408689958333332,5.409698491666667,729.854616,5917.59988
2020,common_soft_wheat,Sevilla,3500.0,31.77131470630645,30.53762004011168,16.95241902290036,7.288286143117437,1.480187214073171,0.3418172602327934,0.2246046229059674,0.3945324792256522,0.2754114122427812,0.1894340843680635,0.2148501609855033,0.1621051564818069,0.2773686064819288,0.1933511765753129,0.0956573575095852,-0.0351786041338379,-0.0996059428715388,0.0507652895439881,-0.0742338194430684,-0.1836417489555718,14170,65331.45,4.610546930134086,11.963738,14.9216255,22.7373045,28.882874,17.495177124999998,7.38433535,8.894084,11.3550375,13.409127,10.20491475,49.3514717,154.69240000000002,40.837208,5.1308792,174.276862,683.05853,1049.8404,1646.06035,1705.4639000000002,1555.75088,18.91598270833333,10.242068891666667,424.2888209,6640.17406
2020,common_soft_wheat,Soria,4273.0,24.14897133863889,38.1844620214656,21.79758516066749,7.418943188363471,1.364438552086122,0.2363315827430555,0.2168024580044545,0.3222587180316919,0.5097526523449685,0.2207138068828608,0.1464442449292656,0.1464382083226146,0.2285049621001122,0.3613377800578566,0.1112922311882582,-0.1133757566631085,-0.0957108862245976,-0.0448703624059401,0.1386817906866822,-0.1211108125866835,88755,92744.03,1.0449442848290238,5.1021608,8.1873225,15.7679985,21.381467,9.950485,1.177328025,3.8907969,7.8979133,8.531222,4.546693375,44.5512354,225.3539,133.272938,42.285957,254.457503,534.37403,924.61182,1445.72259,1592.8065,1315.46759,11.7233198,5.0984411625,699.9215334,5812.98253
2020,common_soft_wheat,Tarragona,3782.0,27.039674946850173,29.157641826116148,25.42767199008608,7.541700374846145,1.3779395177871585,0.3496777209911549,0.3613356507690647,0.3377571488273871,0.3887282978855539,0.2755359056566098,0.224600002579239,0.2597312342286078,0.2285669877602527,0.2831637478228308,0.1699217943329189,0.0097669173379596,-0.0137344256761828,-0.0058773893661387,0.0254203752588133,-0.0449382573901304,8995,7338.23,0.8158121178432463,9.0586382,12.144711,19.360487,24.982232,14.863376,5.37189165,7.61797365,13.7032855,16.2192905,9.36528265,144.440025,220.615955,135.786704,55.475698,293.926247,594.93416,961.73612,1466.6816,1535.82514,1420.54228,15.878803366666666,10.273834433333333,850.2446289999999,5979.7193
2020,common_soft_wheat,Teruel,2624.0,22.47443950415829,33.79777589993578,21.10040503109295,7.412077456982944,1.4040643147552672,0.2323936551651052,0.1855235508198595,0.341815242762105,0.3924810805486339,0.1972414729319521,0.1464985704856666,0.134715557292594,0.2402044731398715,0.2714914473720158,0.1113027103606211,-0.1113418229709936,-0.119142382849951,-0.021515480911842,0.0488522874112914,-0.1522968319641119,53228,40667.49,0.7640243856616817,5.70713495,8.766906500000001,16.609594,22.450285,11.0501275,0.77966212,4.1048591000000005,8.6323725,9.74761,4.746782175,94.7649134,218.403195,134.986494,38.352122,189.566461,622.55153,941.66057,1485.2102,1574.0932,1422.91823,12.605695908333333,5.459678011666667,676.0731854,6046.43373
2020,common_soft_wheat,Toledo,3239.0,24.03382423807433,44.03232096632096,15.83815342941664,7.521497534421158,1.4232979965825454,0.2597543465406489,0.1738099344475427,0.2714447364699298,0.2128655134521916,0.2304018052758996,0.1660086068315902,0.1269422864719984,0.1972521012690007,0.1425564787557142,0.1444515312045957,-0.0820559825346752,-0.1308623525405197,-0.0566510888756101,-0.11915275051156,-0.0898761085820303,21380,49722.1,2.3256361085126285,7.94358435,11.7187225,20.634792500000003,27.165236,13.71499775,4.024350549999999,6.37528675,8.24107505,8.710526000000002,7.308653449999999,43.672258,166.42652,57.686103,28.098098,249.680864,593.8214800000001,994.45929,1603.49334,1652.9862,1408.8795,15.815388475,6.994757541666666,545.563843,6253.639810000001
2020,common_soft_wheat,Valencia,2933.0,26.0008257832434,37.048684736688,22.372951102187645,7.601531685280463,1.4041003137156485,0.2519804841085923,0.361352239124102,0.2714035895147758,0.3496154542025836,0.2694896213217568,0.1581683299268149,0.2675805669652598,0.1816358364931223,0.2519694492559167,0.162125265613998,-0.0820304063594092,-0.0058481961096606,-0.0664629742624284,-0.0019941592915787,-0.0586045766001663,2533,2946.3,1.1631662060797474,9.38337675,11.940414,19.694458,25.1567125,14.75148075,4.429319,7.088048349999999,11.7404445,15.3111205,8.757264,117.0403595,225.52221,98.188583,29.749115,261.52031,651.67177,966.27244,1556.5263,1547.64836,1435.74855,15.946320458333332,9.347243391666666,732.0205775,6157.86742
2020,common_soft_wheat,Valladolid,4702.0,25.05730563338003,44.38433851977854,16.605732397771998,7.537662389100126,1.368638307984791,0.318350298728146,0.1855254244440351,0.5136720239738373,0.3339657230704498,0.2050657117976808,0.2128712740474471,0.1347084097861408,0.3946039274476096,0.2148210305132085,0.1210043103910399,-0.0820771028066616,-0.1289502849260949,0.1054774516854339,0.0195022627405898,-0.1367590800479552,40007,108613.74,2.7148683980303447,5.95928135,10.2072725,17.6033455,23.250264,11.446391925,2.84370285,5.16340495,8.591627500000001,9.2812915,6.1585943,33.3306742,162.726719,93.772578,39.030460000000005,260.634034,497.25918,985.1698,1477.73059,1618.5913,1268.0028000000002,13.318824533333334,6.366202566666668,589.4944652,5846.75367
2020,common_soft_wheat,Zamora,4079.0,20.944712657487724,43.92237419003452,25.184467164860514,6.42948867049523,1.3298581028586076,0.3770210116702563,0.1894161727843373,0.3965009325012629,0.2597886596694511,0.220743509829236,0.2324895200134533,0.1347353797610494,0.2753203012919176,0.169914278299884,0.1191325904011726,-0.0351232205907856,-0.1133140472970382,0.0136903885702338,-0.0585602884626554,-0.1445669661674053,36254,69855.61,1.926838693661389,6.1057435,9.87012125,17.049764500000002,22.98655,11.24771965,2.97396855,5.0223345,8.6972175,9.391571,6.1836461,38.4323594,173.48809999999995,102.52008,25.8119486,315.262305,491.84146,961.49411,1463.28084,1616.05074,1253.24608,13.084603091666668,6.4087306250000005,655.5147929999999,5785.91323
2020,common_soft_wheat,Zaragoza,2610.0,28.48526921389855,27.13269446924836,19.52018178987687,7.699227047889838,1.4005314565905318,0.3397345525326114,0.2284829794873479,0.5020122649383737,0.3808689760897349,0.2519657559368981,0.2285273048809427,0.173792720627872,0.376974233350188,0.275393574996465,0.1425863532374523,-0.0273629433694969,-0.0839950123980977,0.1230789484501426,0.0527249183151081,-0.0898567754248458,54407,64332.04,1.1824221148014042,7.39606,11.0937785,18.972287,24.446756,12.916921775,3.1575947,5.87885355,10.344988,11.152731,6.78000275,68.3748488,201.59775,122.92259,24.706312,212.295354,576.04638,938.95969,1470.1388499999998,1592.3740400000002,1392.07319,14.623787508333336,7.349028791666666,629.8968548,5969.59215
2020,common_soft_wheat,Álava,7000.0,31.5827763496144,25.36169499958537,33.23610968294773,6.722444370732785,1.2771215689526494,0.2988581229158394,0.2363396530537236,0.4356719305746068,0.5643830004649549,0.2676142736150004,0.1738672397800133,0.1659475401718532,0.2987531318304494,0.3945268859015096,0.1387069667795847,-0.0839700973750091,-0.0977616680273236,0.0292346311781042,0.216652252223299,-0.0956792980585343,20083,19526.99,0.9723143952596724,6.446958499999999,9.3705142,15.1765735,19.1076395,11.146421425,3.6062748,6.00489885,10.859499,13.011843,7.261713425,82.686643,214.549445,144.46443,55.063401,380.08281,466.43478,879.0847200000001,1278.5827,1327.33684,1146.3902,12.065754758333334,8.000990416666667,876.846729,5097.82924
2020,common_soft_wheat,Ávila,4206.0,18.84587684120659,52.67248967780342,26.25381735908533,6.769433481413691,1.3472347846903128,0.3692030021335619,0.1698496089241808,0.458893037682591,0.2519432831832744,0.2206671711450933,0.2754267763541496,0.1347436014456471,0.3651306159908176,0.1660154280730113,0.1444972552626895,-0.0273515112384346,-0.1132678819266322,0.0743262231766607,-0.0566336410340593,-0.0741779963686022,15452,34809.66,2.2527608076624386,5.7304216,8.4005287,16.495451000000003,23.0058995,10.598900225,1.396544235,4.2831131,7.45683715,7.3131825,4.931408175,49.1320353,234.56402,81.09215400000001,22.717098,344.584266,578.23749,951.95494,1536.7834,1639.3699,1360.32584,12.471683541666666,5.0520822225,732.0895733,6066.67157
2021,common_soft_wheat,A Coruña,3110.0,16.8174956794124,45.38603802117088,56.51798682220782,5.187478829120761,1.198658446748758,0.6737980637500944,0.7246805569503632,0.5646239873255556,0.3846700941118315,0.6229742689237395,0.4707649687208313,0.5214211436169267,0.3846161630014822,0.2538199150473421,0.3865228196310781,0.2477122638885139,0.1972642424674127,0.1053328447744666,-0.0665549096301965,0.1524670442254004,1883,702.41,0.3730270844397238,8.76535425,10.69333,14.1317155,17.817718499999998,13.04224275,6.36048525,6.932464,10.84138925,14.284699,10.23905615,414.0688,125.633654,189.49418,59.932438000000005,586.87798,394.74877,1033.4452,1342.38744,1325.50694,1106.68042,12.915433958333333,9.816191633333334,1376.007052,5202.76877
2021,common_soft_wheat,Albacete,2300.0,24.808089988498978,40.84869918043516,16.202073223185316,7.77704961335989,1.4307609142846458,0.1933420482193949,0.1855453959668404,0.2441370694030348,0.2284927705522747,0.1738143188780139,0.1191148356418033,0.1386453712515221,0.1738168493250809,0.160043326537253,0.1034646283853221,-0.1445611843070163,-0.1191448991812506,-0.0977258666900392,-0.0918276832270009,-0.1524171865976204,16275,59276.9,3.642205837173579,6.1797649,10.1185905,18.853163,25.7485875,12.749758075,1.97518025,3.792082,8.46757575,9.679488,5.584312625,103.126845,106.336827,107.981102,33.0768221,131.88166900000002,599.47617,1095.5626499999998,1575.26831,1623.19208,1565.96899,14.399937008333334,5.8471585416666665,482.4032651,6459.4682
2021,common_soft_wheat,Alicante,2593.0,28.14081783274487,32.7017122972431,19.33509823066453,7.803332708707288,1.4283765640307449,0.2676189717073252,0.3143762280571023,0.3300945682210049,0.3651200601981964,0.2911120659589438,0.181726270102804,0.2597702654451129,0.247940773902902,0.2949390209730442,0.1972081138675196,-0.0428070883260559,-0.005848876956904,0.0173688574220405,0.0176256960813609,-0.0274942256793649,1013,1264.39,1.2481638696939783,10.341417750000002,12.372711,20.194663,26.0539055,15.941763,4.2671674500000005,7.53099125,12.3543895,16.3321035,8.8817847,66.625191,145.25299,92.150906,25.807589,78.705769,643.29568,1091.65234,1572.25103,1566.2811,1598.31732,16.807703875,9.70803685,408.542445,6471.79747
2021,common_soft_wheat,Almería,1212.0,24.65662421812085,39.35405773908459,16.518651100140257,7.673561929359524,1.4301057094426903,0.2711768300394196,0.3493911151794113,0.369034047912369,0.3417090291385308,0.2714727288009374,0.1815894300554033,0.2715422813486691,0.2677095358299272,0.255916765687269,0.1778352070056062,0.0058646694875684,0.0486705233937723,0.0721984572607773,0.0370921833796638,0.0119712127806432,1006,2146.37,2.133568588469185,9.20025715,11.7213675,19.4583145,25.6661805,14.7448175,3.1518689,6.0296425,10.095614,13.023889,7.721324525,80.27991399999999,130.312044,82.97927200000001,12.7488697,84.803981,690.41598,1162.9401,1643.888,1632.3968,1674.64171,15.922625775,7.957277241666667,391.1240807,6804.28259
2021,common_soft_wheat,Asturias,2000.0,23.477266522142106,37.16764110781218,55.42424776536752,5.661732566724791,1.146639285545973,0.7874087450875985,0.5172932353707896,0.7050608034751286,0.4626689733945218,0.7557836356681796,0.5963412362400274,0.4164050594629226,0.5214121602716685,0.318258671602187,0.5100473326572496,0.3181773386488438,0.079913527797636,0.2609415991264369,0.0280258758076971,0.2616524471002999,27,33.25,1.2314814814814814,5.9512991500000005,8.27611665,12.816854,16.706721,10.732827875,2.8673263,4.75215685,9.86928,13.5497545,7.7554889,308.00890000000004,133.221161,281.8216,96.120417,556.902455,409.16514,982.4873,1238.92786,1367.9759,1148.5462,10.869441091666667,7.758249241666667,1376.074533,5147.1024
2021,common_soft_wheat,Badajoz,2970.0,21.418389931563453,45.44558736513142,18.433958609800072,6.540236159018335,1.4420478317211065,0.4120690973702978,0.212879638581371,0.3065914077903696,0.2363155622924853,0.3534945167214541,0.2207190834835586,0.1386552771047701,0.1816606130129095,0.1542725182687204,0.1777383458372093,0.0116655008198689,-0.1074577236231245,-0.0761774081943779,-0.0879140703268504,-0.0508255127677062,30559,85398.74,2.7945528322261857,8.826111000000001,13.9078285,21.016798,27.066869,15.52965225,5.35244735,6.3088335,8.347643,9.72808,8.15309775,132.404774,69.06265,35.859284,4.99215714,220.857542,535.61399,1135.1064,1609.1436,1705.92511,1466.8625,16.979485166666667,7.673866558333333,463.17640714,6452.6516
2021,common_soft_wheat,Barcelona,4402.0,26.204354638848468,32.753960683736054,29.990155084554463,7.185439990586382,1.3308924085894462,0.3106102212542198,0.2323762353913669,0.5643548904129716,0.2987754987167981,0.2676268212959403,0.1699379305416556,0.1621604613363594,0.3945564365975459,0.2011445687950319,0.1425954445367027,-0.0644421227932617,-0.1035295945662469,0.1541283800690581,-0.0371223700932321,-0.0977451759683882,31119,24806.26,0.7971419390083229,6.0959015,9.4807415,17.286966,22.2672995,11.7201861,2.9330181800000004,5.0622506000000005,11.713326,15.678195,7.930829425,93.344342,129.338468,120.52721,99.527542,257.43949,528.73526,1029.17332,1400.3517000000002,1378.0316,1316.70515,13.09521345,8.541408105,700.177052,5652.99703
2021,common_soft_wheat,Burgos,4922.0,28.704485606590584,31.060509805013474,24.87810186587034,7.255276655331994,1.342514301757512,0.2597262848851701,0.2441108025074563,0.388702384511396,0.5488400334148087,0.2089754630494904,0.1386404932500498,0.1659803798991517,0.2831808433118771,0.3886401314644013,0.1113010321104149,-0.089868476895333,-0.0586199514501926,0.0194762049682174,0.1757450323392707,-0.1523674263255428,200704,185308.28,0.9232914142219388,4.5232706,7.39950575,14.044987,19.080209,9.826569625,1.652886501,2.50259065,8.2167713,9.900035,5.2807205,174.93351,103.12725,143.87876,37.355026,272.77736300000004,425.8434,1004.383,1355.36776,1492.15192,1199.27913,10.7835186,5.472287408500001,732.071909,5477.02521
2021,common_soft_wheat,Cantabria,2800.0,26.518497065553525,34.15904029717853,48.03415414859565,5.901187501396216,1.1880124590310424,0.8301236725932396,0.5378480051014123,0.7325764783728099,0.4862788664801569,0.7515276906414803,0.7008452248470567,0.3653331713698901,0.600667561574993,0.3220450350257295,0.5174147257399047,0.4192557443313558,0.0760794222604958,0.3338312921917755,0.0372389612245681,0.2636406009242042,1395,702.87,0.5038494623655914,6.2876347500000005,8.35895065,13.3641575,16.8225165,11.01388825,3.0719012,4.300987,10.1419295,13.4756795,7.521404,221.49682,141.99764299999998,228.023004,127.596205,454.742913,411.29238,932.7993,1174.3027,1233.79575,1166.28964,11.143505983333334,7.672217533333334,1173.856585,4918.47977
2021,common_soft_wheat,Castellón,2146.0,25.020657600298016,35.18430293109192,25.18941010889611,7.478638418212487,1.3693323784264495,0.3027582891518787,0.3339877926212271,0.3965058994286153,0.3925405665245867,0.3376743366275853,0.1737123613107627,0.2245961480395921,0.2558351987975784,0.259805096880387,0.1971156775419019,-0.0841449195988525,-0.0605463323828148,0.0058345467150292,-0.0137207988791553,-0.0488467141433049,1335,910.44,0.6819775280898877,7.7740025,10.0637055,18.0921395,23.016156,13.295880325,2.67023775,4.7006368,11.2725295,15.670359,7.1057026500000005,80.172922,143.419722,90.241004,125.475509,201.942334,594.40876,1055.8627,1443.5764800000002,1463.90797,1481.33326,14.256294025,8.087528058333334,641.251491,6039.08917
2021,common_soft_wheat,Ciudad Real,3178.0,25.540821734229457,43.21070474494339,17.036367121796776,7.364130323396798,1.433797668518283,0.2245738653974518,0.1777063505758446,0.2636801726500416,0.1972637449513238,0.1738330191659968,0.122999782131801,0.1269204776853796,0.1699139539917179,0.1347511435696783,0.0995761457614937,-0.1133472007500324,-0.1289317308438666,-0.0800968012187498,-0.123057396501665,-0.1523559432276925,16310,43293.41,2.6544089515634584,6.98186415,12.0488855,20.7142125,27.5633745,13.7410854,3.1226346,4.0208984,6.75918985,6.93704685,5.9989755,137.36861,90.623365,36.529304,15.0534213,183.734683,572.49956,1140.29089,1609.3687,1692.84443,1505.4879,15.798417908333334,5.472953449999999,463.3093833,6520.49148
2021,common_soft_wheat,Cuenca,2948.0,24.3775694278534,38.26548047834629,18.5023914290409,7.574921749070817,1.4037943711750291,0.1971833930482028,0.2050545212500043,0.2480242775332748,0.2636519819527346,0.1698900201136912,0.1210505504437899,0.1542766260992086,0.1699166402143005,0.1777211431160183,0.0917407474245934,-0.1387165757598667,-0.0918050950139623,-0.0976648758607508,-0.0449396228367736,-0.1679679512208594,30453,46411.68,1.5240429514333562,4.6468174,8.97128025,17.498428,24.2936905,11.1686095,1.36599733,2.5688463500000003,7.812175,8.6901097,4.861565725,153.75686000000002,103.57616,97.169894,31.6325235,195.03166600000003,550.78176,1090.29644,1534.5884,1643.9397,1462.1294,12.957905858333334,5.0267099716666666,581.1671035,6281.7357
2021,common_soft_wheat,Cáceres,2489.0,17.110187741336116,49.48306677938192,24.119467904773227,6.249366989402125,1.4092271256290698,0.4003608080738658,0.4316740945041074,0.2362542433736986,0.2714706244936535,0.4004618977510857,0.2167953309557821,0.3104841152657409,0.154304957053612,0.2011766098845422,0.2167799280715248,-0.0117100922457822,0.0195601871543326,-0.1289673145550917,-0.0722402352276617,-0.0272699995213425,3155,6749.58,2.1393280507131536,7.959302,12.8854335,19.974561,26.3797735,14.45053425,4.4824121,5.8615217,8.765138499999999,9.3034775,7.778583500000001,188.00982,100.62354,56.350236,4.7431515,363.744625,517.98622,1130.1442000000002,1554.46643,1688.17261,1408.14833,16.01668975,7.328286133333333,713.4713725,6298.91779
2021,common_soft_wheat,Cádiz,2655.0,32.30254239464251,32.14110893702688,22.84139486334083,6.959262369169773,1.41145303721279,0.2636063754960278,0.197231747327834,0.4941481654386203,0.2597979291185167,0.224553955168752,0.1386442220557386,0.1425437469332135,0.3260674664796456,0.1776681281880873,0.1073877471196325,-0.1288582005118477,-0.1133739185400005,0.0664369628734323,-0.0507758964793648,-0.1914261098278732,1941,12070.12,6.2185059247810415,11.6028025,14.938636,20.945173,25.6385565,17.31848575,8.319336,9.7244735,12.323737,15.766681,11.71566225,219.15747,95.593927,22.593465,1.43279348,229.738938,627.53226,1200.56216,1660.29104,1684.34665,1639.76966,17.960356583333333,11.594258666666668,568.51659348,6812.50177
2021,common_soft_wheat,Córdoba,2558.0,27.977760955586824,35.93623331493473,18.0370448614793,6.989155646943889,1.4420640893083423,0.3301097602644291,0.2480432030971323,0.4433076065781873,0.283184167576096,0.2832704179589098,0.181611187736659,0.1816067112839211,0.2949073258158871,0.1972758344680166,0.1582159141868745,-0.0507684986470178,-0.0800711795068914,0.0429311887911523,-0.0605755221595284,-0.0820894800454666,8103,24135.18,2.9785486856719734,8.94567435,14.006403,21.7956055,28.1814175,15.60019675,5.1861634,6.1326442,8.6448543,10.39932575,8.09788895,145.54938,78.642622,30.781773,5.90417608,200.534769,585.53004,1159.17725,1653.92938,1706.80015,1535.42021,17.35491564166667,7.759794258333334,461.41272008,6640.85703
2021,common_soft_wheat,Gipuzkoa,5430.0,27.9889240972096,29.453684319887792,47.454498151563165,5.469569621568271,1.1470976944321791,,0.5712394326170177,0.5897827012157136,0.5286652078774616,0.8236107271219243,,0.4523384012553263,0.4392033545717347,0.4237547812620598,0.4128628577289979,,0.1187796208530806,0.1721331791566635,0.1070912930233517,0.2828485456369107,1,0.54,0.54,7.5064112,9.3913995,14.4463755,17.494337,12.117234575,4.53978095,4.61241295,11.3001235,14.507753999999998,8.58994075,286.32142,127.054126,304.867,98.754102,583.337704,373.67125,962.59927,1160.5186,1209.1008000000002,1123.64225,12.178832058333334,8.68999215,1400.334352,4829.53217
2021,common_soft_wheat,Girona,4533.0,24.476401855517217,35.04049237182743,36.777612495839975,6.784815616004859,1.2801373830084133,0.466820411612429,0.2558889860462706,0.5839665641047503,0.306672773634514,0.3262919730347107,0.3562607018064682,0.1816121689693589,0.4178909035735786,0.2050735363396008,0.1776929261497133,0.111339699027014,-0.0801355791841911,0.1777114422081045,-0.0566256099484776,-0.0488410215561421,15840,15231.3,0.9615719696969696,6.27363775,9.54228,17.13982,21.800845,11.8564405,2.96859239,4.60040225,12.0377035,15.5873685,7.960939675,101.751048,116.719261,185.635877,133.893946,328.955625,509.23964,1033.06363,1322.3376,1323.04434,1272.24552,13.078243958333331,8.519324331666667,866.955757,5459.93073
2021,common_soft_wheat,Granada,1574.0,25.37142730345376,36.99702425585095,19.547918796864348,7.429837891956373,1.4011652536355377,0.2167419648343265,0.2597781733634492,0.3379268212793227,0.2714509458954672,0.2089266397048911,0.122987285506366,0.2011383472078856,0.2480843209295993,0.189441211345733,0.1152113022604196,-0.0977043247586203,-0.0410455606908191,0.0215343163775171,-0.052755411692952,-0.0977281234048063,3993,9777.25,2.448597545704984,6.669354800000001,10.3905465,18.3485,25.4848115,12.759497375,1.68675265,3.534703,7.266346,8.41724575,5.239505875,130.764124,116.823917,83.70221,13.432466,148.109057,659.31692,1164.9537,1650.60907,1666.45474,1643.39516,14.402034591666668,5.230676525,492.831774,6784.72959
2021,common_soft_wheat,Guadalajara,3496.0,23.64379090165741,34.41609728768813,21.88481025817056,7.33873430562416,1.3712528918954368,0.2591862316008377,0.2011490262439943,0.3027111294692416,0.3613040047493845,0.1894231620597568,0.1453048709895174,0.1425280591591425,0.2089793805564663,0.2382844183848114,0.0995642354705176,-0.1134338499049624,-0.0918197933831966,-0.056611079585132,0.0448698418420837,-0.1855647700722933,74922,69192.32,0.9235247323883506,3.76879185,8.0907235,16.019351,22.801307,10.02413275,0.5271801499999998,1.592887575,7.11311025,7.357172500000001,4.13890445,137.14576,118.032427,113.537424,31.821036,222.30938200000003,522.81043,1084.93872,1488.4531,1635.55475,1350.18274,11.788073141666668,4.144693229166667,622.846029,6081.93974
2021,common_soft_wheat,Huelva,3798.0,21.64026163403111,47.16316770994197,22.531403594582663,6.4534755998146105,1.4502325065903123,0.361344086607745,0.2285237260553012,0.4862974511772555,0.3144385752588008,0.248100921165445,0.1933313206152213,0.1659714139198218,0.3418594960888533,0.2324389559125821,0.1425723671409564,-0.0567177717752612,-0.0839712134540456,0.0898465096325439,-0.02929694222357,-0.1191803570751791,2275,4183.24,1.838786813186813,10.60363075,15.340766,21.483935,26.8922985,16.98733,7.1225985,8.45445175,10.2530355,12.6288615,10.25946715,126.734833,70.855584,26.807775,1.193658677,230.472981,577.9529,1167.7161,1645.60494,1705.37866,1556.80003,18.049215041666667,9.829646925,456.064831677,6653.45263
2021,common_soft_wheat,Huesca,3505.0,26.58874404243393,30.187439148002905,33.42726025881975,7.267331212487676,1.316439111840041,0.3417492759374323,0.2402279442627647,0.5839753796083577,0.3105177073988711,0.2304236759651353,0.23237855211353,0.1737947391006198,0.4277363067599273,0.2089557677806015,0.1269253601117815,0.001920945134571,-0.0977049075364845,0.1777657245266365,-0.0039628676024049,-0.1367289275257765,46218,81183.89,1.7565426889956297,4.040324350000001,8.23117325,16.0362875,21.652119,9.8929905,0.7174817499999999,1.783534785,8.042416849999999,10.979947,4.7552409775,157.74582,108.383527,148.87076,68.971897,297.795067,512.61739,1095.69683,1437.83252,1501.85681,1368.43472,11.624314183333333,5.17231039,781.767071,5916.438270000001
2021,common_soft_wheat,Illes Balears,1890.0,27.33129873118016,35.992629600353304,28.276301755714144,7.242465755966496,1.379667115707908,0.3339040624653878,0.1894937070642728,0.4512662929590921,0.2401680161147073,0.2363407784373098,0.1952247553980847,0.1308431927575406,0.3145360516973405,0.1543077165059786,0.1347663016376973,-0.0331235627935361,-0.1660039922822178,0.0645931314266508,-0.1347421363603896,-0.1269996803799683,5920,5139.73,0.868197635135135,12.0075335,13.645695,20.84676,25.991171,17.774881,7.587893,8.679136249999999,14.9356175,18.8666175,12.43710515,69.1729416,62.126459,64.399818,15.4772122,175.39536800000002,626.68601,1152.02145,1563.431,1551.8322,1473.19476,18.00682025,12.490579091666667,386.5717988,6367.16542
2021,common_soft_wheat,Jaén,2275.0,30.688116173516992,29.78343230591621,19.18514732549988,7.46462718569945,1.4138276559180596,0.3339726189401164,0.2793051197313675,0.3769327038375412,0.2949357337790844,0.3457049188416351,0.1894819146882191,0.2011719000972975,0.271479165097684,0.2012028874092378,0.2012000961219459,-0.0040040979520678,-0.0723030482033684,0.0175862034432154,-0.0761858308115113,-0.0214473023734044,1325,2634.5,1.988301886792453,7.50437715,12.2747085,20.677436,27.7980795,14.157072,3.2990232500000003,4.43955505,7.451852000000001,7.97142485,6.122623575,176.773875,88.18549200000001,55.702969,15.505329,193.523758,593.85704,1153.9726999999998,1628.96056,1683.7628,1558.41513,16.094790858333333,5.901183716666666,529.691423,6618.96823
2021,common_soft_wheat,La Rioja,4698.0,28.12442067559485,29.71901618110145,25.75944795249755,7.2019767906766194,1.3299673371068308,0.2871138301135542,0.2793167538473819,0.3769050893547405,0.4042830746008204,0.228530065930375,0.146483751732633,0.193327429245251,0.2597201188875752,0.2715439120322894,0.1230329243141572,-0.0840553217698265,-0.0566753131340308,0.0214843181868001,0.0663492527796622,-0.1211145527370352,32910,24284.81,0.7379158310543908,4.6069734,7.26211585,14.294229,18.9754755,9.918933425,1.4063556149999998,2.3081454,8.639529,10.9033315,5.082502874999999,157.13873999999998,129.355736,195.00385,48.061298,237.764715,460.98077,994.4809,1371.0285,1474.1824,1235.02587,10.829443433333331,5.570394544166667,767.324339,5535.69844
2021,common_soft_wheat,Las Palmas,1034.0,25.810032702265115,43.41993635882721,20.35506831674174,7.67681131541121,1.3702478585894209,0.4712964922747386,0.2551634490201663,0.3463778289031655,0.2125836766958197,0.4179647811258657,0.3338285053239044,0.1620772061585859,0.2677436119089773,0.1343194581227293,0.3046811766205906,0.2484382086117298,0.0001238365501551,0.1508967419637782,-0.0172225801828028,0.1942958410355573,118,104.27,0.8836440677966101,16.613459499999998,17.829665,19.554261,21.9833205,20.44833375,11.3090225,12.168327,13.848008,16.8461715,14.954851625,42.13136299999999,18.909307,7.3530936,6.430372,51.323086,894.56183,1392.3853,1567.32443,1602.42606,1981.26442,19.47956225,14.013538708333334,126.1472216,7437.96204
2021,common_soft_wheat,León,3100.0,21.7109395695188,41.01995601706934,40.73160813987658,6.364580219073536,1.2637501117939414,0.2324328325119526,0.3261691536588955,0.2597333486160577,0.3066101766359809,0.244171134711626,0.1191029975790554,0.2225843121934476,0.1581805703684668,0.2089749821601051,0.1073940469555882,-0.142576613551096,-0.027326650104784,-0.1055488354245561,-0.042987148330977,-0.1913628845595066,41512,46343.47,1.1163873096935826,3.2164357,7.364774499999999,13.1283035,18.63023,8.990133825,0.69538955,2.139355,7.1759655,9.3619825,5.05439735,230.32324,98.980352,157.578949,29.6528845,397.804233,422.53818,1020.98669,1356.8082,1525.52393,1189.88535,10.053335225,4.913581208333333,914.3396585,5515.74235
2021,common_soft_wheat,Lleida,4559.0,26.80088779228917,29.478447761727296,36.8381330183701,7.17928910655981,1.3082891532821035,0.431694131623027,0.2636650727212124,0.6698944869245512,0.3222738721210414,0.2597253972262156,0.2948711112913615,0.1894580296466702,0.5018926869474576,0.2129105795921512,0.1425612000978588,0.0527603337579938,-0.0761943335681632,0.2480228348123585,0.0038685339007866,-0.1289201944887714,61587,56950.69,0.92471934012048,3.727171,7.74268375,15.8002735,20.92295,9.4437695,0.2135052500000001,1.79427145,8.31038775,12.0301705,4.792762455,113.850076,107.216763,137.89828,102.94368,225.842813,529.79452,1087.4445500000002,1443.0082,1464.33423,1360.3258,11.180102875,5.322309976666666,687.751612,5884.9073
2021,common_soft_wheat,Lugo,2650.0,16.86948151240638,45.92492350279246,55.1018177413162,5.189617673244169,1.159444550632349,0.7828348034087925,0.6231688826444798,0.6389537291674239,0.4316154391187581,0.720236492950477,0.6132126309585596,0.462841092719386,0.4472729448084068,0.2851952078247268,0.4903534707587915,0.3501200848086084,0.1309591501360454,0.1993612753138705,-0.0059198624640891,0.2243951706339612,4844,1566.71,0.3234331131296449,6.4624365,9.1274005,13.33666,17.520076,11.177153,4.08008905,5.29026235,9.7747419,13.2288495,8.390979325,400.22453,120.166158,202.10017,56.153603,565.340154,383.95122,1014.41739,1293.0964,1357.6966,1105.51971,11.466813166666666,8.192650241666668,1343.984615,5154.68132
2021,common_soft_wheat,Madrid,3199.0,23.93837642946105,42.31762860431763,19.785028990224937,7.3526634916591185,1.3807294025513286,0.2598335743430872,0.1776781760618213,0.3456530939618717,0.2441074810139084,0.2402500990184456,0.1503680965148951,0.1308312665468618,0.2441545158047465,0.162067216846185,0.1269280177874442,-0.0997473103846533,-0.1191704747946005,-0.0253430725950328,-0.0488215823845083,-0.1211177180708982,13093,20573.85,1.5713625601466432,5.09537315,10.0613005,18.347953,24.9478715,11.740438575,1.7313158,3.1691091,7.41550475,7.678713849999999,5.49012755,123.054685,107.877848,64.62762599999999,19.895609,250.33727,533.3421,1096.80121,1546.8061,1671.04786,1388.58291,13.65556255,5.1624831,565.793038,6236.58018
2021,common_soft_wheat,Murcia,1923.0,28.14212353531068,32.383473663801254,15.80811473143195,7.861866665395269,1.4499177163689994,0.2285045585406048,0.314445207201423,0.3339403468444301,0.3066231069961426,0.2324407361169017,0.1522491358914213,0.2617208193009915,0.252012111731747,0.2363592629047794,0.1503591912500087,-0.0430492604762328,-0.0019540719614386,0.033174486730128,-0.0097931437219058,-0.066450367821443,3129,8320.69,2.6592170022371366,9.14388,12.0654305,19.960392,26.148362,15.00632725,3.48750995,6.441498,11.1981965,14.3130185,7.939390250000001,71.8299513,114.902795,101.943093,14.2629927,82.190886,645.3450600000001,1094.17655,1599.99402,1600.7159,1626.70512,16.2217865,8.553167241666667,385.129718,6566.93665
2021,common_soft_wheat,Málaga,2354.0,31.4056117216678,32.82147773423947,22.06149385701749,7.10139275801547,1.3994517617706483,0.3301044978120875,0.2167978580977817,0.4198700505162174,0.2519744527094957,0.2441511192080218,0.1738479145854834,0.1503972712027769,0.2695876900454504,0.1699007196371258,0.12690513514835,-0.0429618818656676,-0.08007548432805,0.0370766551504016,-0.0722699143506284,-0.1113152666958651,1694,5132.92,3.030059031877214,9.8443835,12.99294875,19.635269,25.512841,15.34675725,6.30151035,8.0420775,10.9622015,13.825807,9.84633875,180.671085,124.71727,28.989404,4.11540445,210.830699,648.3351299999999,1153.66765,1656.3463,1679.9504000000002,1635.48466,16.446492791666667,9.804045641666669,549.32386245,6773.78414
2021,common_soft_wheat,Navarra,4505.0,31.32335790547628,24.970152669805643,31.35806266455273,6.954826134924855,1.298901861511466,0.290979258597159,0.2284919016100918,0.5136770638378345,0.3965117729948165,0.2128645771498572,0.185601151831741,0.1620962493175324,0.3808380695582781,0.2597181568225862,0.1347683339385709,-0.0351471984610692,-0.1055371819809331,0.1366955928268598,0.0585616005094491,-0.1211011411993003,48905,80066.63,1.6371869951947655,5.96696605,8.73327335,15.4206555,19.4091635,11.038219,3.0317184,3.1866424,9.7466045,12.897155,6.66991435,183.9651,84.305452,187.90991,58.587547,353.99574,425.13515,1005.65564,1298.3247,1360.4888,1208.71956,11.934416066666666,7.033658166666666,868.7637490000001,5298.32385
2021,common_soft_wheat,Ourense,2825.0,16.249732452434706,53.44489651287875,52.00591259343389,5.283026888645734,1.195422189596347,0.4672387860495418,0.5018225344544415,0.4163720345801753,0.5058451282391014,0.486196287906829,0.2837132998883375,0.3651333436304945,0.2558834902176427,0.3690960595831513,0.2561073053667713,0.0254791585174,0.0918438689753105,-0.0367108895965898,0.0565610455210093,-0.0741583180001891,7183,5222.41,0.7270513712933314,5.2926023,9.1319455,13.779805,18.567047,10.55985985,3.0406723,4.4771973,8.9116307,11.86724925,7.1300404,393.01153,134.803044,165.34403500000002,34.742617,519.8653340000001,397.69469,1027.62027,1388.2843,1485.45885,1152.94781,11.315186583333334,7.092805058333333,1247.76656,5452.00592
2021,common_soft_wheat,Palencia,4190.0,26.83553580524947,32.61265872254773,23.38300995902138,7.347835062602215,1.3561270357835948,0.271500044067225,0.2128698576557584,0.392593701810604,0.3730380671856996,0.2480428812388876,0.1542614257551113,0.1503547382794794,0.2754210044468657,0.2519335664521563,0.1308116385053417,-0.1055236983689014,-0.113339931423795,-0.0038852497442869,0.0273494878764005,-0.1445604026240857,60420,121569.42,2.012072492552135,4.150192,7.78265865,14.4841895,19.7899885,9.730449875,1.38095852,2.20554895,7.44967975,9.03045175,5.275001425,153.99302,74.99225200000001,112.886959,26.726723,266.269841,428.78714,1048.70223,1395.31995,1542.10703,1214.2243,10.944654733333332,5.102773636666666,634.868795,5629.14065
2021,common_soft_wheat,Pontevedra,2315.0,15.477679748859249,54.93373770262227,61.528604799526974,5.151694305375641,1.1701479186359975,0.7756190381504425,0.6739466753912352,0.6269554975858449,0.4432611812153329,0.7636328110428161,0.6038149851089871,0.4823686687833949,0.4389076599757817,0.3025572143534512,0.5490314134248683,0.3304682579374482,0.1345365651218269,0.1664575221863141,-0.0449222538591145,0.2558903109161133,684,203.31,0.2972368421052632,7.9343365,10.7661845,14.661123,18.375641,12.55666075,5.668589000000001,6.878428,10.861216,13.999888,9.60349525,497.70794,156.144408,196.05392,53.557295,641.83019,410.80066,1043.96684,1406.19124,1408.52913,1137.12122,12.808434416666666,9.435851916666666,1545.293753,5406.60909
2021,common_soft_wheat,Salamanca,3469.0,18.109806377959167,51.23045171113789,24.86092930572984,6.12553323366478,1.3795701483018383,0.2636903076404697,0.1894274512479699,0.3065520978060801,0.298829141843173,0.2324085860986107,0.1581706863490467,0.1386467798685952,0.2167678582453663,0.2128996655681144,0.1269168968165881,-0.056656745050706,-0.1211423411269234,-0.0684120022996788,-0.0019927459830234,-0.1758214316874761,21726,63441.91,2.9200915953235755,5.487736,9.7342665,16.3940835,22.492902,11.4121274,2.32557265,3.46639125,7.560579000000001,8.554339500000001,5.897008425,175.89162,97.047884,91.580958,8.738456,312.788238,488.43834,1118.65375,1513.6698,1669.9771,1342.33337,12.822207133333334,5.616816541666666,686.047156,6133.07236
2021,common_soft_wheat,Santa Cruz de Tenerife,924.0,32.70205678621995,32.97358463013403,38.50748213094444,7.034813305143394,1.25841503859716,0.5492881359068815,0.3731356791139596,0.4630692815962007,0.4316682548743724,0.4856479176077974,0.4082428449428527,0.2832057161696718,0.3727394657362413,0.3261298334192776,0.353296197943617,0.2557881942325979,0.1033926302880375,0.2088605075679681,0.1349263922881154,0.1902553728693718,417,95.64,0.2293525179856115,14.577952,15.6163225,18.081859,21.141957,18.50473,10.0432435,10.9407455,12.8434555,15.375356,13.67866,97.684893,35.476909000000006,14.2125178,9.3967814,114.506127,907.65864,1417.165,1624.97997,1643.38146,1973.28023,17.737925083333334,12.760020083333332,271.2772282,7566.4653
2021,common_soft_wheat,Segovia,3466.0,22.95033943412197,47.58392804435696,19.96673350457498,7.250836937457768,1.370242006893574,0.2361918733792839,0.2011665956454415,0.3340205594338906,0.3574034859681215,0.2011350737943036,0.1348811743887106,0.1521913481789654,0.24809373155371,0.2558159992027619,0.1230150373029397,-0.0724151821146504,-0.0976568052116766,-0.0506798243600799,0.0273574326096134,-0.1836140885953079,48805,67614.13,1.3853935047638564,4.10228055,8.134096,15.5711465,21.9932395,10.090783325,0.93858415,2.03672225,6.9048798,7.11345315,4.48996295,157.20123,107.765057,113.95497,21.1904127,254.30723,500.48302,1108.21775,1501.77918,1646.9218999999998,1323.84283,11.663721533333332,4.328927541666666,654.4188997,6081.24468
2021,common_soft_wheat,Sevilla,3142.0,31.77131470630645,30.53762004011168,16.95241902290036,7.288286143117437,1.480187214073171,0.2831675973394654,0.22850475859039,0.4590108890216799,0.263654539343566,0.2089326004901922,0.1464715266052444,0.1621222931920745,0.298817765228694,0.1855595564482787,0.1034556666142377,-0.0820033510618382,-0.0977106225712715,0.0507817982795144,-0.0722782140007591,-0.1680123419742668,14170,65331.45,4.610546930134086,10.6037855,15.38375,22.3531695,27.808733,17.14916525,6.84357075,8.045467,10.441248,13.3373785,9.78158675,142.293158,83.25988,19.863428,1.3052699,206.076542,596.14252,1177.50814,1656.2719,1704.17704,1574.04945,18.407961416666662,9.705139625,452.7982779,6708.14905
2021,common_soft_wheat,Soria,4121.0,24.14897133863889,38.1844620214656,21.79758516066749,7.418943188363471,1.364438552086122,0.3067474582295457,0.2285029645267577,0.3457073133624788,0.5253997835436575,0.1855349795198051,0.1818427344517288,0.154272835995048,0.2441389208717202,0.3320331695983821,0.0995988802976005,-0.0449215054591608,-0.0722916260793523,-0.0274171735021817,0.1445333775849144,-0.1738141637546635,88755,92744.03,1.0449442848290238,3.4921174500000003,7.231375249999999,14.700951,20.999998,9.401844225,0.49731935,1.17166776,7.11041185,7.64395365,4.0141050325,139.038774,117.736953,144.622752,29.740334,210.810653,491.64427,1074.7474499999998,1447.5143,1594.2109,1280.48171,10.871355025,4.075260445833333,641.949466,5888.59863
2021,common_soft_wheat,Tarragona,4348.0,27.039674946850173,29.157641826116148,25.42767199008608,7.541700374846145,1.3779395177871585,0.2441702475416784,0.3534032758709431,0.2910092018490146,0.3222276805312754,0.2558371311724422,0.1504379653195391,0.2519832064851399,0.1972900578302333,0.2168196399560012,0.1503057391545357,-0.0507339808394289,-0.0176266508518687,-0.0410157656062996,-0.0215192444846258,-0.0723300778653986,8995,7338.23,0.8158121178432463,8.3179075,11.4174165,19.632775,24.226955500000003,14.30139975,4.2891667,5.27589975,11.323006,15.866792,8.50432075,86.654291,91.438054,60.603678,68.553246,137.254739,552.46194,1070.81546,1479.9437,1446.3828600000002,1426.9239,15.366309,8.960584325,444.504008,5976.52786
2021,common_soft_wheat,Teruel,3220.0,22.47443950415829,33.79777589993578,21.10040503109295,7.412077456982944,1.4040643147552672,0.2285409691161642,0.1972557856177678,0.3340337168535912,0.3378621838166037,0.1737780169003387,0.1503490678537393,0.1464669104134976,0.240231675507087,0.2284922574457299,0.1035050167614673,-0.1054922180054962,-0.1035298861923497,-0.0332318382507533,-0.0020140781909491,-0.1816541050463572,53228,40667.49,0.7640243856616817,4.5430538,7.712272799999999,16.0163585,21.9237875,10.25899115,0.3788308,1.40174707,7.764321199999999,9.9855635,3.94998791,96.501628,125.347929,109.907655,66.428589,160.147309,580.98272,1075.5069600000002,1469.75265,1548.8654700000002,1447.69124,11.785575816666666,4.571739731666667,558.33311,6122.79904
2021,common_soft_wheat,Toledo,2295.0,24.03382423807433,44.03232096632096,15.83815342941664,7.521497534421158,1.4232979965825454,0.2948805781525051,0.1777472654938323,0.2793063149470047,0.2011671899036037,0.1815998699233717,0.1677545262001146,0.1269011766830151,0.1972260361054125,0.1386369743740091,0.0995402255581302,-0.0508145212709252,-0.1464821001190249,-0.068362543500946,-0.1230547609987944,-0.1523621154432203,21380,49722.1,2.3256361085126285,6.46701,11.4734365,19.9955635,26.630741,13.146105825,2.909684835,4.22791,7.5029738,7.7075018,6.382656175,132.922516,91.911948,42.95903,14.1869487,221.32818,563.4508900000001,1123.99964,1580.7404,1693.04803,1450.95403,15.143160441666666,5.8522304641666665,503.3086227,6412.1929900000005
2021,common_soft_wheat,Valencia,3200.0,26.0008257832434,37.048684736688,22.372951102187645,7.601531685280463,1.4041003137156485,0.2459802208683478,0.3535158077636861,0.2636586971967089,0.3690759271963715,0.2245461138381104,0.154338124322536,0.2597414043570162,0.1738536630856423,0.2675612431757957,0.1347182329844586,-0.0821414757656605,-0.0058899803007181,-0.0800807889759206,0.0019201304196326,-0.0975972122337433,2533,2946.3,1.1631662060797474,8.2923145,10.94838075,19.291143,24.9389915,14.2286785,3.26684945,5.6066607,11.2733625,14.93138,7.4915299,76.297192,140.80788,98.959407,55.693659,159.58744099999998,605.37387,1047.3844,1504.9793599999998,1526.0895,1538.15441,15.321364458333331,8.343552075,531.345579,6221.98154
2021,common_soft_wheat,Valladolid,3778.0,25.05730563338003,44.38433851977854,16.605732397771998,7.537662389100126,1.368638307984791,0.2479821461099895,0.193329512249845,0.3457132110818118,0.2987971078804707,0.2089329608064968,0.138690926705249,0.1443625661696249,0.2519097973933824,0.2050686581088085,0.1191100652750472,-0.1132436592921849,-0.1133212648835113,-0.0351128605254387,0.0038891230279431,-0.168034333097036,40007,108613.74,2.7148683980303447,5.34622185,9.37326575,16.6426085,22.6005165,11.09831915,2.079265255,2.7356152,7.403062,7.7686185,5.5512723,128.881744,85.029623,95.06675,7.311703899999999,223.97813,464.51138,1114.8151400000002,1501.3671,1660.2667,1293.49401,12.693208483333336,5.1815175925,540.2679509,6034.4543300000005
2021,common_soft_wheat,Zamora,3751.0,20.944712657487724,43.92237419003452,25.184467164860514,6.42948867049523,1.3298581028586076,0.2832174528272513,0.1972202002811263,0.3417898215583944,0.3183706794259907,0.267558767757406,0.1637349696093161,0.1425342463815224,0.2324372671670921,0.2245882460407945,0.1386955980083761,-0.068369135309263,-0.1054952904370623,-0.0410705822964879,0.0039120729888338,-0.1445446373214129,36254,69855.61,1.926838693661389,5.134055,9.2942635,15.937801,21.75739,10.954742625,2.09005735,2.9432504,7.2178385,8.31083,5.7626124,162.934206,103.922647,101.090132,8.616282,292.954208,445.8061,1086.92046,1492.25157,1659.1234,1273.52425,12.338832458333334,5.347866841666666,669.517475,5957.62578
2021,common_soft_wheat,Zaragoza,2610.0,28.48526921389855,27.13269446924836,19.52018178987687,7.699227047889838,1.4005314565905318,0.3456607667961221,0.2362964471182338,0.4589931831166784,0.3534712847760463,0.2089509545950418,0.1627256745273964,0.1756123134825133,0.3535065862255555,0.2441738984061972,0.1323021504707109,-0.0117596018753096,-0.0761857065672313,0.0839580298668953,0.0195393782519648,-0.1367731156454313,54407,64332.04,1.1824221148014042,6.673648,10.297189,18.429778,23.7566825,12.28869175,2.7446699,2.641058,8.55755965,10.9436345,5.98750145,105.50163700000002,67.13445200000001,92.181999,23.6789797,180.384439,527.82926,1083.48279,1472.4618999999998,1553.9396000000002,1382.83902,13.955780166666663,6.143654158333334,468.8815067000001,6020.55257
2021,common_soft_wheat,Álava,6700.0,31.5827763496144,25.36169499958537,33.23610968294773,6.722444370732785,1.2771215689526494,0.2909000334524086,0.3027763425562069,0.455026241051999,0.7052050380470523,0.2247483263656314,0.1346977050064425,0.189459814402274,0.3222993264794502,0.5019218849299248,0.1034994706421242,-0.0996350457275125,-0.042924022724977,0.0741813252166472,0.3300633484005599,-0.1601702813817037,20083,19526.99,0.9723143952596724,5.780052700000001,7.92286075,13.9645225,17.531575,10.64132,2.9362237,3.50431725,9.9237297,13.0220605,6.731246275,185.123131,110.246665,204.90636,51.568611,346.595317,406.33829,934.91803,1225.68414,1300.8941599999998,1168.79254,11.080275158333334,7.141470616666666,898.440084,5036.62716
2021,common_soft_wheat,Ávila,3196.0,18.84587684120659,52.67248967780342,26.25381735908533,6.769433481413691,1.3472347846903128,0.3182567339446028,0.1777560347123822,0.3455505366595311,0.2636461172821618,0.2324480370808652,0.2089228276989372,0.1366079045057636,0.2636589883106383,0.1816206761109463,0.1542448517873536,-0.0176213639923929,-0.1211719914597495,-0.0293619694212572,-0.037124021289812,-0.1366695338344833,15452,34809.66,2.2527608076624386,3.9687615,8.121005649999999,15.566827,22.0921555,10.16460755,0.4612121999999999,2.2364807,6.483767500000001,6.7168455,4.359232075,172.372544,118.619109,93.992664,23.347791,335.88356,542.4044200000001,1109.30006,1520.7205800000002,1674.39696,1389.34967,11.679660791666665,4.1027950083333335,744.215668,6236.17169
2022,common_soft_wheat,A Coruña,3155.0,16.8174956794124,45.38603802117088,56.51798682220782,5.187478829120761,1.198658446748758,0.7482332233867899,0.7049725205429828,0.5760090000541983,0.4511943012800904,0.5644745427274422,0.5487796272816072,0.5019471770729813,0.4120302495573288,0.3025766458943912,0.3182567480409647,0.2872177887873589,0.1778410369563963,0.1468626460659085,-0.0197103878831921,0.0762429036698611,1883,702.41,0.3730270844397238,8.6179245,10.2292995,15.6236475,19.880477,13.13127125,5.90372,7.1070718500000005,12.5461015,15.679555,10.4947231,105.619659,240.0866,160.946965,42.96187140000001,436.82309,488.31909,949.44803,1266.60783,1433.98055,1152.71031,13.4356485,10.370982425,986.4381854,5291.06581
2022,common_soft_wheat,Albacete,1750.0,24.808089988498978,40.84869918043516,16.202073223185316,7.77704961335989,1.4307609142846458,0.2011570652564758,0.1816354444459393,0.2363229955192741,0.2324099558732879,0.1698967659306841,0.1230328776591962,0.1366066550556027,0.1581754977180305,0.1699109181555445,0.1034504083266468,-0.1523382717602466,-0.0878619620280583,-0.0976822784265825,-0.0488363778803954,-0.1601632430663446,16275,59276.9,3.642205837173579,6.810477,9.234122,21.465765,26.7158305,12.75864925,0.0525971499999999,4.494275999999999,7.2263136,10.168517,6.97048105,22.3567194,242.65649,40.551208,26.115497,201.081775,665.0905499999999,952.88808,1695.39489,1640.51267,1498.49645,14.957248833333333,5.9804443083333325,532.7616894,6452.38264
2022,common_soft_wheat,Alicante,1362.0,28.14081783274487,32.7017122972431,19.33509823066453,7.803332708707288,1.4283765640307449,0.2987856108412248,0.3339208366446762,0.3613631462735001,0.330085072092474,0.3222312731730568,0.2011776678531494,0.2713940973371608,0.2871102969029667,0.2675883357770799,0.224632995677371,-0.0275026142779113,-0.0019738319103525,0.0371841520498019,0.002004003559798,-0.0039055032420358,1013,1264.39,1.2481638696939783,9.9680095,12.0907645,22.1058265,27.061444,15.8504555,3.30393205,7.5556925,12.378386,16.291822000000003,10.56640425,21.841738,314.37879,50.455230400000005,13.5548639,261.19786,658.94818,996.196,1674.10005,1594.09425,1494.82346,17.154492583333333,10.110440175,661.4284823,6418.16194
2022,common_soft_wheat,Almería,1074.0,24.65662421812085,39.35405773908459,16.518651100140257,7.673561929359524,1.4301057094426903,0.2792918456655758,0.3223436074240605,0.3534378744361587,0.3379064248220815,0.3065883623452304,0.1815556467921438,0.2519884436259889,0.2560349781111877,0.2675243140081481,0.1973083005590181,0.0176212855111105,0.0448622681750836,0.0761411294117683,0.0566667826997606,0.0275257191784673,1006,2146.37,2.133568588469185,9.1127775,10.9595715,21.4080045,25.914465,14.979475,2.04127035,6.17690475,9.375124,13.6969815,8.32759635,31.300592,300.55078,47.182038,12.227219300000002,96.0222165,709.73035,1064.22083,1701.14288,1660.14785,1653.73658,16.225628083333334,7.9909122166666675,487.2828458,6788.97849
2022,common_soft_wheat,Asturias,1900.0,23.477266522142106,37.16764110781218,55.42424776536752,5.661732566724791,1.146639285545973,0.7989216228187543,0.6895044124381774,0.5845802501228834,0.4941774823519156,0.6936114129650384,0.6077564163685407,0.5177894397068242,0.3639603652405886,0.345723002951867,0.4356313053717173,0.3552269223435913,0.1913155869729727,0.1155896356310154,0.0529091323263965,0.2089655508704113,27,33.25,1.2314814814814814,5.9890764,8.06371975,14.6486495,18.8175995,10.736863175,2.79092205,4.86157635,11.5641665,15.31546175,7.921785875,97.338409,267.12807,247.11273,132.428618,586.52904,503.59352,964.46277,1310.0357,1386.4375,1105.45295,11.49879525,8.395949733333333,1330.536867,5269.98244
2022,common_soft_wheat,Badajoz,2771.0,21.418389931563453,45.44558736513142,18.433958609800072,6.540236159018335,1.4420478317211065,0.3183529983938463,0.1972430238680759,0.3144750140824177,0.236315351048019,0.2441172745639136,0.1855626373705876,0.1386359422547514,0.1934230995971557,0.1581894531953695,0.1308188556578575,-0.050777308271041,-0.0918156791589753,-0.0585824569096311,-0.0683696443647737,-0.1367638593845869,30559,85398.74,2.7945528322261857,9.856982,12.4878885,23.140089,29.347451,15.50742675,3.38592965,6.0434265,8.6176235,9.43965775,8.546515475,19.0273187,169.788353,9.812394,2.68482404,202.751034,682.29537,1025.46976,1650.2217500000002,1714.4070499999998,1540.63844,17.641210666666666,7.429944724999999,404.06392374,6613.03237
2022,common_soft_wheat,Barcelona,3032.0,26.204354638848468,32.753960683736054,29.990155084554463,7.185439990586382,1.3308924085894462,0.2519214478652183,0.2090506139213878,0.4511452337957992,0.341832936119062,0.2636798252500703,0.1542158360745794,0.1503641159691464,0.3162488285537089,0.2401840011661287,0.1465145050802074,-0.0878757196937101,-0.1152420959436319,0.0564943842386781,0.0214992684888111,-0.089860681669404,31119,24806.26,0.7971419390083229,6.238415,9.7666545,19.991202,24.26931,12.053156375,1.827829485,5.35344695,12.616636,16.7365295,8.622148125,42.295904,209.13296000000005,102.787967,156.85336,301.085548,582.42003,932.00832,1550.9116,1457.7453999999998,1255.47925,14.061982375,8.963123030833334,812.155739,5778.5646
2022,common_soft_wheat,Burgos,3310.0,28.704485606590584,31.060509805013474,24.87810186587034,7.255276655331994,1.342514301757512,0.2207001653197388,0.2128666680806737,0.4706781274213928,0.5761642146324066,0.2011456882627245,0.1230313078452454,0.1600004152639975,0.3339861914113737,0.4238374351065258,0.1112833842175997,-0.1386733528487382,-0.0429873198562301,0.0585653225889977,0.1913910125595285,-0.1601562484980952,200704,185308.28,0.9232914142219388,4.0277315,7.1368449,16.875785,22.066926,9.92006485,0.02756655,2.91190935,8.54011985,10.3805855,5.630814,42.622126,177.98043,62.896833,28.46678,293.022456,542.34744,915.7553,1430.29966,1525.4007,1181.062,11.65790285,5.520301541666666,604.988625,5594.8651
2022,common_soft_wheat,Cantabria,2200.0,26.518497065553525,34.15904029717853,48.03415414859565,5.901187501396216,1.1880124590310424,0.8455551286484773,0.5375187253540178,0.6076911596475421,0.5096719407715719,0.8300142589073577,0.6618126039525581,0.3696231830721078,0.4080362241425499,0.3691414094535051,0.6149976895877645,0.402669110197234,0.0488587097984042,0.1631324429985619,0.0760343720924498,0.3963023575748292,1395,702.87,0.5038494623655914,5.7931057500000005,8.5162765,15.438683,19.6261035,10.960504625,2.51053965,4.7847628,11.5901965,14.6947865,7.99792425,89.581445,239.049176,186.900513,101.69509,581.02084,502.51182000000006,915.74475,1257.68357,1342.3365,1080.91988,11.882529666666665,8.262688991666666,1198.247064,5099.19652
2022,common_soft_wheat,Castellón,1501.0,25.020657600298016,35.18430293109192,25.18941010889611,7.478638418212487,1.3693323784264495,0.2791711562059254,0.3261388635157923,0.3418764192255094,0.3495439519019243,0.3415999678562698,0.1582227438953691,0.2167925066187365,0.2208228266132754,0.2441436190436013,0.1972026313967503,-0.1113869587714528,-0.0645562676522885,-0.052862841218269,-0.0214979170725706,-0.0606219457648696,1335,910.44,0.6819775280898877,7.6927435,10.01743025,20.0184745,24.7865685,13.17486825,0.900240615,5.543798649999999,12.620095,15.733053,8.53187765,18.36312,315.0564,101.47092,91.759597,302.017242,631.9617900000001,940.1236,1604.94576,1520.28229,1378.15446,14.810825541666668,8.6434904275,828.667279,6075.4679
2022,common_soft_wheat,Ciudad Real,2284.0,25.540821734229457,43.21070474494339,17.036367121796776,7.364130323396798,1.433797668518283,0.2168005244163553,0.185530539860634,0.2754001317366859,0.228521469099085,0.1737988591537257,0.1308390495563813,0.1347129402712608,0.1855066351959683,0.16211052802446,0.1073828793790644,-0.1269528184376343,-0.0917924524811766,-0.0508689243191908,-0.0761876087893259,-0.1523369499727077,16310,43293.41,2.6544089515634584,7.76822535,10.505255,22.712607,29.039217,13.874664375,1.27072585,4.8265943,6.3504944000000005,7.4366067,6.57189025,27.483548,201.37334,14.67362,15.1618978,199.745519,684.3487,991.67273,1701.20627,1694.7773000000002,1521.7159,16.295772183333334,5.5047002916666665,458.4379248,6593.7209
2022,common_soft_wheat,Cuenca,1849.0,24.3775694278534,38.26548047834629,18.5023914290409,7.574921749070817,1.4037943711750291,0.2089396044873972,0.1972246478369717,0.2636331787606641,0.2675705303390138,0.1659735291869131,0.1269444450461819,0.1464685505770559,0.1758092313182739,0.1933405534287776,0.0956601239956069,-0.1445625348700053,-0.0722639356168699,-0.0742570022336482,-0.0175848086924461,-0.1679530653593654,30453,46411.68,1.5240429514333562,5.422011749999999,8.366772300000001,20.6703455,26.1548115,11.38777605,-1.09732325,3.1190332,5.97340345,8.819068999999999,5.5926528,20.8605794,195.23318,29.355409,33.9646605,259.970389,641.7984,938.9698,1692.5187,1638.8945,1432.69211,13.898248858333334,4.666581333333333,539.3842179,6344.87351
2022,common_soft_wheat,Cáceres,2873.0,17.110187741336116,49.48306677938192,24.119467904773227,6.249366989402125,1.4092271256290698,0.3340214390034077,0.2128257146285599,0.2636156323664577,0.2558513844160954,0.2831292542090871,0.2011563345575122,0.1581865918001133,0.1816047081162226,0.1856031424213106,0.162087511999172,-0.0664656254078675,-0.0957829869652506,-0.09780474224723,-0.0800892284341774,-0.1211169936896699,3155,6749.58,2.1393280507131536,8.68272575,11.6521815,22.178209000000003,28.875394,14.463671375,2.96358415,5.67680835,9.086635,9.495413,8.268693299999999,20.4404285,196.8517,15.967023,6.0928085,310.787365,656.4060400000001,1000.62344,1591.3619,1690.95523,1469.45378,16.719308833333333,7.293304516666667,550.139325,6408.80039
2022,common_soft_wheat,Cádiz,2459.0,32.30254239464251,32.14110893702688,22.84139486334083,6.959262369169773,1.41145303721279,0.2440972218090908,0.2167940547170674,0.5177144833618015,0.2832269845493663,0.1855463184754073,0.142500753883912,0.1620826831740152,0.3613846215232419,0.2011375542025634,0.0839219505951522,-0.1367894783690106,-0.0566593061302099,0.1210519992867246,-0.0117432867920747,-0.2460550423047963,1941,12070.12,6.2185059247810415,12.4356465,13.830233,21.990841,26.668926,17.42489625,6.9531953,9.2407755,12.383368,15.5846845,11.595877,25.550839,272.47787,13.1011188,3.31942167,185.453492,731.9634000000001,1096.31958,1698.59375,1666.1671,1661.17486,18.2959065,11.22562955,499.90274147,6854.21869
2022,common_soft_wheat,Córdoba,2105.0,27.977760955586824,35.93623331493473,18.0370448614793,6.989155646943889,1.4420640893083423,0.3457258876095313,0.251948644577544,0.4961690481674222,0.2832154295941244,0.2402054083390869,0.2128928217134522,0.189479946091559,0.3320135811995989,0.2089419856667436,0.1386703541461162,-0.0351692604594538,-0.0488165563425366,0.0977139460272627,-0.0253944462342562,-0.1289574898116888,8103,24135.18,2.9785486856719734,9.93609325,12.4975955,23.7121095,29.5512485,15.73738775,3.2761222,6.29266095,8.367075,10.48855975,8.215840499999999,24.79423,193.19779,12.5123515,6.00713175,180.54205,696.2786900000001,1041.59808,1706.2286,1714.83594,1578.9346,17.861970375000002,7.476016483333333,417.05355325,6737.87591
2022,common_soft_wheat,Gipuzkoa,4000.0,27.9889240972096,29.453684319887792,47.454498151563165,5.469569621568271,1.1470976944321791,0.8427716165163435,0.580483138005262,0.6034073632419439,0.5134092269192878,0.8605212225651352,0.6457432746239863,0.4291051229720848,0.3848037072214879,0.385954069351376,0.7122599569084975,0.3901028277634962,0.1307335019830404,0.1380928258919014,0.0839246953123673,0.3886746940889954,1,0.54,0.54,6.589252999999999,9.582195,16.567269,20.3607265,11.8718235,3.59403575,5.871268499999999,13.133875,16.044253,9.0088083,159.8652,272.23656,153.708855,114.985727,668.89177,472.39847,864.43091,1242.28866,1307.14709,1052.61882,12.80718175,9.443508141666667,1369.688112,4938.88395
2022,common_soft_wheat,Girona,3848.0,24.476401855517217,35.04049237182743,36.777612495839975,6.784815616004859,1.2801373830084133,0.3574236985923514,0.2285047560765184,0.6465016568534828,0.3965565410498634,0.2988136133125376,0.2089750247871762,0.1699003300216918,0.4805764585987832,0.2832626152097408,0.1679008871811692,-0.0215272851149558,-0.0722409901040873,0.2481203556080827,0.0527624458789199,-0.0605452703054737,15840,15231.3,0.9615719696969696,6.4059603,9.822712,19.868444500000003,24.231781,12.19143825,1.555992765,5.6989673,13.2058025,16.846563,8.2493199,45.227455,250.1412,111.662157,124.67431,327.176702,583.1354200000001,918.78784,1503.1292,1417.1835,1231.95422,14.11862905,8.967660894166666,858.881824,5654.19018
2022,common_soft_wheat,Granada,699.0,25.37142730345376,36.99702425585095,19.547918796864348,7.429837891956373,1.4011652536355377,0.2050948327970993,0.2519351208290112,0.2557939974102108,0.2909888265185682,0.1815615379085958,0.126903270459924,0.1972652279252885,0.1680099876285853,0.2246281602923217,0.1073811903879442,-0.1113017362820186,-0.0175825980419773,-0.0527194662949573,0.0038655019661207,-0.1366856960234169,3993,9777.25,2.448597545704984,7.286799,8.9932245,20.525566,25.876239,12.859637575,0.11584875,4.0624839,6.2720588500000005,9.306189,5.616647325000001,39.697217,266.56299,41.8599145,20.3100375,129.120959,708.20236,1056.25428,1711.8002,1683.1789,1658.89554,14.733517275,5.164979191666666,497.551118,6818.33128
2022,common_soft_wheat,Guadalajara,3196.0,23.64379090165741,34.41609728768813,21.88481025817056,7.33873430562416,1.3712528918954368,0.2206812904502976,0.1777149955079,0.361379265536788,0.4571036124565258,0.1894178520861364,0.1229813845722287,0.1347373409816916,0.2520037583764849,0.3261919053810543,0.1074211095863344,-0.1465095055386464,-0.0527437696875641,-0.0194890883426448,0.0976295515549601,-0.1660556236076961,74922,69192.32,0.9235247323883506,4.45722325,7.4232435,19.3008715,25.0631865,10.241317525,-2.1061773500000003,2.15590465,5.5932435,7.4444792,4.3801971,20.6764145,214.36461,34.042176,30.703074,219.934627,629.07727,929.44351,1647.7914500000002,1619.94105,1356.91494,12.787859966666666,3.641307366666666,519.7209015,6183.16822
2022,common_soft_wheat,Huelva,2803.0,21.64026163403111,47.16316770994197,22.531403594582663,6.4534755998146105,1.4502325065903123,0.3262068699842727,0.2167458511539317,0.4042993041428722,0.3144151763932553,0.1894050385452321,0.216762765282168,0.1621515368133326,0.28704045142621,0.2324441970256232,0.1073454943740128,-0.0507670682676988,-0.0839637254973736,0.0214127013690087,-0.029287871645573,-0.1777431780621208,2275,4183.24,1.838786813186813,11.9301965,13.823714,22.96325,27.8870495,17.1539375,5.564098700000001,7.9401033,10.98065925,12.7872525,10.31094365,19.070854,189.823757,10.8277097,2.18885485,205.112161,716.27718,1085.19456,1667.80616,1702.5563,1634.37529,18.4853475,9.649000175,427.02333655,6806.20949
2022,common_soft_wheat,Huesca,2624.0,26.58874404243393,30.187439148002905,33.42726025881975,7.267331212487676,1.316439111840041,0.2362967441237039,0.2323969555476662,0.4608379636686602,0.3300729114394427,0.2089602432578953,0.1504068622623233,0.167858408856093,0.3163992034475245,0.2324118913028256,0.1230291453949975,-0.0957309385826604,-0.0918093349729536,0.058555938531019,0.0371173633950373,-0.136739727963624,46218,81183.89,1.7565426889956297,4.52454275,8.1660115,19.7907065,23.919847,9.93222405,-0.7478711,2.8691819,8.2907795,12.1340765,5.38932125,56.74852,203.33055,105.71016,119.944924,326.89736400000004,608.17026,994.85664,1569.0508,1554.12577,1331.21602,12.710925975,5.554134883333333,812.631518,6057.41949
2022,common_soft_wheat,Illes Balears,1700.0,27.33129873118016,35.992629600353304,28.276301755714144,7.242465755966496,1.379667115707908,0.3769246664498704,0.1738526661995272,0.4316356436235928,0.2362914283285976,0.3613516425829838,0.2363717314961017,0.1269499656283043,0.283100573352022,0.1621349732463794,0.2225124226672127,-0.0097959601480952,-0.1504801211289421,0.0371097588321809,-0.1113077424548202,0.0292582264102792,5920,5139.73,0.868197635135135,11.266359,13.600322,22.4935215,27.7334045,17.5976165,6.7898736,9.21661425,15.9992045,19.944393,13.127901,23.895164,128.408592,38.466823000000005,34.604585799999995,329.163678,642.52484,1060.62323,1618.9619,1567.5345699999998,1363.02434,18.38147333333333,13.034314558333334,554.5388428,6252.66888
2022,common_soft_wheat,Jaén,2079.0,30.688116173516992,29.78343230591621,19.18514732549988,7.46462718569945,1.4138276559180596,0.3573793684520974,0.2636677693677011,0.3710801208922852,0.2988003771442915,0.333956941813579,0.2246373065463645,0.1972828167497875,0.2441075011408532,0.2226443444014176,0.1972813855442509,-0.0097782216000078,-0.0449077364202092,0.0038843153107553,-0.0371254427128064,-0.0293396802913999,1325,2634.5,1.988301886792453,7.92689685,10.8017305,22.6095705,28.7934855,14.25331375,1.453393325,5.09543825,6.91121505,8.38407025,6.651527125,37.600785,218.698666,23.431859,15.024605,236.346742,703.1630299999999,1015.07423,1710.12183,1691.45657,1576.7573599999998,16.439718475,5.857861854166667,531.102657,6696.57302
2022,common_soft_wheat,La Rioja,4636.0,28.12442067559485,29.71901618110145,25.75944795249755,7.2019767906766194,1.3299673371068308,0.2558370153577211,0.248019659927133,0.34579001500607,0.4394628193655573,0.2519081619780701,0.1347857119721112,0.1816192057758868,0.2363429702916,0.3241430013646338,0.1445217595755801,-0.1054867679878927,-0.0253968465408894,0.0038633461174216,0.103517405196086,-0.082116355747969,32910,24284.81,0.7379158310543908,4.1649945,6.99323205,17.137773,21.8163145,9.77338335,-0.1493929199999999,3.13591365,9.2070525,11.381951,5.562464725,45.802187,218.132454,82.934008,58.281496,326.586117,547.53196,905.60696,1444.10514,1518.71927,1185.86966,11.609846791666667,5.783408946666667,731.736262,5601.83299
2022,common_soft_wheat,Las Palmas,1052.0,25.810032702265115,43.41993635882721,20.35506831674174,7.67681131541121,1.3702478585894209,0.3932543658592957,0.2874310797464157,0.3539490320739474,0.3142178912361064,0.1657665577772797,0.2641286712389832,0.1697455667067541,0.2875140997871264,0.2246538608201455,0.0800782309345789,0.166792180966711,0.0017356575453066,0.1546643359904034,0.0567706078173742,-0.0954132048099727,118,104.27,0.8836440677966101,17.123848,17.075149500000002,20.158716,22.641472,20.1093605,10.290192,11.0688595,14.7202515,17.194012999999998,14.76814175,32.968115,26.450985000000003,7.0720131,7.202263499999999,23.7465946,921.57757,1366.4982,1613.72654,1576.5699,2051.59627,19.53631775,13.801599916666667,97.4399712,7529.968479999999
2022,common_soft_wheat,León,1950.0,21.7109395695188,41.01995601706934,40.73160813987658,6.364580219073536,1.2637501117939414,0.2246002423578733,0.2480212247739756,0.2870991994770065,0.3222486033413022,0.2441425689905022,0.1191201129098155,0.1698721549976981,0.1816339156647385,0.2168171413710078,0.1269150490694907,-0.1445742417028296,-0.0507868697713493,-0.0743166213932969,-0.0371185547216335,-0.1386756845185852,41512,46343.47,1.1163873096935826,4.0506253,6.475808000000001,15.882745,21.5537585,9.1121692,-0.42891961,2.17400185,7.966699699999999,10.301223,5.168722275,41.944518,184.76959,108.92315,40.489883,328.826381,543.36283,947.68993,1408.25654,1527.25086,1173.80014,11.031212533333331,5.0584082483333335,704.953522,5600.3603
2022,common_soft_wheat,Lleida,2707.0,26.80088779228917,29.478447761727296,36.8381330183701,7.17928910655981,1.3082891532821035,0.2402524790772958,0.2871830234157206,0.3534781723689856,0.2909949931891147,0.2128433655694311,0.1542709311056656,0.2089456889910927,0.2402002845643584,0.2128604926511574,0.1269128247485791,-0.1074251991899082,-0.0644966308285018,-0.0371211276709711,0.017583253179714,-0.1367310837963925,61587,56950.69,0.92471934012048,4.1623354,7.8047685,19.1199655,22.93864,9.6127754,-1.563642265,2.6546321500000003,8.8655695,13.304875,5.4114448175,51.072683,183.342246,109.808217,158.65832,283.606969,604.06161,1001.01095,1557.69825,1502.46157,1313.90131,12.208543366666667,5.68072067,786.488435,5979.133690000001
2022,common_soft_wheat,Lugo,2725.0,16.86948151240638,45.92492350279246,55.1018177413162,5.189617673244169,1.159444550632349,0.7987684055240281,0.6386481302289105,0.5292642879581483,0.4510994377918341,0.6310948319532356,0.6230831902570532,0.4590683831077675,0.365172053204201,0.3066144026295198,0.3884997503360607,0.361481841353954,0.1291181192985783,0.1159543048494236,-0.0018674117913799,0.1755790672886997,4844,1566.71,0.3234331131296449,6.36676955,8.5697625,15.2108795,19.9737015,11.22617875,3.60517265,5.36404325,11.667429,14.901623,8.46927225,91.28002,212.524065,189.546075,56.295504,436.01643,484.83571000000006,928.70818,1292.37189,1470.1796,1118.27765,12.095578425,8.7461354,985.662094,5294.37303
2022,common_soft_wheat,Madrid,2794.0,23.93837642946105,42.31762860431763,19.785028990224937,7.3526634916591185,1.3807294025513286,0.279285663604998,0.1699308876538757,0.4120898323698986,0.3613345570601435,0.2089867858993115,0.1660149882521799,0.1347416454907316,0.2928451169466161,0.2597161448839966,0.1230175453687583,-0.0956801480009685,-0.0761822024465224,0.0332152131676958,0.0409491752445127,-0.1288618812231731,13093,20573.85,1.5713625601466432,5.969656199999999,9.206703,20.961461,27.0740845,11.84436285,-0.31905985,3.5896287,6.7198937,7.8403977,5.8760674,21.655603,212.95893,24.396845,21.022671000000003,223.817688,626.185,959.57444,1660.799,1670.9565,1403.31351,14.4834384,4.9304991750000005,503.851737,6320.82845
2022,common_soft_wheat,Murcia,1920.0,28.14212353531068,32.383473663801254,15.80811473143195,7.861866665395269,1.4499177163689994,0.2402235462939027,0.2831657584843862,0.3496242989753464,0.2870724656536381,0.2441517735606964,0.1542792613135309,0.2246077001973091,0.2714805734126971,0.2245869064549422,0.158170537906558,-0.0508075141506275,-0.0176480692402936,0.050756061257094,-0.0019215438739177,-0.0664354107535596,3129,8320.69,2.6592170022371366,9.1727,11.4308845,21.915002,26.736805,15.2498325,2.1096572,6.7353635,10.9518835,14.71748675,9.24386525,21.2314,313.42617,45.6108246,11.4769268,142.472583,670.7679800000001,994.59845,1689.93909,1624.79266,1542.65669,16.62584275,8.833686908333332,534.2179044,6522.75487
2022,common_soft_wheat,Málaga,1978.0,31.4056117216678,32.82147773423947,22.06149385701749,7.10139275801547,1.3994517617706483,0.2909939690875745,0.236320166174765,0.3710862737334837,0.306622052489505,0.1972193687583248,0.1737882260937279,0.1738262114526524,0.2460479056920949,0.2207158718917659,0.1034510213886769,-0.0722676185730552,-0.0410182058863135,0.0096999698835943,-0.0059183965331594,-0.1602195223638449,1694,5132.92,3.030059031877214,10.404086,12.0082305,21.1472785,26.1603945,15.660288,5.4668957,7.5666621,10.7813185,14.3332165,9.71473495,34.662586,291.83731,28.47866617,3.00448115,130.076665,692.06906,1050.76918,1715.73065,1696.47347,1669.7051,16.84009425,9.59626045,488.05970832,6824.7474600000005
2022,common_soft_wheat,Navarra,3748.0,31.32335790547628,24.970152669805643,31.35806266455273,6.954826134924855,1.298901861511466,0.2910053480667774,0.2129054296028058,0.4023889816201696,0.4667883895757829,0.2206663575779713,0.1777292276738824,0.1620611855395949,0.3007169964810381,0.3417870865671313,0.1386563748286336,-0.0586224028375376,-0.0586313518455615,0.0605875922872751,0.1289198536405325,-0.1133349619695932,48905,80066.63,1.6371869951947655,5.2007815,8.6353685,18.42867,22.3360895,10.8762212,1.79961218,4.5784122,10.8622215,13.863358,7.2846775,81.671135,189.65985,97.7325,90.363896,422.341625,523.23009,897.62714,1393.9616,1455.6144,1144.18823,12.725558650000002,7.612159813333334,881.769006,5414.62146
2022,common_soft_wheat,Ourense,2990.0,16.249732452434706,53.44489651287875,52.00591259343389,5.283026888645734,1.195422189596347,0.4862750188831026,0.396365048186968,0.3845958457463964,0.5524871027236834,0.3539780624966944,0.2795218453519761,0.263756332403336,0.263774287530524,0.4003432326118202,0.1697242887988908,-0.0214208654163577,-0.0409613711055033,-0.052917328411932,0.0744145282884195,-0.1523802076377093,7183,5222.41,0.7270513712933314,5.64351105,8.0210209,15.807498,21.752866500000003,10.537892675,2.05217005,4.26901925,10.57817,13.342231,7.351783375,57.157835000000006,200.21842,162.97315500000002,41.220745,367.526764,528.5972899999999,932.4517,1373.4888,1581.25409,1181.52246,12.050113633333334,7.490859508333333,829.0969190000001,5597.31434
2022,common_soft_wheat,Palencia,3207.0,26.83553580524947,32.61265872254773,23.38300995902138,7.347835062602215,1.3561270357835948,0.2519624709179415,0.1894192625151148,0.5214991981655333,0.498056773212945,0.2246135583455832,0.1542709505769544,0.1425266038496984,0.3692132885096841,0.3457211425680307,0.1210327228697765,-0.1269565826641152,-0.080090546793739,0.0899127170004336,0.1133107485777888,-0.1445521831221521,60420,121569.42,2.012072492552135,4.1005069,7.2853183,17.244556499999998,22.475249,9.85518765,-0.1617812249999999,2.65503935,7.946395000000001,9.903003,5.55285385,31.15918,173.573935,62.476811,22.499053,256.269965,558.4322,946.73608,1458.17745,1572.1069,1200.85222,11.802667666666666,5.241393970833333,545.978944,5736.30485
2022,common_soft_wheat,Pontevedra,2320.0,15.477679748859249,54.93373770262227,61.528604799526974,5.151694305375641,1.1701479186359975,0.7836105970640815,0.6040706031571461,0.5508094944693774,0.4860691611698905,0.6619557729062734,0.5950918048516554,0.4235701052621793,0.3843960696760395,0.3381324569613867,0.409583262949287,0.3178683608769212,0.0840343036570362,0.0961773568599608,-0.0057998323237442,0.1724162444000863,684,203.31,0.2972368421052632,7.854238,10.0148415,16.145355,21.1387235,12.53491225,5.013010749999999,6.60405465,12.707855,15.72488425,9.8096111,90.280793,268.74062,184.54889,30.695942,469.94408,513.62464,976.2353,1335.64854,1536.3219,1190.8865,13.370497083333332,9.944837808333332,1044.210325,5552.71688
2022,common_soft_wheat,Salamanca,2670.0,18.109806377959167,51.23045171113789,24.86092930572984,6.12553323366478,1.3795701483018383,0.2363056062886439,0.1815979069464738,0.4121525521820586,0.4785388930216965,0.2246104418185712,0.1503719658751967,0.1386323904799918,0.2948830622457429,0.3417922542197741,0.1269605278256405,-0.1308440642997538,-0.0840161946946189,0.0215346439381048,0.0975758584082129,-0.1132919467690003,21726,63441.91,2.9200915953235755,5.81107675,8.7883735,18.876848000000003,25.3450665,11.21582925,0.6603528814999999,3.5909197500000003,7.905835150000001,8.9590435,6.402826675,17.045839,180.992211,37.264751,21.2438654,268.93018,621.86446,973.46444,1531.41294,1669.05511,1357.52808,13.542170541666666,5.65363410525,525.4768464,6153.32503
2022,common_soft_wheat,Santa Cruz de Tenerife,1016.0,32.70205678621995,32.97358463013403,38.50748213094444,7.034813305143394,1.25841503859716,0.482686406416154,0.4162702231309531,0.4706776189281514,0.4546862790642143,0.3183812902834838,0.3222173511184516,0.3336534985894153,0.3847931725947132,0.3611686814150345,0.1734180996835833,0.1934502245467493,0.1542852020882048,0.1854874156826058,0.1346588718780379,-0.0162557351573713,417,95.64,0.2293525179856115,14.7398985,15.0435695,18.546336,21.4093735,18.35800175,9.2776995,9.933055,13.5769755,15.388418,13.51960225,57.534254,57.459091,14.1771017,12.001258,78.448417,905.30921,1381.72934,1663.83414,1607.2044,2062.31518,17.742530166666665,12.535892083333332,219.6201217,7620.39227
2022,common_soft_wheat,Segovia,2250.0,22.95033943412197,47.58392804435696,19.96673350457498,7.250836937457768,1.370242006893574,0.2128990601638863,0.1855171189366074,0.4238588593594529,0.5019514999200683,0.1894593744168857,0.1347558802218007,0.1443761150106782,0.3144413418617646,0.3730782163643022,0.1242657552374235,-0.1621574266624866,-0.0663707093771858,0.0119035318848654,0.1132619331186738,-0.1680271720967846,48805,67614.13,1.3853935047638564,4.3861324,7.41725375,18.4977765,24.605724,10.061033775,-1.20445011,2.2714313500000003,6.58219675,7.459702249999999,4.76372165,30.940834,187.21921,43.2127,23.7023003,236.166937,612.63467,962.5976,1590.6154,1657.65956,1324.91442,12.5048257,4.1060539233333335,521.2419813,6148.42165
2022,common_soft_wheat,Sevilla,2075.0,31.77131470630645,30.53762004011168,16.95241902290036,7.288286143117437,1.480187214073171,0.279299591119695,0.2284898667804617,0.4277630986197579,0.3007353862236304,0.1894341480310524,0.1699132530550779,0.1678995019978199,0.2832265740970529,0.2148238444924189,0.0956412787075101,-0.089817170532991,-0.0761750426919342,0.0351788790298227,-0.027388535711175,-0.191469878628736,14170,65331.45,4.610546930134086,11.751186,13.879281,23.809413,28.831557,17.130703,5.2251402,7.8776528,10.66796,13.2345035,9.94519375,17.4833275,204.887397,9.7068586,3.970710904,175.28311,707.3985,1062.19269,1686.9275,1700.19906,1617.90737,18.755473833333333,9.482607333333334,411.331404004,6774.62512
2022,common_soft_wheat,Soria,2171.0,24.14897133863889,38.1844620214656,21.79758516066749,7.418943188363471,1.364438552086122,0.2089703049260615,0.1894297531889162,0.3965079040215411,0.5019510699251842,0.1816104875842169,0.1230629849363517,0.136644804218777,0.2831938293251412,0.3613691755822662,0.1034930931731401,-0.1445087460747636,-0.0507222335713953,0.003876704420228,0.1054373724044856,-0.1620907577522371,88755,92744.03,1.0449442848290238,3.831505,6.5873387,18.191772,23.60186,9.404594975,-2.0521449,1.83570885,6.00491115,7.9772675,4.254311599999999,22.634562000000003,194.72165,44.72281,31.5247,237.462,608.53901,925.57725,1582.81614,1603.98374,1294.27533,11.836944275,3.7123943,531.0657219999999,6015.19147
2022,common_soft_wheat,Tarragona,2189.0,27.039674946850173,29.157641826116148,25.42767199008608,7.541700374846145,1.3779395177871585,0.2324159213385954,0.3456751583933483,0.2870982258050045,0.3456927827251303,0.2537917615537191,0.1503890398204656,0.244124475758504,0.2011253089129698,0.2480587041719377,0.1543345206718187,-0.0723028204110109,-0.0332950568906515,-0.0450468561003446,0.0019650364723635,-0.0820107808438098,8995,7338.23,0.8158121178432463,8.3385875,11.39929,21.4904185,26.100436,13.99972675,2.192721425,6.414622,13.0431415,17.245327500000002,9.557715775,11.5256375,223.83037,77.36762,117.917537,244.076378,617.84024,970.98758,1589.1332,1523.9517500000002,1352.30511,15.888030916666668,9.6685406625,674.7175425,6054.21788
2022,common_soft_wheat,Teruel,1820.0,22.47443950415829,33.79777589993578,21.10040503109295,7.412077456982944,1.4040643147552672,0.2168303494479833,0.1855510886184146,0.3105485016914923,0.3105512355588473,0.1933438577941768,0.1308519142974788,0.1347297886181414,0.2206810104720308,0.2284999312749836,0.1151938738914205,-0.1386716059034911,-0.1035045772477357,-0.0449027186444142,-0.0019914205437262,-0.1582082750068369,53228,40667.49,0.7640243856616817,4.66314745,7.19797825,18.980597000000003,23.5994755,10.204103525,-2.070417725,2.5450883,7.463026299999999,10.822159,5.06647285,14.4745927,240.853,80.87076400000001,90.912632,224.130508,639.14697,923.5325,1618.4366,1552.34625,1388.14661,12.474900875,4.815466929166667,651.2414967,6121.60893
2022,common_soft_wheat,Toledo,1896.0,24.03382423807433,44.03232096632096,15.83815342941664,7.521497534421158,1.4232979965825454,0.2206939062260192,0.1777431490136728,0.3007004182479992,0.2597557343194269,0.1855245476696073,0.1425704606953554,0.1347359302248218,0.2148352191140712,0.1855462478033201,0.1151984361132175,-0.1211433994706003,-0.1035075894509547,-0.0429934384497864,-0.0586099435220148,-0.1445346320751865,21380,49722.1,2.3256361085126285,7.04350875,10.364512,22.176517,28.57788,13.1819567,1.2772477,4.81166815,7.185437,7.7873058,6.97160465,21.3781557,196.272074,14.719898,17.8998812,238.626144,650.37811,977.70215,1674.3016,1684.86366,1470.05405,15.754388525,5.834144658333333,488.8961529,6457.29957
2022,common_soft_wheat,Valencia,1711.0,26.0008257832434,37.048684736688,22.372951102187645,7.601531685280463,1.4041003137156485,0.2167802221085329,0.3457265510314365,0.2675889250511749,0.3066242023500689,0.2324619425755048,0.1347262704684551,0.2520019497007057,0.1816139825784391,0.2245653447029195,0.1347730034539203,-0.1134198430935717,-0.0175194272019867,-0.0723415473014345,-0.0214627363005391,-0.113362040191825,2533,2946.3,1.1631662060797474,8.18692065,10.57460725,21.1251975,26.305131,14.007086625,1.5127313850000002,6.11866365,12.2849935,15.0427555,9.295575875,22.88052,366.48839,69.781762,40.905238,304.805569,640.15908,912.31224,1641.92199,1564.9517,1419.32802,15.701004941666667,8.925049297500001,804.861479,6178.67303
2022,common_soft_wheat,Valladolid,2530.0,25.05730563338003,44.38433851977854,16.605732397771998,7.537662389100126,1.368638307984791,0.2207005911289714,0.1816111250296019,0.4902705352584449,0.4550674990931815,0.2011466921019564,0.1386286174337829,0.1425484530453669,0.36526754431537,0.322258772585942,0.0997121195523338,-0.1504175747395958,-0.0800656664633776,0.0820324042894916,0.0898249463131025,-0.1523600660599391,40007,108613.74,2.7148683980303447,4.9350003000000005,8.7320753,19.5152675,25.314184,10.98436635,0.2099137699999999,3.26057305,7.31937735,8.468592000000001,5.983728625,18.863665,155.69571000000002,33.665485000000004,13.0513071,217.73768,595.45456,975.6536,1544.8557099999998,1659.4704000000002,1285.55076,13.410876633333332,5.204318903333333,439.0138471,6060.98503
2022,common_soft_wheat,Zamora,1602.0,20.944712657487724,43.92237419003452,25.184467164860514,6.42948867049523,1.3298581028586076,0.2675637755873242,0.1737974918847135,0.4081985066583157,0.3066427134826809,0.2245765660289586,0.1621273011795952,0.1308237770894742,0.2832267347349637,0.2089774580877153,0.1230453165370184,-0.105468785865318,-0.1054714962054881,0.0273031413190683,-0.0351528201411462,-0.1289302415329024,36254,69855.61,1.926838693661389,5.180668450000001,8.54069715,18.662454,24.8263855,10.741969325,0.412192195,3.0694275,7.4986265,8.891257,6.171582975,17.534537999999998,152.277557,51.43517,19.0158577,244.957127,585.34088,965.5285,1502.73433,1645.3834000000002,1272.85441,13.115690625,5.369111524166667,485.2202497,5971.84152
2022,common_soft_wheat,Zaragoza,1965.0,28.48526921389855,27.13269446924836,19.52018178987687,7.699227047889838,1.4005314565905318,0.2363380715525427,0.2402391314209179,0.4550865187305208,0.3808660521165257,0.2050598551965535,0.1504058135431677,0.1854977032845675,0.3398391658307534,0.283188962639775,0.1308549267911085,-0.1055107354916007,-0.0371476714307455,0.0741924319161586,0.0488617447448481,-0.1289762137525306,54407,64332.04,1.1824221148014042,6.2217465,9.802464,21.819972,25.905027,12.1265426,0.5456925699999999,4.3625817,8.5033832,12.0115395,6.7770106000000006,16.856461,166.942366,54.882156,74.24543,224.734112,614.2432200000001,946.4349,1599.41406,1583.82065,1340.2214,14.667049116666666,6.496203028333333,537.660525,6084.13423
2022,common_soft_wheat,Álava,4500.0,31.5827763496144,25.36169499958537,33.23610968294773,6.722444370732785,1.2771215689526494,0.2480110823761497,0.2519125474780008,0.4549188064004714,0.6348279707001113,0.2324413345118171,0.1230370862475452,0.1738013969284298,0.3065818561249351,0.4902321358154102,0.1152902915015318,-0.1191349946911772,-0.0507123259071595,0.0450548344374628,0.2832038652722085,-0.1582538183759845,20083,19526.99,0.9723143952596724,4.649502,7.881838,16.3482115,20.7425115,10.462038,1.90743655,4.47018075,11.371002,13.89061975,7.278185525,73.518913,191.9874,84.927284,44.885819,447.26434,493.24331,873.40314,1284.75311,1367.0207,1084.16086,11.757689833333332,7.69926835,842.583756,5102.58112
2022,common_soft_wheat,Ávila,1855.0,18.84587684120659,52.67248967780342,26.25381735908533,6.769433481413691,1.3472347846903128,0.267583012859955,0.1737821199055691,0.439509833557821,0.4589758790609295,0.2323530768373993,0.1854994541757053,0.1386422498814643,0.3418123427895944,0.3300909794193591,0.1464500848585475,-0.1054477947110427,-0.0918090249364074,0.0448875192121044,0.0722209072662625,-0.1288485462751698,15452,34809.66,2.2527608076624386,4.7635377000000005,7.10906475,17.9736915,24.4907465,9.972603425,-1.06955988,2.4046878,6.6462638,6.8893866500000005,4.9147919,23.753155,232.57436,45.164888,28.678196,288.298445,633.6151199999999,975.25493,1615.62767,1676.2675,1388.60303,12.38037455,4.116727028333333,618.469044,6289.36825
2023,common_soft_wheat,A Coruña,3040.0,16.8174956794124,45.38603802117088,56.51798682220782,5.187478829120761,1.198658446748758,0.6387200941347229,0.7519108582420387,0.5682230312559018,0.4277508278176071,0.7169293338611146,0.4197430115317301,0.5763498325210359,0.3870249484091687,0.2754702581720143,0.4804537136154796,0.1695602715327456,0.2616098815231276,0.1131853904611953,-0.0665643246591317,0.2695561687170387,1883,702.41,0.3730270844397238,8.0749848,11.813865,16.4895105,18.834619,13.9365815,4.9531378,8.6889633,13.06734,14.9501405,11.3669375,275.4814796447754,191.1764144897461,170.56733322143555,63.990570068359375,801.9270477294922,490.91575622558594,947.4617614746094,1379.6207275390625,1324.8739624023438,1047.6093139648438,13.847690383333337,10.732242766666666,1503.1428451538086,5190.481521606445
2023,common_soft_wheat,Albacete,325.0,24.808089988498978,40.84869918043516,16.202073223185316,7.77704961335989,1.4307609142846458,0.1854805921717545,0.2089849410462024,0.2402541036646628,0.2363179590199639,0.1659869013083069,0.1151880545057385,0.1542811467653893,0.1699387103546356,0.1660018116598048,0.1034659462718552,-0.1601886639867877,-0.1289286776135477,-0.0976679186251407,-0.1132875484628775,-0.1679915930470764,16275,59276.9,3.642205837173579,5.36635825,14.295282,18.5340465,27.1162175,14.830561625,-0.451295715,0.56177918,9.55471035,10.1675125,7.40092,29.609514236450195,9.631369590759276,187.4990234375,15.693615913391112,158.45870399475098,642.5547790527344,1336.5764770507812,1439.7955932617188,1661.2501220703125,1471.255859375,15.828837916666666,5.772424385833333,400.8922271728516,6551.432830810547
2023,common_soft_wheat,Alicante,290.0,28.14081783274487,32.7017122972431,19.33509823066453,7.803332708707288,1.4283765640307449,0.3027399092193322,0.3653164848395848,0.3183083170039553,0.376913639873096,0.3494700623759378,0.2127413893537691,0.2948750408353944,0.2519317590193299,0.3026285442343566,0.2519580375410408,-0.0351659670298432,0.0096312461082637,0.0098258965260886,0.0175451844213671,-0.0039496196127439,1013,1264.39,1.2481638696939783,8.9270535,16.0226475,19.9060165,27.202928,17.704268,2.1779105000000003,5.2599545,13.397718,18.371951000000003,11.421029375,32.282511711120605,8.178064823150635,185.64735412597656,21.10160446166992,167.15840244293213,659.7663269042969,1331.6304931640625,1484.4664916992188,1577.2408447265625,1511.8949737548828,17.91119691666667,10.341598791666668,414.36793756484985,6564.999130249023
2023,common_soft_wheat,Almería,80.0,24.65662421812085,39.35405773908459,16.518651100140257,7.673561929359524,1.4301057094426903,0.2675634102081128,0.341847167386964,0.3300053619805307,0.3730075057169404,0.3340046454773517,0.1815424713592097,0.2636344201908962,0.2521007025939492,0.2832044584634856,0.2207019919162558,0.0018196028629953,0.0370690110856941,0.060505324822781,0.0526726160181684,0.0567822334597586,1006,2146.37,2.133568588469185,7.9191802,15.3749145,18.9360525,26.617259,16.6801235,1.8111452,3.6592046,11.849100750000002,14.720649000000002,8.856910425,38.43069362640381,10.9269700050354,201.70085906982425,14.90433931350708,89.04820156097412,692.9414672851562,1372.7506103515625,1502.641357421875,1648.0302734375,1650.07177734375,17.034608866666666,8.292320066666667,355.01106357574463,6866.435485839844
2023,common_soft_wheat,Badajoz,1103.0,21.418389931563453,45.44558736513142,18.433958609800072,6.540236159018335,1.4420478317211065,0.3691375961230076,0.2011466481618839,0.3066383219161293,0.2128660552923535,0.2168079521454239,0.2167693262258455,0.1287490062733618,0.1894479046855867,0.1386567777449707,0.1113079680306723,-0.017599538858653,-0.1367593939576801,-0.0722707319886505,-0.1308752316836968,-0.1523654913614881,30559,85398.74,2.7945528322261857,8.40628925,16.4081245,22.3069115,28.504983,17.11563375,2.9421735,4.3263681,9.3052147,9.1696865,9.96689725,33.96575450897217,20.856332778930664,77.4318733215332,0.6824480295181274,242.7249336242676,666.0813598632812,1292.11279296875,1537.1264038085938,1739.8859252929688,1439.7883911132812,18.309595958333333,7.612872883333334,375.66134226322174,6674.994873046875
2023,common_soft_wheat,Barcelona,1026.0,26.204354638848468,32.753960683736054,29.990155084554463,7.185439990586382,1.3308924085894462,0.2441747029793772,0.2910367217921215,0.4667363662960732,0.3457162443658822,0.2168378254145282,0.1425532102109554,0.1894727427496559,0.3379055292919062,0.2284853418608658,0.1230061310900147,-0.0996421018580825,-0.0996433326703925,0.0800886475576119,-0.0331957753896515,-0.1367527326566069,31119,24806.26,0.7971419390083229,5.2198548,11.97884,17.564691,23.478761,13.64588475,0.7490481800000001,5.5190935,12.728238,17.238692999999998,10.128797075,75.42855072021484,51.6617317199707,224.7386016845703,129.22919464111328,249.38739776611328,585.3418273925781,1176.2293090820312,1373.6863403320312,1415.8796997070312,1284.5230102539062,14.255652716666669,9.415444471666666,730.4454765319824,5835.660186767578
2023,common_soft_wheat,Burgos,2637.0,28.704485606590584,31.060509805013474,24.87810186587034,7.255276655331994,1.342514301757512,0.2324367566045443,0.2519222816074636,0.3925599643484986,0.3340026220139877,0.216803488317865,0.1386661328509132,0.1738263935053136,0.2793067131442436,0.2129085089059727,0.1073878856306676,-0.1210803263809928,-0.105495344217491,0.0038443824131736,-0.060581447114859,-0.1445419187076934,200704,185308.28,0.9232914142219388,2.9033731,10.0247135,15.2248095,20.820233,11.84706725,-0.500879015,2.8575624,9.19057,10.723205,6.4007294,129.5851707458496,50.0667781829834,155.36527252197266,26.375757217407227,267.59649658203125,506.218978881836,1056.3463439941406,1359.62548828125,1478.1221923828125,1217.463150024414,12.1112106,5.845319530833333,628.9894752502441,5617.776153564453
2023,common_soft_wheat,Cantabria,2200.0,26.518497065553525,34.15904029717853,48.03415414859565,5.901187501396216,1.1880124590310424,0.8223862522470939,0.6192457460620172,0.5845034898127809,0.455154118060221,0.8729021606300333,0.6664676297711988,0.4275994217035199,0.4085439308504538,0.2989928035619565,0.6857119297999542,0.3652695829254848,0.1037364322730066,0.1287681145564665,-0.0020610833561746,0.425799429399215,1395,702.87,0.5038494623655914,4.74863665,10.3485375,14.955364,18.235388,12.53809125,1.53368645,5.98418775,11.6513225,14.5805665,8.58287185,264.79071044921875,110.85283279418944,256.8238067626953,130.5612030029297,333.2054977416992,481.3772583007813,982.297393798828,1242.9395751953125,1131.5292358398438,1146.505889892578,12.227351441666665,8.485917816666666,1096.2340507507324,4984.649353027344
2023,common_soft_wheat,Castellón,1590.0,25.020657600298016,35.18430293109192,25.18941010889611,7.478638418212487,1.3693323784264495,0.3652317075029108,0.3730149211475006,0.369184399034389,0.36524194482385,0.3885125685881715,0.2167830999101752,0.248124931839423,0.2401669615151355,0.2518745464279726,0.2208368170849252,-0.045014765840987,-0.0410093545212359,-0.0292965040792936,-0.0372531578676278,-0.0529164764174128,1335,910.44,0.6819775280898877,6.2438068,13.646707,18.3949665,24.6647295,14.92166625,-0.249563735,4.3429518,11.130804,16.619925,10.111147325,33.29742813110352,14.140979766845703,164.1418495178223,47.04086112976074,259.7089385986328,641.6052551269531,1256.001953125,1420.8869018554688,1510.0174560546875,1350.4483947753906,15.465590383333334,8.677735285833334,518.330057144165,6178.9599609375
2023,common_soft_wheat,Ciudad Real,500.0,25.540821734229457,43.21070474494339,17.036367121796776,7.364130323396798,1.433797668518283,0.2011452968339314,0.1972478181762551,0.2363273786403245,0.2206992926860622,0.1835053439710342,0.1230150904720802,0.138667240418186,0.1543092511827804,0.1543039221052167,0.1034695776870456,-0.1425736673531189,-0.1367168197236593,-0.0977147190799832,-0.1289146388721267,-0.1445234132187783,16310,43293.41,2.6544089515634584,6.2679613,15.1033135,20.7589815,28.9133525,15.67202225,0.825751512,1.5260249499999998,8.0571305,6.3358195,7.85131675,37.66742515563965,18.76274442672729,106.39561462402344,4.240149617195129,240.4847869873047,654.7220764160156,1315.1536254882812,1501.2559814453125,1727.0189819335938,1449.3614959716797,17.06460888333333,5.407893327,407.5507208108902,6647.512161254883
2023,common_soft_wheat,Cuenca,800.0,24.3775694278534,38.26548047834629,18.5023914290409,7.574921749070817,1.4037943711750291,0.1855229061884946,0.2167886811147794,0.2636481548699819,0.2324182680381004,0.1698906953979925,0.1112830290448708,0.1582022905564795,0.1816382018701604,0.1582172743035301,0.095657220560826,-0.1621097241096979,-0.1191361653794782,-0.0820776875902743,-0.1191502146860544,-0.1620849232552646,30453,46411.68,1.5240429514333562,3.8639539,12.4894365,17.4969525,25.971489,13.264987,-1.44258045,0.61055723,8.1596507,8.52304365,6.973230675,45.08296298980713,16.633994579315186,175.2261505126953,11.403282642364502,289.3813056945801,621.946533203125,1296.3421020507812,1456.1761474609375,1685.7242431640625,1369.3016967773438,14.39196765,4.966188746666667,537.7276964187622,6429.49072265625
2023,common_soft_wheat,Cáceres,805.0,17.110187741336116,49.48306677938192,24.119467904773227,6.249366989402125,1.4092271256290698,0.3652941085214285,0.2636815491469949,0.2519386175845726,0.2753725238896219,0.3300880139157937,0.2362714868283078,0.1893767226515347,0.1737523880944233,0.197228987854026,0.1816478056395493,-0.0214065515760991,-0.1133489919296709,-0.1055390098555328,-0.0995658910556269,-0.0820109946013523,3155,6749.58,2.1393280507131536,7.388897099999999,14.8684175,21.114693000000003,27.6032935,15.89308625,2.2690137,5.06446175,9.7701725,9.4707485,9.9091615,61.299628257751465,40.06739234924317,112.3862533569336,0.3346989750862121,473.1751823425293,649.5730590820312,1241.4596557617188,1505.578857421875,1730.9931030273438,1330.177703857422,17.126912266666668,7.732119908333334,687.2631552815437,6457.782379150391
2023,common_soft_wheat,Cádiz,1328.0,32.30254239464251,32.14110893702688,22.84139486334083,6.959262369169773,1.41145303721279,0.2636276276516232,0.2128309775914275,0.4668085071627714,0.255814978499679,0.1816215022193823,0.1425276110449542,0.1463887710127168,0.3182970271122246,0.1816674862616702,0.095673231996961,-0.1367593616675642,-0.1386278377144184,0.0663113608120733,-0.091810790057117,-0.2070865624308311,1941,12070.12,6.2185059247810415,11.4135635,17.285639500000002,21.707811,27.157702,18.76543025,6.6274855,8.342678,13.409496,15.5662275,13.1770725,55.31053161621094,22.651318669319156,83.59686660766602,0.4161959886550903,273.44322681427,706.8606567382812,1334.2990112304688,1578.938232421875,1709.8978271484375,1623.005874633789,19.182596083333333,11.716672,435.4181396961212,6953.001602172852
2023,common_soft_wheat,Córdoba,1120.0,27.977760955586824,35.93623331493473,18.0370448614793,6.989155646943889,1.4420640893083423,0.3848361932074,0.2519516375975063,0.419899556195316,0.2714976897134759,0.2636873113483084,0.2402530738960369,0.1816329845209178,0.2910094110294766,0.1972834377306929,0.1503375765788198,-0.003833037696647,-0.1035474271228523,0.027355803235332,-0.0996411282098557,-0.0995866664557969,8103,24135.18,2.9785486856719734,8.55700625,17.1073795,22.4142435,29.824808,17.54537325,2.64860055,3.79841925,9.5833385,9.229843,9.463873375,39.27467441558838,19.38611459732056,103.77054977416992,1.6830900311470032,215.96209716796875,684.0549621582031,1332.158935546875,1526.03125,1733.4164428710938,1518.5802612304688,18.83236395833333,7.364658008333333,380.0765259861946,6794.241851806641
2023,common_soft_wheat,Gipuzkoa,5000.0,27.9889240972096,29.453684319887792,47.454498151563165,5.469569621568271,1.1470976944321791,0.8299178620479107,0.6503174214846146,0.7411864241420297,0.4891235337906124,0.5539293261237255,0.6930871153433036,0.5220334372633055,0.6105145300423889,0.3669127931561656,0.2983185544606986,0.3569442114677889,0.1594182389722793,0.302559234712126,0.0582152432018383,0.138434645817253,1,0.54,0.54,5.79406475,11.0690005,16.0417895,19.1253185,13.85830175,2.3166143,6.7686072500000005,12.94066,15.696608,9.773501075,226.2605018615723,150.92842864990234,260.90274810791016,144.29850006103516,412.23354721069336,457.2159423828125,930.2084350585938,1251.2666015625,1184.7689819335938,1123.4527740478516,13.291129458333332,9.544915283333332,1194.6237258911133,4946.912734985352
2023,common_soft_wheat,Girona,2256.0,24.476401855517217,35.04049237182743,36.777612495839975,6.784815616004859,1.2801373830084133,0.5584118989491161,0.3066118155482121,0.6385928952429568,0.3691079035392412,0.4550803778619139,0.3554000049309651,0.2090163885186084,0.4628805066201491,0.2441651655878096,0.2596699640135608,0.1386250580798605,-0.0957142471256719,0.2324269565512948,-0.0097918428981719,0.0448993615161492,15840,15231.3,0.9615719696969696,5.7253043,11.51275125,17.938861,23.1953065,14.034012,0.691220625,6.14203615,12.167795000000002,16.9446895,9.9499915,90.22321701049805,117.37146759033205,221.54104614257807,157.23382186889648,217.14033126831052,565.6883087158203,1088.2317504882812,1379.638916015625,1375.2062377929688,1266.069595336914,14.406707841666666,9.3076207125,803.5098838806152,5674.834808349609
2023,common_soft_wheat,Granada,465.0,25.37142730345376,36.99702425585095,19.547918796864348,7.429837891956373,1.4011652536355377,0.205051825186891,0.2675409341788781,0.3027252670555186,0.3105710640356427,0.19338146748036,0.130843203100564,0.1972735283680206,0.2168319997868481,0.2227575093087063,0.1152007773821189,-0.1055053107038164,-0.0566795920832201,-0.0136628029964344,-0.0430180664224006,-0.1056117486126314,3993,9777.25,2.448597545704984,5.52434205,13.873479,17.9331975,26.656703,14.6397585,-0.036340765,0.999775,8.7056247,8.63448725,6.041654375,47.8649787902832,15.185708045959473,196.88797760009768,12.941048622131348,176.33308792114258,702.2776184082031,1373.4559326171875,1480.1685791015625,1684.5211181640625,1625.0102081298828,15.544539758333334,5.0644758225,449.2128009796143,6865.433456420898
2023,common_soft_wheat,Guadalajara,1799.0,23.64379090165741,34.41609728768813,21.88481025817056,7.33873430562416,1.3712528918954368,0.2206683432751056,0.2050836943766557,0.3144121302648168,0.2714826088174852,0.21289586990539,0.1269337045358132,0.1386715333562301,0.2168097031731217,0.1777411472458205,0.1113011261633529,-0.1503683153131481,-0.1348085669918713,-0.0527537994995197,-0.0996127076667917,-0.1445506627471821,74922,69192.32,0.9235247323883506,2.88039395,11.0686965,16.38970525,24.5037385,12.03234175,-2.03026205,0.31772666,7.485680100000001,7.048272600000001,6.00837845,58.97600269317627,27.61839008331299,156.53900909423828,13.487707138061523,293.5966262817383,592.9701995849609,1239.62255859375,1453.0314331054688,1665.5223388671875,1304.6530151367188,13.15120295,4.139695701666667,550.2177352905273,6255.799545288086
2023,common_soft_wheat,Huelva,1693.0,21.64026163403111,47.16316770994197,22.531403594582663,6.4534755998146105,1.4502325065903123,0.3496803378317093,0.255862522827969,0.4159908774744902,0.2832311334658063,0.2011258064373532,0.2166774614574811,0.1817357060580368,0.2909779498373585,0.201147197842448,0.1190751332319827,-0.0566436275617794,-0.1073717461825069,0.0254045534546165,-0.0879414994936865,-0.1738874825248851,2275,4183.24,1.838786813186813,10.592992,17.696592,23.016406,28.628045,18.24472525,4.96986055,6.7682752,11.487739,11.61802525,12.19803325,33.79861068725586,12.88286542892456,69.29173851013184,0.183595061302185,242.60757446289065,685.3059387207031,1327.2448120117188,1578.5885009765625,1737.6692504882812,1535.5782470703125,19.40391425,9.87332775,358.76438415050507,6864.386749267578
2023,common_soft_wheat,Huesca,1766.0,26.58874404243393,30.187439148002905,33.42726025881975,7.267331212487676,1.316439111840041,0.322274792006561,0.3027160969677324,0.4902277200019289,0.2871137448533952,0.2246187028039573,0.1933708451530744,0.2167863648498822,0.3535286207038708,0.1816279040212701,0.1269677566678663,-0.0527172451865556,-0.0840103911441374,0.0898517026265443,-0.0741897244863483,-0.1524566612881723,46218,81183.89,1.7565426889956297,2.41320615,10.6532015,17.03808,23.137274,11.79768,-2.2797374,2.29002475,8.6137758,12.2077625,6.978276775,114.3471450805664,50.58394813537598,189.8105926513672,103.09214401245116,306.23685455322266,607.8927307128906,1184.335693359375,1442.2634887695312,1541.0213623046875,1301.2982940673828,12.806186941666668,5.7980632000000005,764.0706844329834,6076.811569213867
2023,common_soft_wheat,Illes Balears,1870.0,27.33129873118016,35.992629600353304,28.276301755714144,7.242465755966496,1.379667115707908,0.4315805204099643,0.1972258089647612,0.4276554356085199,0.2285450574118013,0.4199879132100121,0.2754202490164044,0.1347774759229864,0.2870726614134827,0.1543443826886306,0.2519994256549058,0.0409919137700551,-0.1699260530853564,0.0448430387152674,-0.1582432841434893,0.0292746447867532,5920,5139.73,0.868197635135135,10.9661575,15.098332,21.110017,26.896816,19.53556925,6.4041115,9.76446925,15.41025,20.491464,15.179846,112.021390914917,25.0286808013916,65.80922508239746,72.56594157218933,244.99465942382807,606.9769287109375,1285.2491455078125,1512.3212890625,1543.522705078125,1462.7921905517578,18.85707683333333,13.738331125,520.4198977947235,6410.862258911133
2023,common_soft_wheat,Jaén,770.0,30.688116173516992,29.78343230591621,19.18514732549988,7.46462718569945,1.4138276559180596,0.3652058870929312,0.2753727516516394,0.349643575511375,0.2988537204824608,0.3320558919576023,0.2324636900473511,0.1894432502035709,0.2441107505524496,0.2011561817106027,0.1933403240894255,0.0136380512300825,-0.0879046568902388,-0.0117274165189819,-0.095703232047731,0.0039101870608443,1325,2634.5,1.988301886792453,6.698718,15.4418915,20.824396,29.2676965,16.053427,1.136470725,2.1024954,8.4250145,7.08583615,7.552896,64.07149696350098,20.883185863494877,123.5359992980957,7.217095851898193,219.9973545074463,674.5314025878906,1337.1719970703125,1489.2258911132812,1712.2545166015625,1529.2923278808594,17.389926,5.6426014625,435.705132484436,6742.476135253906
2023,common_soft_wheat,La Rioja,2346.0,28.12442067559485,29.71901618110145,25.75944795249755,7.2019767906766194,1.3299673371068308,0.2558286663851339,0.2832248458904224,0.3652562941603384,0.3144498474177907,0.2129507741233104,0.1464611553401259,0.2012156227692109,0.2480389973980971,0.2011711410503912,0.1073419067412447,-0.1055996599318017,-0.0644100890926734,0.0116458788836987,-0.0449106695298472,-0.1289498205928851,32910,24284.81,0.7379158310543908,2.89238325,10.289647,15.2373445,20.553385,11.982447625,-0.9742972,2.83794,9.3631241,11.997551,6.4288637,127.43027114868164,50.86324596405029,221.6316146850586,59.99262619018555,244.5040626525879,523.9660797119141,1080.7493591308594,1354.40087890625,1477.5623779296875,1242.543212890625,12.156275833333334,6.013674216666666,704.421820640564,5679.221908569336
2023,common_soft_wheat,Las Palmas,1000.0,25.810032702265115,43.41993635882721,20.35506831674174,7.67681131541121,1.3702478585894209,0.3761688889785198,0.311228435591324,0.3026992217826756,0.2480762481574364,0.4199057672260085,0.2486238120238988,0.2058634770122388,0.213446073136401,0.1599898893006716,0.2871970393556874,0.1481170409463837,0.0448308629098493,0.0843783801690791,-0.0254702417779571,0.1893893284365248,118,104.27,0.8836440677966101,16.4175885,18.9263705,21.04361,23.5406475,21.03114275,10.5202815,13.445176,15.4649385,18.037436,16.205385,32.176424980163574,4.237565040588379,15.96646213531494,5.749035835266113,85.7658622264862,870.4688110351562,1455.2050170898438,1615.3929443359375,1564.0371704101562,2068.5541381835938,20.331750333333336,14.979767,143.8953502178192,7573.658081054687
2023,common_soft_wheat,León,1225.0,21.7109395695188,41.01995601706934,40.73160813987658,6.364580219073536,1.2637501117939414,0.2675871875244136,0.3339310570159672,0.2675725301569479,0.4199134383813078,0.2538447896773951,0.1347534681913913,0.2246237033074256,0.1660020213308455,0.2832568097510455,0.1131623693639143,-0.1445966896325081,-0.0352537061146048,-0.097705867464298,0.0117938335870387,-0.1758210592815315,41512,46343.47,1.1163873096935826,2.49673115,9.257807,14.591940999999998,19.7589815,10.397503425,-1.11190437,2.6663184,8.35382965,10.0532625,6.248674725,165.04854202270508,64.21182441711426,159.4898681640625,27.746108055114743,373.5139389038086,537.6548156738281,1078.4998474121094,1384.7057495117188,1486.2217407226562,1148.156837463379,11.150077916666667,5.409809271666667,790.0102815628052,5635.238990783691
2023,common_soft_wheat,Lleida,607.0,26.80088779228917,29.478447761727296,36.8381330183701,7.17928910655981,1.3082891532821035,0.3691449434434986,0.3495950484981099,0.5605470623665388,0.3690794237387477,0.2402263364021293,0.2285109878576286,0.2519792767317646,0.416005900212547,0.2519433864076158,0.1464508960256187,-0.029312518217938,-0.0566327629650452,0.1445611995144518,-0.011796930660755,-0.1368046750606131,61587,56950.69,0.92471934012048,2.75275405,10.521471,16.286527999999997,22.4328445,11.563724375,-2.55763375,2.30139585,9.21901775,13.5011285,7.05155775,75.65085220336914,50.10435104370117,225.50552368164065,129.09187698364258,245.50885391235352,601.2537384033203,1187.7525634765625,1384.55859375,1489.8518676757812,1320.1980895996094,12.520174383333334,6.094503974999999,725.861457824707,5983.614852905273
2023,common_soft_wheat,Lugo,2480.0,16.86948151240638,45.92492350279246,55.1018177413162,5.189617673244169,1.159444550632349,0.7828945668752463,0.6973372557146327,0.6112416090168469,0.4862079202686902,0.603611556023892,0.5997127689222901,0.5253616035907485,0.4239619624537977,0.3379258158488916,0.3775103824500299,0.3458139695673257,0.2011029464252577,0.1597589221225652,-0.0059514365113217,0.1364520133604362,4844,1566.71,0.3234331131296449,5.3844225,10.564993,15.457012,18.6438865,12.4310865,2.6436775,6.712047999999999,11.5823235,13.5121345,9.3547879,298.3196334838867,154.1769027709961,183.6968879699707,61.4669361114502,622.6808624267578,493.7109069824219,972.6360473632812,1349.2200317382812,1380.7243041992188,1077.1885528564453,12.4854145,8.859959883333334,1320.3412227630615,5273.479843139648
2023,common_soft_wheat,Madrid,1363.0,23.93837642946105,42.31762860431763,19.785028990224937,7.3526634916591185,1.3807294025513286,0.2285105005331673,0.1972915160416879,0.3261369689326022,0.2519350864997679,0.2167282735213048,0.1386304024957081,0.1386192417674039,0.2284813353632653,0.1660327919379768,0.1191147504898974,-0.1309161468757344,-0.1464932460092521,-0.0371003192018879,-0.1152612859971094,-0.1367815329742484,13093,20573.85,1.5713625601466432,4.57843045,13.053853,18.739607,26.5194065,13.57270175,-0.47462937,1.465634725,8.281491149999999,7.22741,7.5160055,42.87862968444824,21.71378898620605,128.7984390258789,4.80751645565033,276.2430229187012,603.5077667236328,1273.3046875,1503.6212158203125,1698.0916137695312,1337.9575805664062,15.006116741666666,5.255319584166666,474.4413970708847,6416.482864379883
2023,common_soft_wheat,Murcia,420.0,28.14212353531068,32.383473663801254,15.80811473143195,7.861866665395269,1.4499177163689994,0.2206822473772751,0.3184338767625137,0.2870914976729968,0.3457043012133231,0.2753878329900514,0.1464571354323948,0.2558100103035113,0.2245660579790223,0.275418892816368,0.1855334465443098,-0.0820816641256767,-0.0097729302213272,0.0019211278178958,0.0135968353903134,-0.035120399165344,3129,8320.69,2.6592170022371366,8.0772265,15.8409035,19.6740285,27.247074,16.8794205,1.30314945,3.79319155,12.4439625,16.295378,10.0343124,26.790682315826416,6.67508339881897,169.7697868347168,17.593687057495117,111.64758777618408,666.7229919433594,1350.9022216796875,1467.1194458007812,1609.8050537109375,1562.359603881836,17.43301225,8.98405105,332.4768273830414,6656.909317016602
2023,common_soft_wheat,Málaga,800.0,31.4056117216678,32.82147773423947,22.06149385701749,7.10139275801547,1.3994517617706483,0.3379349390533158,0.2206705616892287,0.3613166278354571,0.2324166755668137,0.2402692193017154,0.1972042983895126,0.1504086324465272,0.2441799662849059,0.1581960175433446,0.1308578767546408,-0.0331319123578345,-0.1132913402023275,0.0019414749645416,-0.1151991770347776,-0.1054643291660633,1694,5132.92,3.030059031877214,9.2918155,15.8878745,20.1509365,27.2454655,17.17708125,4.516438,6.2957316500000005,11.920544,13.913534,10.6434425,49.14500999450684,17.68807888031006,103.57904434204102,3.2896974086761475,202.328106880188,704.4219055175781,1347.3110961914062,1526.1804809570312,1704.7921142578125,1628.9825134277344,17.821709083333335,9.655522108333331,376.0299375057221,6911.6881103515625
2023,common_soft_wheat,Navarra,3903.0,31.32335790547628,24.970152669805643,31.35806266455273,6.954826134924855,1.298901861511466,0.2987959195161391,0.2519550689465658,0.4511907552578071,0.2636613835631134,0.2596781407324525,0.1894740557464163,0.185492193646366,0.3301254889611477,0.1894286905138723,0.1386887641034069,-0.0663631720736826,-0.1035552174281578,0.07415572876221,-0.0586705883366698,-0.1133449587746654,48905,80066.63,1.6371869951947655,4.04059135,11.0320425,16.607136,21.0888045,13.0078821,0.29789051,4.6750877,10.8861517,13.9437095,8.278973825,133.44707870483398,91.26773452758788,175.12216567993164,72.73156547546387,286.6045608520508,515.8551330566406,1028.3806457519531,1349.7125854492188,1362.3480224609375,1200.978530883789,13.130723091666669,7.726797843333333,759.1731052398682,5457.274917602539
2023,common_soft_wheat,Ourense,3100.0,16.249732452434706,53.44489651287875,52.00591259343389,5.283026888645734,1.195422189596347,0.4901211231441168,0.5097915384253989,0.3612678417512617,0.6190052203526932,0.4510131333197392,0.2871054430749215,0.3455386005836697,0.2481094054187426,0.4590434709162657,0.2323300148140851,0.0408969066133392,0.0722262778923372,-0.0720185920926142,0.1598198255201901,-0.0427062420542544,7183,5222.41,0.7270513712933314,4.49846665,10.22505925,15.4945595,19.382661,11.8349925,1.120413529,5.448702000000001,10.3757572,12.058918,8.493968875,231.0689182281494,134.4578628540039,208.34720611572263,21.851730346679688,705.9408493041992,540.2157592773438,1012.0339660644532,1397.6873168945312,1526.4408569335938,1086.842056274414,12.211788566666668,7.665288079833334,1301.6665668487549,5563.219955444336
2023,common_soft_wheat,Palencia,2528.0,26.83553580524947,32.61265872254773,23.38300995902138,7.347835062602215,1.3561270357835948,0.2636422148253747,0.2245824694340081,0.4199650714326678,0.2949338812094926,0.2285896712159964,0.1621124150614669,0.1581967656440436,0.2949820415918317,0.1894639920238952,0.1152329175112119,-0.1152410854867211,-0.1367527851280494,0.0058994765479602,-0.1132387457293159,-0.1895105607608282,60420,121569.42,2.012072492552135,2.87009825,10.163699,15.4903045,21.344611,11.546558825,-0.6308233750000001,2.6971123500000003,8.8362885,10.037318,6.43664585,102.0465259552002,40.35626220703125,137.59112548828125,18.604419708251957,282.2546920776367,528.8512420654297,1081.396453857422,1417.7239379882812,1513.642333984375,1208.9219360351562,12.160305066666666,5.635531195833333,580.8530254364014,5750.535903930664
2023,common_soft_wheat,Pontevedra,2200.0,15.477679748859249,54.93373770262227,61.528604799526974,5.151694305375641,1.1701479186359975,0.693260485335601,0.6742109220742663,0.587661117805092,0.4626725942861602,0.7829447359359555,0.4788196245119477,0.4941990899611554,0.4084707942601485,0.326158571416044,0.568259217502492,0.2209064386029084,0.1621778296236233,0.1234524895058634,-0.0298175858078356,0.3302849760363938,684,203.31,0.2972368421052632,7.0592143,11.621592,16.5443215,19.204579000000003,13.624817,3.9452211,8.38487745,12.76347875,14.626699,11.09093225,296.8313388824463,227.00707244873047,211.34833526611328,53.9747257232666,1055.4222717285156,529.5357208251953,979.4753112792968,1396.2890625,1447.9898071289062,1093.7825775146484,13.613223466666668,10.317023466666669,1844.5837440490725,5447.072479248047
2023,common_soft_wheat,Salamanca,2300.0,18.109806377959167,51.23045171113789,24.86092930572984,6.12553323366478,1.3795701483018383,0.2520009836068007,0.220688025649737,0.2949179968857147,0.2948809771183104,0.2871039235068481,0.1582779006038958,0.1620882902322688,0.2011371010511898,0.2070087535640048,0.1660256980756619,-0.1269787038270605,-0.1269301895506544,-0.083969038699083,-0.0917792511104017,-0.0429832457086235,21726,63441.91,2.9200915953235755,4.33579515,11.609601,17.469009,23.5461325,13.00504725,0.3805190499999999,3.24547995,8.8877495,9.2084805,7.837974949999999,81.35553646087646,38.24989414215088,140.27324676513672,2.9033817052841187,377.6022300720215,603.6360473632812,1188.2582397460938,1486.8359985351562,1707.9044189453125,1253.8194732666016,13.828438691666667,6.233029816666666,640.3842891454697,6240.454177856445
2023,common_soft_wheat,Santa Cruz de Tenerife,965.0,32.70205678621995,32.97358463013403,38.50748213094444,7.034813305143394,1.25841503859716,0.5020539992884694,0.4625619291007402,0.4432018857244061,0.400225474573377,0.5212685757022267,0.3377380630851015,0.3810408186306984,0.3378423495568851,0.3142155592594673,0.373061685446175,0.2167722596502083,0.1856175813180969,0.17389064943329,0.1073203266384851,0.232360765186415,417,95.64,0.2293525179856115,13.6396785,17.289662,18.89265,22.416209,18.92168125,8.9979145,11.550527,13.997874,16.5138645,14.78073125,72.58893203735352,9.777850866317747,39.33102416992188,9.150907516479492,181.37286615371704,883.5951843261719,1469.84326171875,1645.7450561523438,1625.3921508789062,2024.0330505371091,18.346927,13.436940416666664,312.2215807437897,7648.608703613281
2023,common_soft_wheat,Segovia,1566.0,22.95033943412197,47.58392804435696,19.96673350457498,7.250836937457768,1.370242006893574,0.2245881711334794,0.2207211602344605,0.2988953140533525,0.3261456269512728,0.2167988036586394,0.1425695436444244,0.1600678184485298,0.2168421640879618,0.2402464811448074,0.1386695144743813,-0.1464700695914869,-0.1289289921294394,-0.0898632249469267,-0.0586166031858979,-0.1211250322531516,48805,67614.13,1.3853935047638564,2.8981725000000003,10.55740975,16.1589725,23.3345805,11.97252285,-1.10751988,1.3765467500000002,8.028762,7.81152835,6.0226006750000005,88.64998626708984,34.16020965576172,140.9997520446777,8.865720987319946,292.973424911499,570.1985931396484,1206.266357421875,1493.2891845703125,1670.7435302734375,1309.742706298828,12.815696825000002,4.692419761666667,565.6490938663483,6250.240371704102
2023,common_soft_wheat,Sevilla,1234.0,31.77131470630645,30.53762004011168,16.95241902290036,7.288286143117437,1.480187214073171,0.3183620905981013,0.2285213358011465,0.3925529288662424,0.2519208802367305,0.1990910772109,0.1894173787836128,0.1620838434198399,0.2636588074880675,0.1777479258181194,0.107348080739723,-0.0507954093705781,-0.1191350886308519,0.0116961622220283,-0.1133025486805267,-0.1680363775856482,14170,65331.45,4.610546930134086,10.502376,18.3358015,23.247767,29.3799495,18.6647,4.4107646,5.87771605,11.506568,12.3611905,11.6160685,30.43366432189941,13.23018193244934,85.0854721069336,0.4676302671432495,187.69462871551517,699.1648559570312,1335.0175170898438,1558.8306884765625,1728.6650390625,1567.7832794189453,19.799215666666665,9.564729358333333,316.91157734394073,6889.461380004883
2023,common_soft_wheat,Soria,958.0,24.14897133863889,38.1844620214656,21.79758516066749,7.418943188363471,1.364438552086122,0.2129078108573448,0.2480162201589809,0.306648249468709,0.2949443441101472,0.2089732413606221,0.1230380766104423,0.1620943612223847,0.2089867723911009,0.1972294616364877,0.1152118790886978,-0.1465298115629008,-0.1152652594049509,-0.0664363138245872,-0.0761448777267005,-0.1445756009373895,88755,92744.03,1.0449442848290238,2.30028055,10.2403865,15.530288,22.5640595,11.51681475,-2.2467486,0.552366575,7.5169787,8.5172527,5.47732325,79.18637466430664,30.282992362976078,149.0925064086914,27.452829837799072,243.9898796081543,576.1977844238281,1160.401336669922,1458.5896606445312,1612.9263916015625,1285.063720703125,12.278107341666669,4.2157493125,530.0045828819275,6093.178894042969
2023,common_soft_wheat,Tarragona,1267.0,27.039674946850173,29.157641826116148,25.42767199008608,7.541700374846145,1.3779395177871585,0.2285279922189988,0.4941852027853157,0.2870856281680226,0.2871938389470562,0.247931545157485,0.1425238688748577,0.3221326580758787,0.1973429528559495,0.2011471513956573,0.1464427969462597,-0.0722535024515464,0.048843658125607,-0.0449669961549362,-0.0566265697104754,-0.1133864120015464,8995,7338.23,0.8158121178432463,6.964695900000001,14.21695,19.868558,25.6461475,15.937942499999998,1.42278135,5.8344606500000005,12.586693,17.1959905,11.389200625,55.00978469848633,10.375200748443604,131.7544403076172,44.21385955810547,198.9892463684082,613.9626159667969,1232.0159301757812,1470.3741455078125,1474.9597778320312,1315.5640716552734,16.428706066666667,9.969721125,440.3425316810608,6106.876541137695
2023,common_soft_wheat,Teruel,796.0,22.47443950415829,33.79777589993578,21.10040503109295,7.412077456982944,1.4040643147552672,0.2402271197764478,0.255837295852716,0.3144784494754306,0.2754595213909733,0.1972594544016644,0.1464477654369791,0.1816252406830666,0.2246133075538552,0.1932824736165375,0.115204558422021,-0.1191361094083431,-0.0956891112271804,-0.048801212657568,-0.0800146992594105,-0.1542848836646245,53228,40667.49,0.7640243856616817,3.03652885,11.44309375,15.884632,23.3959695,12.318547,-2.658538,0.2789819099999999,7.76247895,10.92538075,6.433855775,38.651611328125,14.931282997131348,175.4404067993164,35.09076976776123,224.26396560668945,625.6778259277344,1255.9595336914062,1397.4053344726562,1600.5043334960938,1348.5117645263672,13.066219683333337,4.862669193333333,488.3780364990234,6228.058792114258
2023,common_soft_wheat,Toledo,379.0,24.03382423807433,44.03232096632096,15.83815342941664,7.521497534421158,1.4232979965825454,0.1933460056429886,0.2089666178013964,0.2558690836787837,0.2324048313956831,0.1815828338651426,0.1230152324618019,0.1503743291212323,0.181645882830101,0.162090119634735,0.107358590083445,-0.1543197069337269,-0.1386741256988986,-0.0918301385927301,-0.1230389280302697,-0.1523706647450975,21380,49722.1,2.3256361085126285,5.9372725,14.473052,20.2769725,28.147272,15.078819875,0.733219685,2.2152518,8.561537,7.25617635,8.37842025,30.005648612976078,21.409605503082275,119.71892929077148,2.340723991394043,275.19625091552734,632.4479064941406,1303.9403686523438,1501.6021728515625,1722.2095336914062,1392.394760131836,16.498701458333333,5.9205042225,448.6711583137512,6552.594741821289
2023,common_soft_wheat,Valencia,801.0,26.0008257832434,37.048684736688,22.372951102187645,7.601531685280463,1.4041003137156485,0.2402126147949029,0.4160427649417996,0.2362860851743899,0.3534490565274578,0.2480816590938296,0.150329680909536,0.2987693694389318,0.1620726405139239,0.2597430503857688,0.1503773174416517,-0.0957034900267561,0.0097101183226707,-0.0978025063580071,-0.0254267994458491,-0.1073864077506465,2533,2946.3,1.1631662060797474,7.0131063000000005,15.2901825,19.330513,26.609869,16.098808,0.37767799,3.3690836500000003,11.942021,16.133302,10.044386675,31.028772354125977,5.440614700317383,172.98846054077148,26.71655368804932,195.68987464904785,637.6211853027344,1308.6522827148438,1432.0429077148438,1562.0090942382812,1414.294448852539,16.740214466666668,8.651809665,431.864275932312,6354.619918823242
2023,common_soft_wheat,Valladolid,1597.0,25.05730563338003,44.38433851977854,16.605732397771998,7.537662389100126,1.368638307984791,0.2128611313534064,0.212893003607117,0.3339080362033217,0.2675857421960925,0.2304704018742463,0.1386526729445419,0.1581909679675472,0.2441410640385813,0.1836052980292875,0.1365884924684394,-0.1464700309176202,-0.1289219404757622,-0.0430585693166872,-0.1210449732808972,-0.082054403729437,40007,108613.74,2.7148683980303447,3.88224375,11.7059415,17.499564499999998,23.9085435,12.9368205,0.0963884,2.403717,8.84001835,9.0560055,6.947939625,65.08091354370117,25.809264183044437,103.8548812866211,4.416272044181824,282.8305530548096,549.7444458007812,1160.2237854003906,1525.054443359375,1667.7388305664062,1273.5938568115234,13.811655708333332,5.71533475,481.9918841123581,6176.355361938477
2023,common_soft_wheat,Zamora,1593.0,20.944712657487724,43.92237419003452,25.184467164860514,6.42948867049523,1.3298581028586076,0.2871289707642134,0.2128602536133868,0.3573619244142098,0.2597823326981269,0.2558425770380172,0.1777322948282706,0.1542747268206589,0.2480609897178483,0.1738335837185206,0.1366453044677272,-0.0898595787101799,-0.1289819097598797,-0.0194986238822632,-0.1211658004856305,-0.1132379809630143,36254,69855.61,1.926838693661389,3.95221385,11.3455505,17.3785445,23.00657,12.4610945,0.0820355999999999,2.78393995,8.4758782,9.1782795,7.296268975,77.50991535186768,36.37730121612549,116.05555725097656,3.9615975618362422,344.1309471130371,563.1260070800781,1140.9109802246094,1516.5275268554688,1658.347412109375,1199.3013610839844,13.434177975,5.852111866666667,578.0353184938431,6078.213287353516
2023,common_soft_wheat,Zaragoza,767.0,28.48526921389855,27.13269446924836,19.52018178987687,7.699227047889838,1.4005314565905318,0.2714983652793273,0.3027340476558489,0.3886936129755683,0.3066164267496543,0.2206937209622213,0.173777016118967,0.2246003405836404,0.2910335339283168,0.2089603511920575,0.1308015285783782,-0.0820296829447907,-0.0644509975366048,0.0175584117140308,-0.0507941725832593,-0.1211459305322495,54407,64332.04,1.1824221148014042,4.9813305,13.5895915,19.094999,25.102877,14.27632675,-0.2428946049999999,2.67154195,9.2468625,12.225316,8.16685915,54.93361473083496,20.7418065071106,106.03935813903809,42.41077709197998,196.19580841064453,596.3569946289062,1193.5925903320312,1485.3388671875,1578.1407470703125,1325.8798370361328,15.220241916666666,6.7057573575000005,420.32136487960815,6179.309036254883
2023,common_soft_wheat,Álava,5500.0,31.5827763496144,25.36169499958537,33.23610968294773,6.722444370732785,1.2771215689526494,0.2754400279988004,0.2792966368186639,0.5410979232473637,0.4201515852356842,0.2011034278731153,0.162110588313195,0.1972257630885108,0.3847674892802746,0.236407319417171,0.1112567589551773,-0.0996516370935186,-0.0977211603846874,0.1111576615026989,0.0097704105681977,-0.1268207354981859,20083,19526.99,0.9723143952596724,3.8594055,10.378628,15.399251,19.487408,12.545810075,0.8742263,5.1381422,11.235856,13.7120735,7.793911075,180.0107192993164,83.45589828491211,185.456657409668,48.11183547973633,259.96592903137207,464.8662872314453,981.3433532714844,1252.0145263671875,1271.3063354492188,1165.0086669921875,12.369385441666664,7.758020025,757.0010395050049,5134.539169311523
2023,common_soft_wheat,Ávila,912.0,18.84587684120659,52.67248967780342,26.25381735908533,6.769433481413691,1.3472347846903128,0.2636965540702622,0.2050724367125025,0.3495806629144638,0.3183461563482884,0.2753809408615503,0.1816236622193921,0.1542670702402475,0.2754284022437674,0.2441300415941603,0.1855622257875247,-0.0996465571047473,-0.1446402693532184,-0.035098983259361,-0.0586613582891074,-0.0429892738230394,15452,34809.66,2.2527608076624386,2.9753047,10.6701335,16.08087225,23.3312885,11.613227875,-1.3512084,1.156442275,7.495062499999999,7.0269835,6.303919725,76.43707847595215,33.72708702087402,166.00582885742188,6.723169803619385,381.57611083984375,608.0429382324219,1258.143310546875,1481.5676879882812,1714.1063842773438,1327.0601043701172,12.714009116666666,4.4891865541666665,664.4692749977112,6388.920425415039
