provincia_estandar,ano_campana,temp_media_c_ene_feb,temp_media_c_mar_abr,temp_media_c_may_jun,temp_media_c_jul_ago,temp_media_c_sep_dic,temp_rocio_c_ene_feb,temp_rocio_c_mar_abr,temp_rocio_c_may_jun,temp_rocio_c_jul_ago,temp_rocio_c_sep_dic,precipitacion_mm_ene_feb,precipitacion_mm_mar_abr,precipitacion_mm_may_jun,precipitacion_mm_jul_ago,precipitacion_mm_sep_dic,radiacion_mj_m2_ene_feb,radiacion_mj_m2_mar_abr,radiacion_mj_m2_may_jun,radiacion_mj_m2_jul_ago,radiacion_mj_m2_sep_dic,temp_media_c_campana,temp_rocio_c_campana,precipitacion_mm_campana,radiacion_mj_m2_campana
A Coruña,2017,8.3961872,11.37924625,16.293048,18.488850499999998,13.109352,5.72572395,7.65489835,12.916764,14.44459475,10.326747425,219.22117500000002,161.017452,189.418214,51.477906000000004,300.19602,419.24978,1080.12479,1323.41386,1301.1195,1189.6826,13.462672658333332,10.232579316666667,921.330767,5313.59053
Albacete,2017,5.927911,11.4911615,21.019613,25.31348,13.462898899999999,1.66530352,3.38173105,7.325666999999999,10.5985275,6.692107,66.127588,120.31192999999999,30.697006000000002,66.325,240.635714,597.85688,1235.46729,1654.3883,1579.9766,1479.50298,15.112993883333333,6.059240511666666,524.097238,6547.19205
Alicante,2017,9.490597,13.7160685,21.905790500000002,25.4123655,16.162821875,4.6934991,6.554007,11.208038,17.007553,11.1937826,100.47162300000001,94.60436,11.759806300000001,63.2257023,259.05693099999996,632.08106,1247.1365999999998,1685.04107,1523.8099,1465.95299,17.141744208333332,10.308443716666666,529.1184226,6554.0216199999995
Almería,2017,8.008039,12.682528999999999,21.221509,25.04513,15.0491245,3.4437559999999996,5.1315483,9.08241365,14.293439750000001,9.0556395,72.735145,77.69601,12.061809,53.222956,239.105301,667.6002599999999,1274.089,1695.8162000000002,1595.3683,1596.01405,16.175909333333333,8.34373945,454.821221,6828.88781
Asturias,2017,5.64443565,9.1392995,15.13298,17.123084,10.95733725,2.73847425,5.3162036,11.8568925,13.8307915,8.016944825,201.05902500000002,143.07281899999998,275.63773000000003,149.741637,312.080963,454.35204,1095.87724,1284.3486899999998,1304.42864,1211.80635,11.492412275,8.296041916666667,1081.592174,5350.81296
Badajoz,2017,8.6492833,14.61870025,23.2708605,27.4037565,15.99858775,4.41587605,5.71832705,9.98743975,9.0440155,8.1154501,86.35700800000001,92.436688,40.121099699999995,19.247303000000002,203.831419,599.97333,1174.50418,1592.98633,1683.72336,1564.23918,17.65662934166667,7.566093091666667,441.9935177,6615.42638
Barcelona,2017,5.897351899999999,10.84883275,19.1171705,22.960223499999998,12.4053676,2.223972105,5.886663,12.080268499999999,16.016741500000002,8.89213375,114.84884600000001,142.431668,72.92872600000001,97.51540399999999,295.576539,535.84647,1148.7981,1519.72086,1450.2806,1287.00592,13.939052308333332,8.998652100833333,723.301183,5941.6519499999995
Bizkaia,2017,7.373092,10.6941225,16.589264,18.681055,12.88832375,3.8994590000000002,6.5590347,12.9233115,14.9589415,9.347567025,230.03383,167.339993,177.49236000000002,122.62889799999999,301.705053,454.22168,1046.20653,1273.85966,1213.78355,1174.3777,13.185696833333333,9.505980124999999,999.200134,5162.44912
Burgos,2017,3.8628481499999996,8.9816335,17.020752,19.836506,10.3671594,0.48696090000000014,2.30658495,9.07133215,9.83330725,5.1847121000000005,124.93271999999999,73.74662599999999,121.71683300000001,49.101111,169.12216600000002,477.22630000000004,1121.38602,1395.926,1441.72306,1270.79252,11.739343075,5.3446015749999995,538.619456,5707.0539
Cantabria,2017,5.52353235,9.2754255,15.607588499999999,17.611514999999997,11.243038475,2.3649031000000003,5.01408415,11.6694735,13.737582,7.786093375,193.146025,143.35854,235.85158,144.24552,281.11953600000004,464.39347,1070.8652,1245.03084,1209.6755600000001,1175.98345,11.750689716666665,8.059704916666666,997.721201,5165.94852
Castellón,2017,6.93740175,11.669227,19.6882275,23.4166895,13.623705999999999,2.1055767000000003,4.78044845,11.061209999999999,15.2533445,8.8254675,120.76454,81.812285,90.685179,69.169708,284.056012,580.49677,1200.2231000000002,1604.6439,1480.34994,1350.98982,14.826492958333333,8.475252441666667,646.487724,6216.70353
Ciudad Real,2017,6.715259,12.889313999999999,22.8186155,27.2980615,14.445801875,2.461577275,3.74235095,7.79641,7.32606275,6.411410425,71.140719,108.088577,43.741982,47.559454,240.42667899999998,575.80179,1200.8194600000002,1622.37024,1645.49006,1522.46288,16.435475625,5.691536970833333,510.957411,6566.94443
Cuenca,2017,4.64563375,10.813125,20.1508255,24.53005,12.126206250000001,0.29671440000000004,1.5923634500000001,6.8709755,8.8011835,5.547897949999999,71.90502000000001,79.368927,72.177944,74.912838,257.070245,557.46222,1227.5659999999998,1616.2348,1604.8341500000001,1423.96082,14.065341125000002,4.7761721249999995,555.434974,6430.05799
Cáceres,2017,7.781069199999999,13.615423750000001,22.510869,26.558658,14.995320249999999,3.71596925,5.524277,10.003519,9.2697205,7.683099925,136.057996,67.217308,58.126315600000005,35.324122,292.691366,570.43008,1159.68422,1548.8512500000002,1676.3528999999999,1493.59771,16.742776741666667,7.313280933333334,589.4171076,6448.91616
Cádiz,2017,11.1337185,15.280129500000001,22.3982155,26.4508005,17.530149125,7.131724,8.895546,12.723018,15.450513,12.20780575,121.77661,108.07712599999999,31.402035299999998,14.610583,356.58747100000005,664.83644,1259.71615,1670.4229,1662.60897,1640.6693500000001,18.38719370833333,11.436068749999999,632.4538253000001,6898.25381
Córdoba,2017,8.694363,14.624452,23.8301825,28.477145,16.22780175,4.2858738,5.90974035,9.816478499999999,9.9357135,8.285415375,72.311473,111.46626800000001,39.5041444,39.768536,247.958005,618.2748099999999,1210.3444,1632.75275,1667.38376,1588.25121,18.013624333333333,7.75310615,511.0084264,6717.00693
Gipuzkoa,2017,6.4445548,10.282812,16.7490205,18.497566499999998,12.183707075,3.3073036499999997,6.02448895,12.7123885,14.85096,8.976132625,254.362405,198.91665,219.24643500000002,158.06038,343.493231,462.49597,1040.4342,1289.5543,1185.1198,1179.27011,12.723561324999999,9.141234391666666,1174.079101,5156.87438
Girona,2017,6.12701365,11.338621499999999,18.9891265,22.503732499999998,12.71615575,2.064753865,5.846894499999999,12.876359,16.080807,8.565639125,196.30671999999998,149.394248,128.235821,104.363452,318.29186500000003,521.00487,1146.07563,1446.34955,1390.1889999999999,1278.2095199999999,14.065134275,9.000015435833333,896.5921060000001,5781.82857
Granada,2017,5.611944299999999,11.147293000000001,20.4831145,25.217284,13.15608615,1.4162761350000002,3.11799395,7.0896539999999995,8.8656895,5.7829531,84.465676,95.9375,27.749827,44.405724,261.284781,653.89948,1277.3142,1675.52494,1635.03223,1614.74992,14.79530135,5.342586630833334,513.843508,6856.52077
Guadalajara,2017,3.63817665,10.1677015,19.1405055,23.255772,11.119257175,-0.5347673000000001,0.22508972,6.538339799999999,7.1828392,4.286698425,83.87127,68.362088,93.185756,71.91086,215.62968700000002,531.83536,1206.9787000000001,1550.66187,1581.41523,1385.14677,13.073445,3.6641497116666666,532.959661,6256.03793
Huelva,2017,10.4957485,15.743560500000001,23.2201985,27.7984645,17.353555125,6.023796750000001,7.8551705,11.915915,11.6845255,10.091841500000001,109.603944,125.741264,33.154879,4.12013484,217.139368,649.3034399999999,1216.54464,1629.7889,1696.7271700000001,1632.77391,18.660847041666667,9.610515125000001,489.75958984,6825.13806
Huesca,2017,3.32347145,9.4139935,18.352635499999998,22.175137,10.565052275,-0.6827925499999999,2.6423110000000003,8.784788299999999,11.567616,5.4890594825,139.188526,143.920605,137.51504,93.96635,293.74064,559.9934,1202.7734,1541.14804,1484.51684,1350.30458,12.399223666666666,5.5483402858333335,808.331161,6138.73626
Illes Balears,2017,11.5948965,14.5021715,21.9211375,26.228177000000002,18.34393875,7.2523722,9.029748000000001,15.0287145,19.0846375,13.6881855,142.600693,52.224444000000005,42.035045,23.036495000000002,217.549929,591.3253199999999,1264.775,1628.5668999999998,1546.7100799999998,1407.82045,18.48904333333333,12.961973866666668,477.446606,6439.197749999999
Jaén,2017,7.0705288500000005,13.0378,22.960024,27.846794,14.797532649999999,2.5883235,4.11245475,7.612466,7.85082575,6.407558125,77.131781,124.71381,26.260481,32.648417,222.1492106,605.4816000000001,1238.00286,1641.9425999999999,1643.01883,1577.42911,16.751702025,5.829864375,482.9036996,6705.875
La Rioja,2017,3.80050195,8.872758000000001,16.8949655,19.639003,10.2816326,0.3009150500000001,2.687925,9.739251,10.832672,5.24787555,131.801594,93.300202,160.32718,75.79611,185.882612,500.87422000000004,1129.78519,1422.94537,1415.6171,1273.29906,11.628415608333333,5.676085691666667,647.107698,5742.52094
Las Palmas,2017,16.047554,17.973779,20.636268,22.5136645,19.8479405,10.329755500000001,11.956240000000001,15.3262285,17.121169000000002,14.7693595,29.108468,20.545389999999998,12.7913693,5.4546001,98.3111035,884.02814,1423.1808500000002,1598.1965,1607.67713,1994.65791,19.477857750000002,14.045352,166.2109309,7507.74053
León,2017,3.44356965,8.6653898,16.186400499999998,19.267840999999997,9.829121,0.23709175000000005,1.56064235,8.551438000000001,9.2544145,4.887306225,179.404095,75.205633,140.520672,49.468669,181.737365,476.84317,1139.05628,1370.0366,1475.682,1255.7365,11.203573825,4.896366508333333,626.336434,5717.35455
Lleida,2017,3.1968089,9.1200265,17.8899435,21.7973595,10.248006175,-1.13376845,2.51657785,8.986366,12.1900255,5.5895311375,111.088596,152.514315,131.457359,92.749367,254.817992,553.3451,1195.1417999999999,1525.28354,1477.86763,1336.5920800000001,12.083358458333334,5.6230438625,742.6276290000001,6088.230149999999
Lugo,2017,6.2246986500000006,9.954776500000001,15.9569005,18.253740999999998,11.379638,3.67514,5.822855000000001,11.9283725,13.244778,8.387110825,196.1216,137.350478,209.405736,59.007684,295.876982,433.1326,1082.30956,1317.2727,1347.36983,1206.29855,12.191565441666667,8.574227858333334,897.76248,5386.38324
Madrid,2017,5.14233515,11.81251125,21.156511,25.190063000000002,12.8288373,1.03743875,1.9587623,7.49817885,7.8167165,5.511244975,93.972431,50.112466999999995,71.765748,82.185379,260.627691,543.2358300000001,1212.5182,1590.051,1631.33867,1414.53485,14.826515833333334,4.888931058333333,558.663716,6391.6785500000005
Murcia,2017,8.43508785,13.034251,21.726121,25.390503000000002,15.47833775,3.72676035,5.82478905,9.810680999999999,15.573376999999999,9.786128075,74.186735,106.901181,14.446588,69.052498,246.003877,642.5556,1241.6808,1694.0908,1549.15776,1507.00301,16.590439725,9.084643925,510.590879,6634.48797
Málaga,2017,9.121343,13.3795885,21.1581715,25.491847,15.88399725,5.39566375,7.560571,11.47983,14.36033025,10.473474249999999,111.24570399999999,99.18077400000001,20.5274054,62.3258924,344.923884,664.2868,1269.7510000000002,1690.75645,1653.24626,1626.40445,16.819824083333334,9.957223916666667,638.2036598,6904.44496
Navarra,2017,4.9035319,10.0183325,17.999369,20.2599135,11.393565975,1.658481955,4.32923325,10.8474425,13.09304375,7.25840925,166.82596,137.308267,147.67069400000003,104.681347,262.645397,503.35940000000005,1109.15764,1407.1938,1330.82788,1244.52775,12.661379808333335,7.407503325833333,819.131665,5595.06647
Ourense,2017,5.31078285,10.0360555,16.498023500000002,19.142545,10.92522115,2.5195447,4.25045705,10.8623355,11.819612750000001,7.0636379,243.3204,108.444377,166.39973,62.040878000000006,270.413386,459.14112,1114.90555,1400.7881,1502.36727,1296.16858,12.139641525,7.263204300000001,850.618771,5773.37062
Palencia,2017,3.81208465,9.4178865,17.3177245,20.4634725,10.48847925,0.34155714999999987,1.607008085,8.61823825,9.055257000000001,4.994384125,120.01911700000001,55.384313,131.1706,39.334845,152.76730799999999,480.85294,1146.12524,1408.12003,1501.6117,1285.57596,11.998021108333333,4.9351381225,498.67618300000004,5822.28587
Pontevedra,2017,7.603363,11.49356075,16.9077045,19.14863,12.584726999999999,4.99661265,7.3589173500000005,12.941274499999999,14.09313,9.5649415,286.91077,154.330763,193.12233,49.716426999999996,335.937509,451.90318,1100.88836,1410.6372999999999,1412.182,1271.94685,13.387118708333333,9.753302916666668,1020.017799,5647.55769
Salamanca,2017,5.0827875,10.9748435,19.6150575,22.6696015,11.8844955,1.5380054330000001,3.0057321000000004,8.3636275,8.5490168,5.92550455,114.832256,49.978965,63.768999,43.248833,212.588442,543.21972,1183.51933,1507.9000299999998,1661.66083,1397.8878,13.685213500000001,5.551231822166667,484.41749500000003,6294.18771
Santa Cruz de Tenerife,2017,14.048533,15.785877750000001,18.765411999999998,21.385977,17.59349575,9.2101135,10.233958,13.930654,15.3461405,13.12513225,51.516944,39.330197,19.162484499999998,9.4630762,123.2407674,904.78808,1417.4494599999998,1627.56106,1637.5916,2020.35325,17.528798541666667,12.495188416666666,242.7134691,7607.74345
Segovia,2017,3.8988468999999997,10.044297,18.8616225,22.4453945,11.004036150000001,-0.05472765000000002,0.7047488949999999,7.06620515,7.3607613,4.4839462,102.236561,53.946607,91.77089899999999,51.937708,196.004188,521.2288599999999,1200.39682,1519.0516400000001,1598.5354,1391.90516,12.8763722,4.007480015833333,495.895963,6231.11788
Sevilla,2017,10.3329375,15.9502785,24.367385,28.751815,17.53834925,5.743231,7.397416,11.207468,12.326765250000001,10.1745475,78.702032,113.86824,32.535718700000004,18.742848000000002,248.279313,642.4339,1230.77307,1651.6967,1681.20974,1622.43301,19.079852416666665,9.503995875,492.1281517,6828.54642
Soria,2017,3.2416077,9.251902000000001,17.736296,21.312407,10.249688625000001,-0.7799109500000001,0.23328335,7.4712133000000005,8.12461275,3.9792689,100.117746,61.625928,126.626283,59.430837,165.609019,532.03952,1189.52817,1492.3953000000001,1536.1281,1353.72058,12.006931658333334,3.8346227083333333,513.409813,6103.81167
Tarragona,2017,7.57041515,12.717916500000001,20.8145865,24.57127,14.351766825,3.4712704,6.1964825,12.093595,16.3468485,10.195344174999999,94.47328,98.137428,56.762890999999996,48.680938999999995,255.545412,551.7098,1202.1341499999999,1605.7608,1496.08014,1328.5709200000001,15.7296203,9.749814125,553.59995,6184.25581
Teruel,2017,3.76717025,9.765909,18.39087325,22.238278,10.8078575,-0.7552906500000001,0.836517725,7.39679765,9.952350249999999,5.106350325,86.204085,75.695336,109.71395,69.975111,209.465768,576.37324,1216.4351000000001,1569.1289000000002,1508.30486,1371.12042,12.629657583333334,4.607179270833333,551.05425,6241.36252
Toledo,2017,6.2964104999999995,12.653938,22.30773,26.356871499999997,13.930994,2.269030135,3.6093719999999996,8.25359125,8.435002,6.44384115,79.489309,69.981752,55.404655,82.613451,269.833462,562.5684699999999,1190.98169,1606.68818,1648.84601,1461.97694,15.912822999999998,5.9091129475,557.322629,6471.06129
Valencia,2017,7.63151575,12.4625335,21.067788,24.811816,14.60537825,2.9316252499999997,5.27696625,10.473968,15.391735500000001,9.3921802,97.48299399999999,90.70049999999999,25.651271,62.36231600000001,338.88415499999996,600.07452,1224.00884,1650.96804,1509.78613,1386.77323,15.864068291666667,8.8097759,615.081236,6371.61076
Valladolid,2017,4.871202,11.225683,20.073627000000002,23.0161105,11.665174875,1.10602084,1.4139265165000001,7.7148521500000005,8.07040935,5.4812261499999995,92.982027,34.387362,69.082415,32.918508,156.095444,503.9614,1193.20505,1499.34064,1615.7675,1359.61132,13.752828708333332,4.8779435260833335,385.465756,6171.88591
Zamora,2017,4.835715049999999,10.762726,19.1034325,22.1763175,11.361359,1.35880395,1.9527719,8.28197775,8.607993,5.6992406,138.104819,42.728835000000004,82.63789200000001,40.172722,165.635406,505.64744999999994,1177.90173,1483.4511,1630.08025,1324.77473,13.266818175,5.2666713,469.279674,6121.85526
Zaragoza,2017,5.7350885,11.960484999999998,20.986408,23.947889500000002,12.5981765,1.4563267500000001,3.0905182499999997,9.057736,11.568730250000002,6.839730175,79.58369,75.729561,80.643089,51.051716,183.54876199999998,554.73552,1211.69115,1552.28855,1511.59461,1355.04944,14.637704,6.4754619333333325,470.556818,6185.35927
Álava,2017,4.65799675,9.124872499999999,16.505221499999998,18.705928,10.77275335,1.9025969,4.6167584999999995,11.1479225,12.892672999999998,7.120502975,148.780517,119.589777,134.70247,62.749575,202.226214,466.1268,1062.7067299999999,1314.0342999999998,1256.4119,1200.36508,11.756587575,7.466826141666666,668.048553,5299.64481
Ávila,2017,3.81014345,9.7529042,18.5660975,22.1771975,10.967450625,-0.07463385,1.20332613,7.01872665,7.1151520999999995,4.38197015,119.906397,56.059039,84.782684,62.006212000000005,269.153674,556.72459,1207.5506,1540.6475,1644.0963000000002,1437.25028,12.706873983333333,4.004418555,591.908006,6386.26927
A Coruña,2018,7.973672500000001,9.4760345,14.6050465,18.999517500000003,12.8016965,5.5385225,6.6306665,11.821759499999999,15.611005500000001,9.5970106,291.81224,433.88967,160.249042,83.835887,329.602594,393.85617,852.64887,1200.988,1283.0877,1176.57225,12.776277333333333,9.7993292,1299.389433,4907.15299
Albacete,2018,5.25883115,9.61887835,17.8232325,25.3412315,13.09422575,0.3669314,2.8568792,8.213724,10.0400512,4.37005004,98.37513,132.548402,121.089673,34.9261944,82.192604,627.4097,1102.38434,1502.5992999999999,1623.1934999999999,1639.99366,14.0384375,5.03628098,469.1320034,6495.5805
Alicante,2018,9.128940499999999,13.3740105,19.778478999999997,25.8794865,15.63370525,3.40267405,4.64692605,11.520437000000001,16.7793605,8.965148075,111.22760400000001,54.067381,94.013273,42.1935323,78.3581265,623.76883,1191.55826,1577.64784,1547.1931,1586.32793,16.571387833333333,9.046615625,379.8599168,6526.49596
Almería,2018,7.9157335,11.62668825,18.547349,25.080754,14.7112385,1.9486246999999999,4.3171066,9.494906,13.1689425,7.685072175,61.934899,121.74754,60.54155900000001,23.87771925,69.76121499999999,696.99359,1196.817,1601.3344000000002,1638.96705,1714.2029699999998,15.432166958333333,7.383287358333334,337.86293225,6848.31501
Asturias,2018,4.6921821,7.5166873,13.1432415,17.6138075,10.448528975,2.2565396,4.14147925,10.6221465,14.959210500000001,7.21642,306.70651,344.60297,294.2253,227.96003,430.673761,393.30456000000004,914.43018,1213.80026,1269.34821,1213.52221,10.643829391666666,7.7353693083333335,1604.168571,5004.40542
Badajoz,2018,7.93440925,11.514173,19.2647315,26.731797999999998,16.440871875,2.96281655,6.38155695,10.472966,10.9478235,5.76027125,94.431625,257.47415,70.055584,5.24952003,101.67842372000001,616.61248,1024.3217,1463.86965,1685.95176,1685.81608,16.38780925,7.047617583333333,528.88930275,6476.57167
Barcelona,2018,5.10360635,9.706928999999999,16.8298845,22.487503,11.30747375,1.72027985,5.13455475,12.653012499999999,17.112852,7.190959985,206.39382,207.69855,260.52385,201.423392,206.372681,505.27967,1085.31103,1347.0508399999999,1373.84836,1306.64029,12.790478391666667,8.500436511666667,1082.412293,5618.13019
Bizkaia,2018,6.6487117,10.3085655,14.787315500000002,19.5691755,12.205298875,3.8243859999999996,5.6940539,12.094957,16.726866,8.66305775,395.77205000000004,264.84721,200.87921,178.12231500000001,482.79093,361.74884,877.87552,1116.01281,1195.82033,1135.17491,12.620727658333335,9.277729733333333,1522.411715,4686.63241
Burgos,2018,2.70450375,6.91617065,13.542415,19.3828065,9.9091107,0.2709309,2.9234690999999997,9.172634,12.3928575,3.82198655,187.84736,240.51327999999998,171.23961400000002,71.512895,170.776116,406.05524,938.2504299999999,1287.3222,1421.86455,1308.40291,10.394019550000001,5.4006441,841.889265,5361.89533
Cantabria,2018,4.3838862,8.1825148,13.4893865,18.210432500000003,10.591271,2.0381608,4.223326,10.6110015,15.136678499999999,7.069464475,304.73705,281.597104,241.16611,178.167025,378.307255,405.70712000000003,903.22223,1166.77104,1184.70076,1196.14813,10.908127,7.691349291666666,1383.974544,4856.54928
Castellón,2018,7.101727,11.212227500000001,17.821533000000002,23.768542,13.242021249999999,0.73668186,3.1383998,10.646775,15.586848999999999,5.7097370775,90.90838600000001,97.878193,168.367987,95.18552,71.7810184,586.94976,1136.3659,1455.0033,1454.16337,1529.34333,14.398012,6.9213633025000005,524.1211044,6161.82566
Ciudad Real,2018,5.7860382,10.00999515,18.562776,26.932008500000002,14.455528325,1.31204215,4.499651999999999,8.817872,7.847944,3.782277975,107.42523,248.50065999999998,85.52158,8.018562450000001,117.48536284000001,599.80344,1030.6166600000001,1484.3566500000002,1691.99834,1666.5374,15.03364575,5.007011016666667,566.9513952899999,6473.31249
Cuenca,2018,3.94249825,7.9202603499999995,16.487367499999998,24.274834,11.71756785,-0.6366723000000001,2.58498625,8.06697835,9.05295085,2.84797872,109.307074,229.60559,142.218208,26.9994566,95.40305339999999,567.30393,1021.93995,1464.48373,1615.7314999999999,1589.81943,12.676682633333334,4.1273667650000005,603.533382,6259.27854
Cáceres,2018,7.2101712,10.633234999999999,18.8291845,26.223931,15.35288815,2.331550525,5.87560795,10.5776215,11.031794,5.4135564,110.039162,355.0564,80.908673,7.9947203,124.80446458,577.8946100000001,987.7259399999999,1452.37455,1663.8309,1637.14891,15.600383,6.773947795833333,678.80341988,6318.97491
Cádiz,2018,10.476040000000001,13.381351,19.0713535,25.125221500000002,17.832703,5.90392165,9.219992000000001,12.486109500000001,15.6255955,10.913055,103.659456,420.258136,37.830868,0.45880182999999997,142.5266296,694.9354,1096.5421700000002,1595.1053000000002,1696.1937,1766.82969,17.286562,10.843621441666665,704.73389143,6849.6062600000005
Córdoba,2018,7.823754149999999,11.632892,19.791326499999997,27.4700545,16.36729525,2.8688365,6.535458800000001,10.290128750000001,10.798733,6.281155175,116.472353,309.74666,57.324456,4.01753879,118.97432090000001,648.21182,1025.8968,1499.38634,1699.376,1717.92518,16.575436274999998,7.175911233333333,606.53532869,6590.79614
Gipuzkoa,2018,5.6598539,9.697163,14.5343875,19.332672000000002,11.249642075,3.4239474,5.43331345,11.995891,16.5997285,8.239865625,431.25372,340.52114,288.19905,245.95764,539.591116,358.74597,859.42526,1094.01036,1211.59105,1119.39985,11.953893424999999,8.9887686,1845.522666,4643.17249
Girona,2018,5.2753611,10.1639567,17.289932999999998,22.9536445,11.382680624999999,1.24445137,5.50006265,12.217445,16.536738,6.8348310125000005,177.100935,211.354365,236.4762,188.68964,245.722916,490.83253,1052.70468,1339.8642,1351.64148,1275.45778,13.074709425,8.1947265075,1059.344056,5510.50067
Granada,2018,4.99502065,8.48316,16.346578,24.0753645,13.001048,-0.0377034,3.48778935,8.0827589,9.15076885,4.3115726425,76.898628,290.54165,94.67218,24.849695769999997,118.6442576,690.53379,1097.36647,1555.18565,1677.1748,1726.0091200000002,13.317036524999999,4.884459830833333,605.6064113699999,6746.26983
Guadalajara,2018,2.72005505,6.939118199999999,15.290196,22.9098625,10.448427375,-1.09330044,2.10831365,7.714150500000001,8.0435455,1.8953923350000002,130.125683,229.20619499999998,159.14784600000002,22.9887535,91.091313,502.02504999999996,997.61694,1428.0545,1593.3746,1513.84172,11.45934775,3.4272489800000003,632.5597905,6034.91281
Huelva,2018,10.0493655,13.033534,19.7633075,26.588362500000002,17.9692455,4.1683843000000005,8.1520829,11.711212,13.174225,8.25111475,85.475965,285.34533,64.749171,5.8551204,92.47172320000001,674.91693,1050.32931,1503.90045,1688.6086300000002,1743.77607,17.562176750000003,8.951355616666667,533.8973096,6661.53139
Huesca,2018,3.1048592499999996,7.373894999999999,15.569757,21.9611885,9.741327475,-0.8967860999999999,2.59770989,9.8962145,12.72374475,3.5782651899999998,156.588447,295.51952,230.82021,105.05589699999999,189.291458,540.8891600000001,1042.92632,1396.5641,1495.90254,1432.29942,11.248725783333333,5.24623557,977.275532,5908.58154
Illes Balears,2018,11.21477775,14.033608999999998,20.100514500000003,26.4950435,17.1818225,6.7945775,8.9512935,14.665397500000001,19.5931455,11.910891325,140.79197,106.175839,75.8991,33.9008857,179.42553,552.57804,1166.49696,1552.2395,1534.49193,1444.5722,17.701264958333333,12.304366108333333,536.1933247,6250.37863
Jaén,2018,6.0841073,10.065203499999999,18.4526885,26.4392435,14.67460405,1.4395161950000002,4.96189425,9.175789250000001,9.1010793,4.350529725,109.66517999999999,312.52609,87.369407,12.417166830000001,141.0728705,643.01862,1013.43014,1487.9193599999999,1684.8042599999999,1696.1893300000002,15.06507515,5.563223074166667,663.05071433,6525.36171
La Rioja,2018,2.5761835,7.0765215,13.556595999999999,19.166994,9.5769631,-0.030749999999999944,2.785956875,9.45913685,13.4444415,4.1257535925,232.20579,237.83092399999998,249.524575,126.60718800000001,177.718881,435.86591999999996,976.93383,1279.154,1417.7386499999998,1289.56906,10.255036866666666,5.651715401666666,1023.887358,5399.26146
Las Palmas,2018,15.4194,16.901989,18.361153,21.526315,20.37736275,10.3942795,11.670929000000001,13.330976,17.009694,14.37355325,66.187455,15.762348,14.447502,7.0781004,25.6966433,861.8163199999999,1374.4814999999999,1565.0226499999999,1590.6978,2047.92263,18.82726375,13.5254975,129.1720487,7439.9409
León,2018,2.4542068500000003,5.4357945,13.4202205,18.817332,9.693024925,-0.44957487999999995,1.9452582515,8.136148500000001,11.1657865,3.340686975,144.17828,282.55131,203.50959,75.74754899999999,212.83486,443.49915,949.46666,1309.0136,1419.02539,1344.04312,9.918933950000001,4.579832053583334,918.821589,5465.04792
Lleida,2018,2.6553240000000002,7.319102750000001,15.2392635,21.183362000000002,9.258661175,-1.35638946,2.2744880899999997,9.7888175,13.554783,3.454360125,153.91395,234.651505,253.08501,153.161024,156.872776,530.2051,1074.45207,1371.63526,1438.5774999999999,1394.83369,10.819062433333334,5.195069896666666,951.684265,5809.70362
Lugo,2018,5.4989902,7.84662675,13.803200499999999,18.365924,11.093755625,3.48534275,5.04124,10.864138,14.6334505,7.5092289999999995,279.33475,387.24190999999996,197.415165,108.28886399999999,352.86208,367.71243,825.74296,1187.96,1288.94735,1192.57442,11.283708783333333,8.173771541666667,1325.142769,4862.9371599999995
Madrid,2018,4.322798349999999,8.64460135,17.6560835,25.34929,12.486354649999999,-0.02048289999999997,3.3125418499999997,8.29861045,8.15545015,3.245557475,116.821756,221.00952,101.09053399999999,11.1043248,74.1203173,533.67628,1013.69716,1481.1176,1645.61146,1578.27622,13.490913749999999,4.372872416666667,524.1464521,6252.37872
Murcia,2018,8.2400075,12.651142499999999,19.550462,25.864644,14.9767005,2.2132712,3.7804162999999997,9.993566999999999,14.732089,7.8294342750000006,71.977344,66.76015100000001,62.763650999999996,27.679119699999998,59.012787,663.45279,1193.2094,1558.58677,1588.1177,1624.0434300000002,16.04327616666667,7.729702008333334,288.1930527,6627.41009
Málaga,2018,8.5239655,11.518792000000001,18.18434,24.9323275,15.609095750000002,4.0125319,7.1981254,11.1557195,13.856395500000001,9.50889985,98.428154,354.12442,52.957831999999996,1.6354790140000002,119.94981100000001,690.47373,1083.93025,1589.1723000000002,1707.9033,1745.58714,15.72960275,9.206762,627.095696014,6817.06672
Navarra,2018,4.1998385,8.605162499999999,15.029437000000001,20.653639499999997,10.406099225,1.652946815,4.2117173,10.922314,14.9470605,6.149090975,263.79193,281.41647,194.31543,148.37837,267.233964,418.9773,933.37066,1249.9263,1376.6399,1229.9728,11.550045991666666,7.3387034275000005,1155.136164,5208.88696
Ourense,2018,4.34650935,6.9006995,14.204657999999998,19.141878,10.772703374999999,2.0106553000000003,4.19697465,10.173227,13.1356495,5.928278075,202.338665,447.43521,204.30648,64.591435,302.526462,414.81734,835.35803,1270.4811,1420.888,1327.47336,11.023191933333331,6.895510433333333,1221.198252,5269.01783
Palencia,2018,2.77200045,6.70739625,14.136294,19.997343,10.237597025,-0.12462390000000001,2.6658703999999998,8.522854500000001,11.4133685,3.406307835,123.45627,228.07012,162.25020999999998,52.844913399999996,132.623646,435.3742,954.82624,1361.7179999999998,1474.54676,1364.6106,10.681371291666666,4.881680861666667,699.2451594,5591.0758
Pontevedra,2018,7.1320495,9.1804095,15.111765000000002,19.692006499999998,12.2691245,4.7414449,6.47872925,11.8856715,15.31210325,8.737843675,284.34373999999997,568.37325,173.95559,60.3013475,388.78396299999997,413.51072,852.3945000000001,1258.1286599999999,1366.6730400000001,1267.6540599999998,12.609079916666667,9.315606041666667,1475.7578905,5158.3609799999995
Salamanca,2018,4.185718550000001,7.816844,15.578394000000001,22.4438935,11.96530985,0.608131625,3.7865158,9.398421,10.412646500000001,3.63452435,108.423085,292.48819,129.982325,14.489433,104.5605659,498.34511,958.8603499999999,1405.0095999999999,1635.2036,1557.55184,12.325911625000002,5.2457939375,649.9435989,6054.9705
Santa Cruz de Tenerife,2018,13.256011999999998,14.969839,16.614085,20.3435365,18.456451,8.705474800000001,10.617339999999999,12.2942605,15.522817499999999,13.39319875,95.82974300000001,31.630764,25.121640499999998,9.438632,61.62429,865.60935,1395.4182,1617.2205,1634.0635499999999,2045.01244,17.016062416666667,12.321048383333334,223.6450695,7557.32404
Segovia,2018,2.46745695,6.86787365,14.768238499999999,22.158445,10.558264825,-0.55866605,2.3284896,8.3521006,8.8376385,2.3077119675,163.31540999999999,244.24698,151.30628000000002,22.7957015,109.7058484,464.40914,994.0816299999999,1437.25928,1615.2687500000002,1506.28616,11.229757291666667,3.929164430833333,691.3702199,6017.30496
Sevilla,2018,9.70256075,13.128951,20.4785745,27.5046975,17.97701125,4.1525805,8.14685235,11.5237555,13.1151075,8.1361714,100.682175,301.29266,49.992965,1.92470535,108.34626327,677.1121499999999,1053.8045,1526.9133900000002,1704.2957999999999,1746.96197,17.794801041666666,8.868439775,562.23876862,6709.08781
Soria,2018,2.0401167,6.4489323999999995,14.0602175,20.818023,9.473451125,-1.07794886,1.871843892,7.8562467,10.0015035,2.1435852825,152.278004,206.028145,174.68504000000001,46.053564,106.42814800000001,469.69209,1007.0060500000001,1418.8505,1550.06574,1432.88185,10.385698641666666,3.823135966166667,685.472901,5878.49623
Tarragona,2018,7.86884175,11.90250625,19.0280955,25.09009,13.769416625,2.73487835,5.3776189,12.224188999999999,16.9611235,7.27300335,118.95858000000001,129.642902,135.41905,101.525413,85.364402,545.71515,1116.48947,1470.4282699999999,1469.54054,1452.07541,15.238061125,8.640636075,570.910347,6054.24884
Teruel,2018,3.371559,7.66793485,14.986239000000001,21.914706000000002,10.170244875,-1.2629504275,1.2400745,8.029456,10.928594,2.213514,88.468694,167.11375,177.59932500000002,72.549987,62.006353000000004,554.4362,1084.3271,1411.3020999999999,1516.03604,1538.24162,11.380154766666665,3.8937003454166668,567.738109,6104.34306
Toledo,2018,5.5405318,9.810483,18.598643,26.5436975,13.83030575,1.11631729,4.4360503,8.9156765,8.5994575,4.107030625,116.19538800000001,237.05266999999998,83.093426,4.958112900000001,90.49512468,571.9512,1033.71765,1495.017,1674.25407,1636.84678,14.692327800000001,5.213593806666666,531.79472158,6411.786700000001
Valencia,2018,7.48757,11.89220025,19.2441665,25.3897645,14.2293376,1.5313207999999998,3.56334555,10.201136,15.011847499999998,6.51557465,120.87228,81.205417,111.70960600000001,52.6914095,68.253272,602.4428800000001,1153.9055,1513.67513,1514.88296,1571.68499,15.412062741666666,7.223133191666666,434.7319845,6356.59146
Valladolid,2018,3.9397057,8.1760228,16.064960499999998,22.854433999999998,11.4869855,0.5259981850000001,3.39773565,8.9697795,10.0843925,3.3736711500000003,101.43030999999999,202.10976399999998,124.22423599999999,20.8480426,82.32778364,448.547,988.96762,1438.9606899999999,1619.75295,1473.65848,12.334849,4.9542080225000005,530.94013624,5969.88674
Zamora,2018,4.08410215,7.5963615,15.688254,21.8438855,11.45295065,0.3874643000000001,3.3784310499999997,8.8674705,10.51174,3.689317925,86.232605,242.94261,139.874294,25.2905406,113.5450651,472.30301999999995,971.0495,1422.13947,1592.0765000000001,1470.12135,12.019750741666668,5.087290283333333,607.8851147,5927.68984
Zaragoza,2018,5.4628225,10.031925000000001,17.6121695,24.322175,11.9890624,1.1517041499999998,3.6655786,9.9738635,12.774227,4.6533198625,113.49745300000001,192.65236000000002,121.698318,41.961272,78.225172,516.13858,1058.14595,1460.73694,1547.81395,1454.2853,13.567869466666666,6.145335495833334,548.034575,6037.12072
Álava,2018,3.92591225,8.06235815,13.7927985,18.943886,10.155856625,1.802937215,3.9645009,10.72548,15.040328500000001,6.354968100000001,278.23654,241.8831,171.96236,103.582382,271.73571000000004,377.4393,902.25092,1115.2447,1242.94364,1166.18427,10.839444691666666,7.3738638025,1067.400092,4804.06283
Ávila,2018,2.3810634,6.3308915,14.6323075,21.925335,10.899834525000001,-1.2164546,2.11534732,7.97412725,8.512055,2.0025072425,149.735815,304.024136,147.48075,24.555614,104.3089016,532.18083,1016.12316,1438.00316,1635.403,1589.1245800000002,11.178211075,3.565014909166667,730.1052166,6210.8347300000005
A Coruña,2019,8.4633435,10.321008500000001,14.189591499999999,18.422938000000002,13.557068000000001,5.5801954,7.0927073,10.814987,15.015373499999999,10.52126975,175.351165,253.48064,158.598888,69.522525,487.544025,459.39234,943.9330600000001,1286.7984000000001,1313.1050300000002,1200.037,13.085169583333334,9.92430045,1144.497243,5203.26583
Albacete,2019,6.2062232999999996,10.6019305,19.615392,25.455529,12.811082625000001,-1.10290935,1.8249786350000001,5.7859225,10.220507000000001,7.258483325,19.956837999999998,141.076706,23.580061999999998,43.266573,189.85548749999998,722.38199,1131.7314999999999,1675.7788500000001,1605.2944,1440.40624,14.583540008333332,5.2075775725,417.7356665,6575.59298
Alicante,2019,9.608028000000001,13.0994595,19.902071499999998,25.982953000000002,15.59271875,2.1636154000000003,5.4170783,10.690669499999998,16.434548500000002,10.995324925,8.5037325,163.438257,21.6630076,29.687423000000003,255.796535,718.43497,1169.7147599999998,1646.8371000000002,1566.6166,1461.55682,16.629658250000002,9.449426925,479.08895509999996,6563.16025
Almería,2019,8.440094,11.912969,19.740949999999998,25.245018,14.47172075,1.50248045,4.28403415,8.8586735,13.7734575,9.52695125,12.24968,102.02138000000001,21.435316,25.212255,249.0396505,758.41299,1209.5174,1706.5614,1624.8684600000001,1556.9964300000001,15.713745416666667,7.91209135,409.9582815,6856.35668
Asturias,2019,5.708156499999999,8.3221648,12.8730615,17.6107445,11.233533,2.47387885,4.6193304,9.43348685,14.411613500000001,8.201186675,266.057064,194.86672,187.78621600000002,158.448605,380.29929699999997,484.94822999999997,1028.6201,1297.2389699999999,1297.76306,1234.5165900000002,11.163532216666667,7.890113825,1187.4579019999999,5343.08695
Badajoz,2019,8.67562425,13.2995085,21.8383435,26.6341955,15.890722749999998,3.6232693,5.0326318,6.869424,10.5841715,8.92304375,39.32012,84.435406,4.6750403,7.0747464,216.794318,686.07407,1197.991,1701.44277,1658.07195,1506.73225,17.038186208333332,7.3259306833333335,352.2996307,6750.31204
Barcelona,2019,5.5127270500000005,10.0311365,16.7897455,23.002158,12.496633000000001,1.0407431310000002,4.6242751,10.050194000000001,16.788736,9.5297852,37.936025,109.94437300000001,118.898336,136.485762,402.97310899999997,610.69106,1103.8304,1510.49373,1423.27074,1241.19846,13.388172175000001,8.593919771833333,806.237605,5889.48439
Bizkaia,2019,7.62560165,10.240792500000001,14.3143815,19.375275,13.1750915,4.0171838,5.823907500000001,10.511837499999999,15.8741715,9.693306925,263.383622,154.645025,164.83534,159.06530500000002,329.673024,443.07587,975.8766499999999,1288.88958,1261.8806,1178.58724,12.984372275,9.268952358333333,1071.602316,5148.30994
Burgos,2019,3.874326,7.849758,14.3789965,20.159193000000002,10.6037095,0.080154115,1.98172625,6.186555500000001,11.038479500000001,5.9645988249999995,110.929312,130.984726,89.776243,79.222928,225.010379,509.33074999999997,1046.64634,1457.66696,1435.76081,1279.4703,11.24494875,5.2026855025,635.923588,5728.87516
Cantabria,2019,5.698243850000001,8.562664,13.2896015,18.222416000000003,11.4480144,2.2699679,4.3529558,9.10304475,14.4544345,8.1198659,235.02974,165.843837,152.75687,192.66433,304.301878,478.66368,1008.41218,1277.93561,1230.8025,1219.77937,11.444825691666667,7.736689125000001,1050.596655,5215.59334
Castellón,2019,7.2385235,11.185131,17.883416,23.996107000000002,13.52868775,0.101426245,3.1166232000000003,8.7037165,14.9532795,8.76972185,8.7581376,112.401014,56.844705000000005,63.006195000000005,328.536564,690.36952,1147.39551,1592.1572,1487.4306000000001,1369.08463,14.560092166666665,7.402414857499999,569.5466156,6286.43746
Ciudad Real,2019,6.887093,11.7247035,21.394932500000003,27.247321499999998,14.073983125,0.54882652,2.7704787499999997,4.96764135,8.12359125,7.271504999999999,35.078413,128.428909,7.7205982,18.5512303,200.06009899999998,703.53034,1147.2229000000002,1702.53585,1648.81034,1481.55081,15.900336125,5.158924645,389.8392495,6683.65024
Cuenca,2019,4.8773817,9.359335999999999,18.2910995,24.6460975,11.825196875,-1.7438872,0.9855943,4.52374925,8.564063999999998,5.927963875,37.022441,155.67283700000002,22.7230102,39.423460999999996,230.49916100000002,687.64273,1115.5925000000002,1653.82977,1595.6127999999999,1414.16964,13.470718075,4.030908016666666,485.3409102,6466.8474400000005
Cáceres,2019,7.908422,12.441915999999999,20.778983,26.297755,15.204134,2.856089,4.88247265,6.98721715,10.631994500000001,8.23934715,40.514252,121.92045999999999,11.356432,16.3009598,260.944165,642.90979,1181.64175,1661.1383999999998,1620.8890999999999,1441.7047499999999,16.305890666666667,6.9727445999999995,451.0362688,6548.2837899999995
Cádiz,2019,11.343304499999999,14.8267595,21.064314,25.116747,17.30498575,6.38160315,8.27732975,11.37967625,15.56751,12.56926525,48.168171,82.070198,0.9822045400000001,2.77387796,292.70398700000004,738.25936,1235.6895399999999,1743.0106799999999,1657.2912999999999,1606.38907,17.826849416666665,11.124108275,426.6984385,6980.63995
Córdoba,2019,8.6541565,13.4174625,22.629631500000002,27.5686205,15.62585975,3.0016173999999998,5.0050457999999995,7.29010435,11.0826545,9.38375675,40.714407,97.389618,2.76937907,6.0383397,237.56265199999999,718.04112,1172.92315,1737.13849,1673.2602299999999,1534.4826,17.253598416666666,7.5244892583333325,384.47439577,6835.84559
Gipuzkoa,2019,6.7086485,9.7195795,14.23708,19.2296335,12.534915,3.3456780999999998,5.32768965,10.385617,15.686331500000001,9.41035325,291.14811000000003,167.093778,219.83225,192.16412,360.126509,447.79543,959.5514499999999,1284.00036,1260.0605,1183.40796,12.494128583333334,8.927670458333333,1230.364767,5134.8157
Girona,2019,6.04693965,10.442533000000001,16.8530475,23.249601499999997,13.054538749999999,0.93139302,4.49659235,10.1928495,16.5928995,9.419773925,47.452191,118.056478,159.582356,132.77388200000001,419.044618,588.49434,1098.67102,1467.6337899999999,1389.30656,1227.6354900000001,13.783533191666665,8.50888037,876.909525,5771.7412
Granada,2019,5.9646443,9.7739335,18.9896095,24.640946,12.511723,-0.2982591765,2.48102345,6.2605471,10.138717,6.926552249999999,47.024017,131.682093,13.3668516,26.105253,255.159089,739.94193,1187.80915,1733.45317,1652.8231,1555.36342,14.065429883333332,5.405855478916666,473.3373036,6869.39077
Guadalajara,2019,3.9970193,8.380563500000001,17.0515245,23.551724,11.045382375,-2.01015125,0.21160429999999986,3.4151060500000003,7.3750847,4.870110425,46.999148000000005,148.502417,34.865891000000005,43.483132,224.365216,636.85427,1112.7509,1638.628,1568.46815,1380.9103,12.511932674999999,3.1219774416666666,498.215804,6337.61162
Huelva,2019,10.6854745,14.970790000000001,22.483307,26.524764,17.1937985,4.88140635,6.669436,8.94737125,12.68708,11.009143375,38.989781,70.49033,1.34678898,2.9762695,206.778884,719.2005,1217.9021400000001,1726.41847,1679.7532700000002,1582.5882,18.17532208333333,9.200596724999999,320.58205348,6925.86258
Huesca,2019,3.4725574,8.6318867,16.399633,22.724596,10.822923675,-1.7216138,1.115988715,5.7328753500000005,11.659857,6.48238815,89.958456,113.10597000000001,117.26716300000001,124.49207000000001,325.937939,614.2778000000001,1154.62061,1584.44115,1514.6348400000002,1325.57057,12.145753408333334,4.958647260833334,770.7615979999999,6193.54497
Illes Balears,2019,11.18575625,14.171554,20.127691499999997,26.6421715,18.008109375,6.38371435,8.520578,13.0401775,19.2219615,13.900378875,35.520931,39.794318000000004,32.3278269,18.6634254,294.544579,647.26068,1188.5334,1617.62116,1555.5681,1417.03492,18.023898666666668,12.494531516666667,420.8510803,6426.01826
Jaén,2019,6.97724,11.575382000000001,21.322358,27.021903000000002,14.2266935,0.7132747,3.4227067,6.239959499999999,9.4897665,7.589611425,63.67088700000001,135.217957,7.236254,18.758076,218.25787400000002,715.0292199999999,1147.14806,1710.7574,1659.58214,1519.25626,15.891711666666666,5.840821708333333,443.141048,6751.77308
La Rioja,2019,3.8767676499999997,7.800192000000001,14.3110185,19.9008915,10.47199685,-0.12586154000000002,2.0425861,6.6453879,12.003561000000001,6.1923098,114.079354,146.36417500000002,110.795986,116.86597900000001,247.950778,537.39054,1057.3220999999999,1442.73535,1434.758,1281.1028000000001,11.138810558333333,5.49171551,736.056272,5753.30879
Las Palmas,2019,16.368907999999998,16.9220855,19.631642,21.6937115,19.87140375,9.615824,11.7722985,14.259552,16.919463999999998,14.942343000000001,14.7567827,32.524016,6.7415152,7.8150063,82.151416,922.87156,1369.1005,1625.25925,1547.50317,2017.1766400000001,19.059859083333333,13.74197075,143.9887362,7481.91112
León,2019,3.6059628999999997,7.18083285,13.7203885,19.385971,10.06577495,-0.460863944,1.32506921,5.67725255,10.4716535,5.115410825,123.473744,130.97212000000002,89.250355,79.039773,270.94083800000004,526.9391400000001,1081.9724999999999,1445.94255,1429.49944,1284.07697,10.670784191666668,4.5406554943333335,693.67683,5768.4306
Lleida,2019,3.2883219,8.3618905,15.878058500000002,22.0036305,10.40095215,-2.3467296,0.9173898,6.192187499999999,12.750363,6.4384357,58.64361600000001,98.000537,118.08465699999999,138.554826,337.324567,612.2402500000001,1142.07636,1551.56781,1468.90026,1309.82568,11.72230095,5.0650136833333335,750.608203,6084.61036
Lugo,2019,6.1298553,8.721011,13.350772,18.3622545,11.888895999999999,3.4327785,5.3420805,9.637450999999999,13.9726785,8.643019175,187.26356,230.38196,135.85187000000002,69.73073600000001,405.51098,465.6914,960.84725,1258.33705,1347.59836,1217.54526,11.723614133333333,8.278504475,1028.739106,5250.01932
Madrid,2019,5.39399385,10.407443,19.555600499999997,25.730393999999997,12.819534749999999,-0.524553315,1.5247786,3.9956611,7.848215,6.136178225,30.01681,122.009833,13.788516600000001,24.476218799999998,204.270531,649.39113,1147.80035,1689.93826,1610.72895,1404.66347,14.454416808333333,4.186076305833333,394.5619094,6502.52216
Murcia,2019,8.7139635,12.54939875,20.161893,26.008831,14.78593425,1.0472782,4.2124565,9.395557,14.6235785,9.95258815,8.1025971,136.974195,17.177906,23.4063143,218.927005,742.40293,1165.0942,1673.2292,1590.7754,1481.97266,16.167659125,8.197341083333333,404.5880174,6653.474389999999
Málaga,2019,9.397513,12.798102499999999,20.089264,25.033998500000003,15.3863755,4.72228725,6.7058208,10.3211625,14.506920000000001,11.0584215,44.392977,104.961468,3.1821871,5.744561099999999,315.341474,724.7622100000001,1205.8710999999998,1753.87294,1664.86426,1577.902,16.348604833333333,9.728838925,473.6226672,6927.27251
Navarra,2019,5.03328855,9.1238515,15.5209205,21.102459000000003,11.75915375,1.32901,3.4807856,8.037165,13.5635575,7.920386175,167.310427,131.606166,143.813354,112.98740000000001,261.009421,514.02563,1033.14286,1398.46796,1395.7495,1247.64944,12.383137841666667,7.041881741666667,816.726768,5589.03539
Ourense,2019,5.213717,8.289186,13.611094999999999,19.0458145,11.4709805,1.9570602000000001,4.0209308,8.3410583,12.915403999999999,7.3274465,148.180549,222.86363,95.903256,69.352707,396.56264600000003,506.88882,1000.0100199999999,1379.37654,1440.64038,1271.3845,11.516962249999999,6.981557716666667,932.862788,5598.30026
Palencia,2019,3.8912767,8.09962315,15.146946,20.636916499999998,10.729193825,-0.15796275499999998,1.4703084350000002,5.21758715,10.285219000000001,5.606189175,77.336354,112.683817,72.66942,69.384435,212.37578499999998,522.20384,1078.78223,1494.59124,1463.8613,1308.34441,11.538858333333332,4.67125503,544.449811,5867.78302
Pontevedra,2019,7.3410339,10.1127625,14.416392,19.044159,13.2899475,4.6312155,6.704071000000001,10.495697,14.8584085,9.9479165,175.174313,318.62386000000004,132.668542,66.333805,551.8188299999999,490.44091000000003,974.26333,1356.75886,1399.01477,1243.37435,12.915707066666664,9.430870833333334,1244.61935,5463.85222
Salamanca,2019,5.1193335,9.44757825,17.224007,22.7661355,12.285522925,0.8632649499999999,2.7468749,5.394107999999999,10.2049175,6.214686025000001,44.999173,114.350621,27.345952999999998,43.044847000000004,215.10950400000002,591.25917,1152.8955,1623.37653,1598.24423,1393.66476,13.188016683333332,5.273089566666667,444.850098,6359.44019
Santa Cruz de Tenerife,2019,14.415436,14.721222000000001,18.002675,20.6850085,17.75690675,8.141144,10.224517500000001,13.1706845,15.630361,13.330576624999999,20.534536,69.930477,14.71441,10.602491400000002,107.9108645,933.76144,1370.26206,1665.10833,1624.6752999999999,2058.0854,17.223025833333335,12.304643375,223.6927789,7651.89253
Segovia,2019,3.92909465,8.288091000000001,16.519119,22.9476555,11.217524225,-0.83883023,0.7737764299999998,3.9526801000000003,8.1498045,4.995533075,68.358357,123.71252199999999,39.974457,33.312478,208.608757,589.83925,1134.3136,1641.6106300000001,1584.36011,1390.03308,12.3531681,3.671416158333333,473.966571,6340.15667
Sevilla,2019,10.4656775,15.143517,23.236511999999998,27.409744500000002,17.13384975,4.461083,6.366774550000001,9.003294,13.050214,10.999197125,31.665121999999997,74.670759,0.7489193799999999,3.0388487,241.252591,730.8585499999999,1211.47516,1747.4245,1678.52044,1571.10085,18.420525083333334,9.146626633333334,351.37624008,6939.3795
Soria,2019,3.3236173,7.6589532,15.454780500000002,21.706338,10.3409886,-1.9024052999999999,0.15155619999999992,3.7993513500000002,8.8029615,4.764890725,64.790408,128.036984,70.540762,67.39330700000001,191.106219,603.3335099999999,1115.38641,1585.62946,1541.1818600000001,1349.88849,11.470944366666666,3.3968742000000005,521.86768,6195.41973
Tarragona,2019,7.4538595,12.4642005,18.869553500000002,25.1850625,14.41069775,1.83013775,4.2206522500000005,9.34887665,16.6339295,10.184246225,16.978996,48.192209500000004,64.137442,78.809506,307.84979259999994,646.09622,1157.95164,1598.6520300000002,1493.2754,1346.02481,15.465678583333334,8.733681433333333,515.9679461,6242.0001
Teruel,2019,4.06308565,8.336825000000001,16.4610325,22.682664000000003,10.80483135,-2.4872748500000004,0.09016749999999996,4.24848125,9.693672750000001,5.4482273999999995,30.632444999999997,100.03672200000001,46.481874999999995,63.144974999999995,235.013216,666.8743,1146.659,1614.33039,1526.98794,1383.91264,12.192211641666667,3.7402502416666668,475.30923299999995,6338.76427
Toledo,2019,6.44585,11.567968,20.928234000000003,26.77501,13.93394625,0.615356625,2.8877514,4.79509925,8.498210499999999,7.251943375,25.860191999999998,111.34446100000001,5.6320889,22.897084,198.17681000000002,677.19227,1165.63785,1707.50835,1634.9378499999998,1445.42315,15.597492416666668,5.216717420833334,363.9106359,6630.69947
Valencia,2019,7.915473499999999,12.070965,19.2136195,25.150547500000002,14.07188625,0.11801203500000002,3.33365867,9.0992565,14.864180999999999,9.37137795,6.9862509,168.941453,38.030529,56.48790699999999,283.225826,711.74729,1135.90516,1622.6041,1529.1484500000001,1386.13796,15.415729666666666,7.692977350833334,553.6719659,6385.54296
Valladolid,2019,4.8087795,9.695775999999999,17.6730925,23.297815999999997,12.103007999999999,0.33157348000000003,1.5729842,4.3266909,9.609017000000001,5.848347125,44.167142000000005,94.227314,35.66945,49.005568,172.381866,558.77549,1144.1500999999998,1613.2161,1580.68573,1374.4008000000001,13.280246666666665,4.589493305,395.45134,6271.22822
Zamora,2019,4.8604692,9.3789975,16.7737375,22.332611,11.891570999999999,0.459267745,1.8782043499999999,4.89061185,10.059505,5.84021435,42.57161,93.815375,44.124610000000004,53.8963,195.816691,564.38015,1139.7339000000002,1583.1271,1571.42255,1356.45665,12.8548262,4.828002940833334,430.224586,6215.12035
Zaragoza,2019,6.0616708500000005,10.898795499999999,18.714056499999998,24.6699425,12.8943555,0.25520162500000004,2.000944675,5.5386515,11.61940525,7.465035575,43.987973,74.605105,61.33658,66.0909,204.503339,619.23988,1152.5322999999999,1599.62856,1547.81314,1360.3269599999999,14.355529391666666,5.7240457000000005,450.52389700000003,6279.54084
Álava,2019,4.74920465,8.3905401,13.915264,19.259552499999998,11.133895125,1.8790013500000002,3.76179235,8.633288,13.8459635,7.749362875,183.743382,131.82896,119.720617,108.322888,253.54173300000002,467.60366999999997,985.2405,1312.8551,1295.9338,1205.36482,11.430391916666666,7.269795158333333,797.15758,5266.99789
Ávila,2019,4.100179649999999,8.162393,16.64727,22.46939,11.13470425,-1.10082165,1.0587271500000002,3.7680882,8.0822975,5.064067525,50.043411,131.844843,23.100213,37.117242,248.80840800000001,624.2230999999999,1170.0286999999998,1679.27551,1608.08736,1408.83893,12.274773525,3.656071041666667,490.91411700000003,6490.4536
A Coruña,2020,9.578972,11.01835175,15.639312,18.732733000000003,12.97997175,7.223199,8.365027,12.390184,14.815605999999999,10.319650675,225.252206,250.14817,115.37213,96.735883,788.317054,426.31049,851.12516,1307.58355,1385.3229999999999,1030.23185,13.488218708333333,10.572219558333334,1475.825443,5000.57405
Albacete,2020,7.6876845000000005,10.617282,19.387044,25.855485,13.00069,3.1952391999999996,5.46256685,8.23930685,10.1700875,7.2375757,62.183394,184.25083999999998,76.95491,22.395018,252.599545,649.4231,978.5669800000001,1601.6955400000002,1622.91655,1426.74642,14.924812583333333,6.9237253,598.383707,6279.34859
Alicante,2020,10.672216,13.3549915,20.810032999999997,26.048006,15.97342925,5.97063945,7.931538,12.5371675,16.3594065,10.607030224999999,109.65953119999999,164.156194,100.38053,15.859693499999999,346.029938,691.2873500000001,1074.65429,1605.6842000000001,1585.6460299999999,1512.03361,17.138684166666668,10.668801983333333,736.0858867,6469.30548
Almería,2020,9.7085808,12.2577215,20.1991875,25.5908005,14.83761225,4.1732229,6.65086975,9.513017999999999,13.475512,8.840638125,53.963656,138.71854,52.597249,13.0373174,223.027802,736.95642,1087.8729600000001,1668.0066000000002,1633.34051,1616.34197,16.2385858,8.582316483333333,481.3445644,6742.51846
Asturias,2020,7.3548995,9.1429067,14.343074,17.5688035,10.7311714,3.8942859,6.34093405,11.235237,14.217493000000001,7.7837657,134.20378399999998,269.02475,208.66773,154.327956,789.636915,474.35162,893.64429,1282.6215,1353.51723,1080.35226,11.645337750000001,8.542580225,1555.861135,5084.4869
Badajoz,2020,10.229600999999999,13.311532,21.444989,28.383689,15.9458835,6.2322125,8.0100015,10.197758499999999,10.016449,8.52648915,45.2271993,166.62026,42.599674400000005,10.4934697,199.694803,612.51266,990.4461799999999,1588.461,1706.79889,1472.46567,17.543596333333333,8.584899966666667,464.6354064,6370.6844
Barcelona,2020,7.29887715,10.422708,17.40503,22.524814499999998,12.596449875,4.1233015,6.588142250000001,13.2950915,17.2039785,8.840832,156.719801,204.92948,208.11834,151.471094,394.26478,565.34286,933.4650200000001,1349.5330800000002,1413.47765,1330.80999,13.807388233333333,9.815362958333333,1115.503495,5592.6286
Bizkaia,2020,9.1711295,11.14152975,15.9638295,19.402969499999998,13.109225250000001,5.6104012999999995,7.781954499999999,12.482359500000001,15.068512,9.392974925,107.76911999999999,244.68513000000002,177.35403,95.32785299999999,618.41118,449.23920999999996,884.3113000000001,1260.3696599999998,1284.5065,1090.37313,13.649651458333333,9.954862858333334,1243.547313,4968.7998
Burgos,2020,5.5387872,8.71795315,15.027255499999999,19.7878,10.238770425,2.4714389,4.83608455,9.3216425,10.917885,5.868745775,61.686453,206.56378999999998,146.02197999999999,62.948505999999995,344.369008,466.13813000000005,919.21924,1360.8227000000002,1480.47615,1176.10925,11.591556116666666,6.54742375,821.589737,5402.76547
Cantabria,2020,7.3184235,9.51850775,14.735289000000002,18.1912375,11.059505625,4.1831182,6.49564085,11.127203999999999,14.025455000000001,7.83964575,108.05174600000001,276.2725,188.98559,120.884375,591.19629,464.02748,876.05144,1229.324,1266.6958,1086.5342,11.9804115,8.585118258333333,1285.390501,4922.63292
Castellón,2020,8.6824125,11.24601,18.3637485,23.632111000000002,14.10105225,3.7935974,6.6030065,12.255703,15.4043125,7.8430395,146.410688,249.13041,169.869934,49.253935,206.305804,634.54384,962.16397,1478.6761999999999,1511.29965,1423.5915499999999,15.021064416666666,8.9571164,820.970771,6010.27521
Ciudad Real,2020,8.50166215,11.9544705,21.0320065,27.8899845,14.06820475,4.2127365,6.27141305,7.805132350000001,7.9965265,7.19729315,38.252317,160.21958899999998,58.448907000000005,33.901518,248.353165,632.0356099999999,995.86915,1623.53013,1660.3719999999998,1408.3955,16.252422191666668,6.780065783333334,539.175496,6320.20239
Cuenca,2020,6.43236135,9.53144,18.162713,24.526988000000003,11.79265175,2.23565805,4.9060311,7.705947,9.446866,5.956814925,40.7437824,220.47958,83.618126,35.41691,273.642854,600.98217,940.44018,1579.60625,1623.93254,1371.78235,13.706467641666668,6.034688666666667,653.9012524,6116.74349
Cáceres,2020,9.262417,12.60168,20.733458499999998,27.814435,14.9057435,5.45322635,7.6238487,10.213595999999999,9.624895500000001,8.179114375,72.892068,190.58652999999998,52.4254582,12.607955800000001,336.49350400000003,568.5744500000001,967.60557,1562.9727,1679.6716000000001,1399.9685,16.703912916666667,8.212299216666667,665.005516,6178.792820000001
Cádiz,2020,12.475973,14.62938575,20.878273,26.572706,17.415897,8.56063975,9.8577935,13.140785000000001,16.095554,11.9625655,55.824013699999995,176.969675,62.598053,2.82089635,224.302167,729.12725,1114.5770400000001,1648.13995,1691.3022,1627.51065,18.231355291666667,11.929983875,522.51480505,6810.65709
Córdoba,2020,10.397928,13.580098249999999,22.225665999999997,28.9916465,15.964972125,5.8644627499999995,7.740313499999999,9.7701995,10.803626,8.672599775,42.688292,152.706695,46.5511477,15.0914733,221.703228,667.59332,1006.34816,1638.96135,1693.9119,1485.7356300000001,17.854213833333333,8.587300216666668,478.740836,6492.55036
Gipuzkoa,2020,8.265023,10.6997935,15.8201875,19.1017485,12.406979750000001,5.0682122,7.2867180000000005,12.3871825,14.8458115,9.134252475,126.536464,279.55781,210.16262,103.134479,652.576276,449.4865,883.01242,1252.1455999999998,1274.30907,1093.894,13.116785333333333,9.642738191666666,1371.967649,4952.847589999999
Girona,2020,7.7295003,10.473725,17.4191075,22.442625,12.831915125,4.2427062,6.8685665,13.0947105,16.804968000000002,8.879607,243.73163499999998,248.882224,246.12239499999998,184.05983,494.26727500000004,539.36654,902.48126,1290.46434,1372.7952500000001,1286.08094,13.954798008333333,9.795027533333334,1417.063359,5391.18833
Granada,2020,7.937660000000001,10.2655905,18.7368685,25.53612,12.733643774999999,2.102755,5.052630300000001,7.527197149999999,9.5276245,6.06903985,48.9747032,171.62429,67.260831,23.180685500000003,240.824614,725.0937799999999,1045.24838,1661.12426,1657.2339000000002,1581.45138,14.657254425,6.0580477749999995,551.8651237,6670.1517
Guadalajara,2020,5.4143307,8.732864750000001,16.998559999999998,23.224567,10.679203825,1.38163193,4.2585641,7.456250000000001,7.67341175,4.8043999500000005,44.1936168,235.108524,110.315485,33.966117,265.00989400000003,559.7972,923.01486,1506.9889600000001,1610.77984,1340.1086599999999,12.621455016666667,5.063109613333333,688.5936368,5940.68952
Huelva,2020,12.071855,14.632026,21.906731,27.930338,17.46355,7.72805765,9.2819285,11.877125,13.165041500000001,10.286586125,49.4789721,159.977376,46.3536566,2.6719540200000003,171.48261300000001,671.4735700000001,1037.8009200000001,1614.18633,1716.3015799999998,1574.66001,18.578008333333333,10.43755415,429.96457172,6614.42241
Huesca,2020,5.5085715,9.077672249999999,16.4977785,22.456688999999997,10.72747935,1.64958045,4.643679,10.291067,11.5206545,5.4676963,82.70094900000001,233.82884,235.54018,65.528036,379.777458,579.61228,947.94845,1424.77063,1542.20863,1360.55177,12.499278324999999,6.506728925,997.375463,5855.09176
Illes Balears,2020,12.6922635,14.706611500000001,21.244666000000002,26.238966,18.212096,9.404293500000001,10.353269000000001,15.235084500000001,19.013461999999997,13.40810075,85.4553583,130.895088,45.15544,12.4576465,257.117387,635.8728000000001,1145.14943,1589.76459,1532.7687,1469.7029599999998,18.551116500000003,13.470385083333333,531.0809198,6373.25848
Jaén,2020,8.7888175,12.079151,20.9661745,28.053204,14.30142,3.9692977000000003,6.320399200000001,8.4060015,8.908456999999999,7.321797975,44.905905499999996,160.106706,65.397286,27.586736000000002,302.096688,678.9456399999999,1003.73441,1625.3349,1657.0653,1463.02689,16.41503116666667,7.041291891666667,600.0933215,6428.10714
La Rioja,2020,5.73987975,8.5723245,15.2681345,19.6479425,10.523111100000001,2.08093495,4.7944829,9.593733,11.5133925,5.7164800499999995,63.832886,266.68896,179.325045,72.08713900000001,293.373613,502.79276000000004,909.70117,1368.8841499999999,1482.4362700000001,1252.30607,11.712417241666666,6.569250575000001,875.307643,5516.12042
Las Palmas,2020,17.1545265,17.5990295,20.692118,22.6679095,20.00525425,10.235999,12.170813500000001,15.20834,17.450142999999997,14.87814675,6.8343298,31.303559999999997,10.1797664,5.5053735,32.6751524,958.02017,1362.4222,1621.97,1598.4730800000002,2057.07694,19.68734866666667,14.136931500000001,86.4981821,7597.96239
León,2020,5.01073095,7.9707384999999995,14.408286,19.59508,9.23679215,1.76189325,3.9529368,8.513827500000001,10.6021155,5.142825275,75.85422700000001,219.87238000000002,129.105914,62.426153,517.473986,475.89151000000004,923.61945,1339.7179500000002,1494.62964,1160.50822,10.909736625,5.852737266666666,1004.73266,5394.3667700000005
Lleida,2020,5.1961089000000005,8.65744995,16.077921500000002,21.5728865,10.413309,1.122118915,4.1879195000000005,10.378143999999999,12.784173500000001,5.44872965,86.48605500000001,206.94791,247.01887,132.961017,313.667324,587.28045,956.85064,1387.75094,1501.93157,1369.77024,12.055164141666666,6.561635869166667,987.081176,5803.58384
Lugo,2020,7.62203815,9.6004815,14.94737325,18.5484255,11.2144975,4.9428313,6.834365,11.4307245,13.8412805,8.520236225,162.33183,262.99567,149.603976,99.03458260000001,810.550082,443.84508,845.11124,1286.042,1414.7712999999999,1019.7518640000001,12.1912189,9.014945625000001,1484.5161406,5009.521484
Madrid,2020,6.8013825,10.562729000000001,19.2741385,25.6900975,12.42474695,2.68362985,5.389755,7.867446999999999,8.185834499999999,6.172097975,42.1229135,190.03492,66.380239,26.460355999999997,268.795225,562.72847,965.7241799999999,1567.6603300000002,1633.8735000000001,1371.55733,14.529640233333334,6.07847705,593.7936535,6101.54381
Murcia,2020,9.591767749999999,12.6796605,20.558151000000002,25.981461,15.13072925,4.9769775,7.188129,11.0543425,14.403101,9.64070175,73.29855500000001,157.228455,70.314806,11.5537727,295.68996500000003,698.5697700000001,1042.6303400000002,1620.2132000000001,1608.2816,1536.98106,16.512083125,9.48399225,608.0855537,6506.67597
Málaga,2020,10.776961,12.762395999999999,19.854245,25.765873,15.59158475,6.9482125,8.3596223,11.580879,15.023282,10.167027125,68.68879229999999,189.88629400000002,59.096306999999996,7.6695490799999995,238.165763,720.9721,1071.0729999999999,1656.966,1687.7372599999999,1608.1689999999999,16.723774083333335,10.374341675,563.50670538,6744.9173599999995
Navarra,2020,6.6500132,9.88549915,16.4387765,20.864901500000002,11.60689215,3.5433950000000003,5.9794386500000005,11.027588999999999,12.8064395,7.440502175000001,84.76642,241.61277,166.30115999999998,46.52656,412.75224000000003,490.06114,905.1564599999999,1338.6734000000001,1432.5425,1205.67886,12.842162441666666,8.039644416666667,951.95915,5372.11236
Ourense,2020,6.6778502,9.113851499999999,15.196268,20.0862625,10.603028675,3.8734048999999997,5.7892262500000005,10.61009,12.69842,7.3982165,139.375813,270.63901999999996,131.096293,49.108541499999994,767.06143,467.97569999999996,866.00263,1352.6426999999999,1517.6853,1104.23886,12.046714924999998,7.961262358333333,1357.2810975,5308.54519
Palencia,2020,5.20715075,8.86820975,15.36883375,20.326501,10.06985295,2.3838579500000003,4.5896903,8.7891105,10.575951,5.635705125,51.677782,194.20040699999998,129.46869800000002,60.09298,327.54112,458.76194,954.7064600000001,1375.55982,1509.74946,1186.6464799999999,11.651733525,6.2683366666666664,762.980987,5485.42416
Pontevedra,2020,8.9157815,10.8277895,15.970571500000002,19.959279000000002,12.52848325,6.59939565,8.0249737,12.496714,14.744314,9.8347778,243.05916,322.73258,138.791778,77.0483017,905.81089,451.41035999999997,881.05993,1359.9018999999998,1479.7611,1073.63547,13.455064666666667,10.255825491666668,1687.4427097,5245.76876
Salamanca,2020,6.5701268,9.829322000000001,17.432114,23.75399,11.640144000000001,3.3109261,5.59202735,8.9703895,9.059789,6.52421215,44.88008670000001,189.11237,73.452494,22.127018,346.93516999999997,543.9987,938.14998,1517.2000400000002,1647.99143,1301.33252,13.477640133333333,6.663592708333334,676.5071387,5948.67267
Santa Cruz de Tenerife,2020,15.398182499999999,15.35615,18.665518,21.660837,18.3003845,8.99221825,10.805653750000001,13.776194,15.7209375,13.587372125,9.9743178,55.56563,30.461001000000003,6.6321835,64.70139599999999,972.25272,1373.4646,1641.22284,1633.6299,2086.18995,17.946909416666667,12.744957958333332,167.3345283,7706.76001
Segovia,2020,5.45881575,8.808425499999998,16.436927,22.535431000000003,10.60627025,1.5869574,4.39589805,8.03455075,8.285887,5.077448875,47.632324,207.465625,101.82021,36.485214,336.451243,538.79036,946.7587,1506.3248899999999,1618.1365700000001,1307.58936,12.408689958333333,5.409698491666667,729.854616,5917.59988
Sevilla,2020,11.963738,14.9216255,22.7373045,28.882874,17.495177124999998,7.38433535,8.894084,11.3550375,13.409127,10.20491475,49.3514717,154.69240000000002,40.837208000000004,5.1308792,174.276862,683.05853,1049.8404,1646.06035,1705.4639000000002,1555.75088,18.915982708333335,10.242068891666667,424.2888209,6640.17406
Soria,2020,5.1021608,8.1873225,15.7679985,21.381467,9.950485,1.177328025,3.8907969,7.8979133,8.531222,4.546693375,44.5512354,225.3539,133.272938,42.285956999999996,254.457503,534.37403,924.6118200000001,1445.7225899999999,1592.8065,1315.46759,11.723319799999999,5.0984411624999995,699.9215334,5812.98253
Tarragona,2020,9.0586382,12.144711000000001,19.360487,24.982232,14.863376,5.37189165,7.61797365,13.7032855,16.2192905,9.36528265,144.440025,220.61595499999999,135.786704,55.475698,293.926247,594.93416,961.73612,1466.6816,1535.82514,1420.54228,15.878803366666666,10.273834433333333,850.2446289999999,5979.7193
Teruel,2020,5.70713495,8.766906500000001,16.609594,22.450285,11.0501275,0.77966212,4.1048591000000005,8.6323725,9.74761,4.746782175,94.7649134,218.40319499999998,134.986494,38.352122,189.566461,622.55153,941.66057,1485.2102,1574.0932,1422.91823,12.605695908333333,5.459678011666667,676.0731854,6046.43373
Toledo,2020,7.94358435,11.7187225,20.634792500000003,27.165236,13.71499775,4.024350549999999,6.37528675,8.24107505,8.710526000000002,7.3086534499999996,43.672258,166.42652,57.686103,28.098098,249.680864,593.8214800000001,994.45929,1603.49334,1652.9862,1408.8795,15.815388475,6.994757541666666,545.563843,6253.639810000001
Valencia,2020,9.38337675,11.940414,19.694457999999997,25.156712499999998,14.751480749999999,4.429319,7.088048349999999,11.740444499999999,15.311120500000001,8.757264,117.0403595,225.52220999999997,98.188583,29.749115,261.52031,651.67177,966.27244,1556.5263,1547.64836,1435.74855,15.946320458333332,9.347243391666666,732.0205775,6157.86742
Valladolid,2020,5.95928135,10.2072725,17.6033455,23.250264,11.446391925,2.8437028499999997,5.16340495,8.591627500000001,9.2812915,6.1585943,33.3306742,162.726719,93.77257800000001,39.030460000000005,260.634034,497.25918,985.1698,1477.7305900000001,1618.5913,1268.0028000000002,13.318824533333334,6.366202566666668,589.4944652,5846.75367
Zamora,2020,6.1057435,9.87012125,17.049764500000002,22.98655,11.24771965,2.97396855,5.0223344999999995,8.6972175,9.391570999999999,6.1836461,38.4323594,173.48809999999997,102.52008,25.8119486,315.26230499999997,491.84146,961.49411,1463.28084,1616.0507400000001,1253.2460800000001,13.084603091666667,6.4087306250000005,655.5147929999999,5785.91323
Zaragoza,2020,7.39606,11.093778499999999,18.972287,24.446756,12.916921775,3.1575947,5.87885355,10.344988,11.152731,6.7800027499999995,68.3748488,201.59775,122.92259000000001,24.706311999999997,212.295354,576.04638,938.95969,1470.1388499999998,1592.3740400000002,1392.07319,14.623787508333335,7.349028791666666,629.8968548,5969.59215
Álava,2020,6.446958499999999,9.370514199999999,15.1765735,19.107639499999998,11.146421425,3.6062748000000004,6.00489885,10.859499,13.011842999999999,7.261713425,82.686643,214.549445,144.46443,55.063401,380.08281,466.43478,879.0847200000001,1278.5827,1327.33684,1146.3902,12.065754758333334,8.000990416666667,876.846729,5097.82924
Ávila,2020,5.7304216,8.4005287,16.495451000000003,23.005899499999998,10.598900225,1.396544235,4.2831131,7.45683715,7.3131825,4.931408175,49.1320353,234.56402,81.09215400000001,22.717098,344.584266,578.23749,951.95494,1536.7834,1639.3699,1360.32584,12.471683541666666,5.0520822225,732.0895733,6066.6715699999995
A Coruña,2021,8.76535425,10.69333,14.1317155,17.817718499999998,13.04224275,6.36048525,6.9324639999999995,10.841389249999999,14.284699,10.23905615,414.0688,125.633654,189.49418,59.932438000000005,586.87798,394.74877000000004,1033.4452,1342.38744,1325.50694,1106.68042,12.915433958333333,9.816191633333334,1376.007052,5202.76877
Albacete,2021,6.1797649,10.1185905,18.853163000000002,25.7485875,12.749758075,1.97518025,3.792082,8.46757575,9.679488,5.584312625,103.126845,106.336827,107.98110199999999,33.0768221,131.88166900000002,599.47617,1095.5626499999998,1575.26831,1623.19208,1565.96899,14.399937008333334,5.8471585416666665,482.4032651,6459.4682
Alicante,2021,10.341417750000002,12.372711,20.194663,26.0539055,15.941763,4.2671674500000005,7.53099125,12.3543895,16.3321035,8.8817847,66.625191,145.25299,92.15090599999999,25.807589,78.705769,643.29568,1091.65234,1572.25103,1566.2811,1598.31732,16.807703875,9.708036850000001,408.542445,6471.7974699999995
Almería,2021,9.20025715,11.7213675,19.4583145,25.6661805,14.7448175,3.1518689,6.0296425,10.095614000000001,13.023889,7.721324525,80.27991399999999,130.31204400000001,82.97927200000001,12.7488697,84.803981,690.41598,1162.9401,1643.888,1632.3968,1674.64171,15.922625775,7.957277241666667,391.1240807,6804.28259
Asturias,2021,5.9512991500000005,8.27611665,12.816854,16.706721,10.732827875,2.8673262999999998,4.75215685,9.86928,13.549754499999999,7.7554889,308.00890000000004,133.221161,281.8216,96.120417,556.902455,409.16514,982.4873,1238.92786,1367.9759,1148.5462,10.869441091666667,7.758249241666667,1376.074533,5147.1024
Badajoz,2021,8.826111000000001,13.9078285,21.016798,27.066869,15.52965225,5.35244735,6.3088334999999995,8.347643,9.728079999999999,8.15309775,132.404774,69.06265,35.859284,4.99215714,220.857542,535.61399,1135.1064000000001,1609.1435999999999,1705.9251100000001,1466.8625,16.979485166666667,7.673866558333333,463.17640714,6452.6516
Barcelona,2021,6.0959015,9.4807415,17.286966,22.2672995,11.7201861,2.9330181800000004,5.0622506000000005,11.713325999999999,15.678195,7.930829425,93.344342,129.338468,120.52721,99.52754200000001,257.43949,528.73526,1029.1733199999999,1400.3517000000002,1378.0316,1316.70515,13.095213450000001,8.541408105,700.177052,5652.99703
Bizkaia,2021,8.49460585,9.8977895,14.6098505,17.762906,12.911107000000001,4.7996885,5.221129149999999,11.4082045,14.605284,8.951426675,275.77574,130.336632,247.111875,100.472527,523.46184,371.56493,948.01776,1163.1067699999999,1230.52155,1133.3586,12.764560975,8.989526583333333,1277.158614,4846.5696100000005
Burgos,2021,4.5232706,7.39950575,14.044986999999999,19.080209,9.826569625,1.652886501,2.50259065,8.2167713,9.900034999999999,5.2807205,174.93351,103.12725,143.87876,37.355025999999995,272.77736300000004,425.8434,1004.383,1355.36776,1492.15192,1199.27913,10.7835186,5.472287408500001,732.071909,5477.02521
Cantabria,2021,6.2876347500000005,8.35895065,13.364157500000001,16.8225165,11.01388825,3.0719012,4.300987,10.1419295,13.4756795,7.521404,221.49682,141.99764299999998,228.02300400000001,127.596205,454.74291300000004,411.29238,932.7993,1174.3027,1233.79575,1166.28964,11.143505983333334,7.672217533333334,1173.856585,4918.47977
Castellón,2021,7.7740025,10.063705500000001,18.092139500000002,23.016156,13.295880325,2.6702377499999996,4.7006368,11.272529500000001,15.670359000000001,7.1057026500000005,80.172922,143.419722,90.241004,125.475509,201.942334,594.40876,1055.8627,1443.5764800000002,1463.90797,1481.3332599999999,14.256294025,8.087528058333334,641.251491,6039.08917
Ciudad Real,2021,6.98186415,12.0488855,20.714212500000002,27.563374500000002,13.7410854,3.1226346,4.0208984,6.75918985,6.93704685,5.9989755,137.36861,90.62336499999999,36.529303999999996,15.0534213,183.73468300000002,572.49956,1140.29089,1609.3687,1692.84443,1505.4879,15.798417908333334,5.472953449999999,463.3093833,6520.49148
Cuenca,2021,4.6468174,8.97128025,17.498428,24.2936905,11.1686095,1.3659973300000001,2.5688463500000003,7.812175,8.6901097,4.861565725,153.75686000000002,103.57616,97.169894,31.6325235,195.03166600000003,550.78176,1090.29644,1534.5884,1643.9397,1462.1294,12.957905858333334,5.0267099716666666,581.1671035,6281.7357
Cáceres,2021,7.959302,12.8854335,19.974561,26.3797735,14.45053425,4.4824121,5.8615217,8.765138499999999,9.3034775,7.778583500000001,188.00982,100.62354,56.350236,4.7431515,363.74462500000004,517.98622,1130.1442000000002,1554.46643,1688.17261,1408.14833,16.01668975,7.328286133333333,713.4713725,6298.91779
Cádiz,2021,11.6028025,14.938636,20.945173,25.6385565,17.31848575,8.319336,9.7244735,12.323737,15.766681,11.71566225,219.15747000000002,95.59392700000001,22.593465000000002,1.43279348,229.73893800000002,627.53226,1200.56216,1660.29104,1684.34665,1639.76966,17.960356583333333,11.594258666666667,568.51659348,6812.50177
Córdoba,2021,8.94567435,14.006402999999999,21.7956055,28.181417500000002,15.60019675,5.1861634,6.1326442,8.6448543,10.39932575,8.09788895,145.54937999999999,78.642622,30.781773,5.90417608,200.53476899999998,585.53004,1159.17725,1653.92938,1706.80015,1535.42021,17.35491564166667,7.759794258333334,461.41272008,6640.85703
Gipuzkoa,2021,7.5064112000000005,9.3913995,14.4463755,17.494337,12.117234575,4.53978095,4.6124129499999995,11.3001235,14.507753999999998,8.58994075,286.32142,127.054126,304.867,98.754102,583.337704,373.67125,962.5992699999999,1160.5185999999999,1209.1008000000002,1123.6422499999999,12.178832058333334,8.68999215,1400.334352,4829.53217
Girona,2021,6.27363775,9.54228,17.13982,21.800845000000002,11.8564405,2.96859239,4.60040225,12.0377035,15.5873685,7.9609396750000005,101.751048,116.719261,185.635877,133.893946,328.955625,509.23964,1033.06363,1322.3376,1323.04434,1272.24552,13.078243958333333,8.519324331666667,866.955757,5459.93073
Granada,2021,6.669354800000001,10.3905465,18.3485,25.4848115,12.759497375,1.6867526499999999,3.534703,7.266346,8.41724575,5.239505875,130.764124,116.823917,83.70221,13.432466,148.109057,659.31692,1164.9537,1650.60907,1666.4547400000001,1643.39516,14.402034591666668,5.230676525,492.831774,6784.72959
Guadalajara,2021,3.76879185,8.0907235,16.019351,22.801307,10.02413275,0.5271801499999998,1.592887575,7.11311025,7.357172500000001,4.13890445,137.14576,118.032427,113.53742399999999,31.821036,222.30938200000003,522.81043,1084.93872,1488.4531,1635.55475,1350.18274,11.788073141666667,4.144693229166667,622.846029,6081.93974
Huelva,2021,10.60363075,15.340766,21.483935000000002,26.8922985,16.98733,7.1225985,8.45445175,10.2530355,12.6288615,10.259467149999999,126.73483300000001,70.855584,26.807775,1.193658677,230.472981,577.9529,1167.7161,1645.60494,1705.37866,1556.8000299999999,18.049215041666667,9.829646925,456.06483167700003,6653.45263
Huesca,2021,4.040324350000001,8.23117325,16.0362875,21.652119,9.8929905,0.7174817499999999,1.783534785,8.042416849999999,10.979947,4.7552409775,157.74582,108.383527,148.87076,68.971897,297.795067,512.61739,1095.69683,1437.83252,1501.85681,1368.43472,11.624314183333333,5.17231039,781.767071,5916.438270000001
Illes Balears,2021,12.0075335,13.645695,20.84676,25.991171,17.774881,7.587893,8.679136249999999,14.9356175,18.8666175,12.43710515,69.1729416,62.126459,64.399818,15.4772122,175.39536800000002,626.68601,1152.02145,1563.431,1551.8322,1473.1947599999999,18.00682025,12.490579091666667,386.5717988,6367.16542
Jaén,2021,7.50437715,12.2747085,20.677436,27.7980795,14.157072,3.2990232500000003,4.43955505,7.451852000000001,7.97142485,6.122623575,176.773875,88.18549200000001,55.702968999999996,15.505329,193.52375800000002,593.85704,1153.9726999999998,1628.96056,1683.7628,1558.4151299999999,16.094790858333333,5.901183716666666,529.691423,6618.9682299999995
La Rioja,2021,4.6069734,7.26211585,14.294229000000001,18.9754755,9.918933425,1.4063556149999998,2.3081454,8.639529,10.9033315,5.082502874999999,157.13873999999998,129.355736,195.00385,48.061298,237.764715,460.98077,994.4809,1371.0285,1474.1824000000001,1235.02587,10.829443433333333,5.570394544166667,767.324339,5535.69844
Las Palmas,2021,16.613459499999998,17.829665,19.554261,21.9833205,20.44833375,11.3090225,12.168327,13.848008,16.8461715,14.954851625,42.13136299999999,18.909307,7.3530936,6.430372,51.323086,894.56183,1392.3853,1567.3244300000001,1602.42606,1981.26442,19.47956225,14.013538708333334,126.1472216,7437.96204
León,2021,3.2164357,7.364774499999999,13.1283035,18.630229999999997,8.990133825,0.69538955,2.139355,7.1759655,9.3619825,5.05439735,230.32324,98.980352,157.578949,29.6528845,397.804233,422.53818,1020.98669,1356.8082,1525.52393,1189.88535,10.053335225,4.9135812083333334,914.3396585,5515.74235
Lleida,2021,3.7271710000000002,7.74268375,15.8002735,20.92295,9.4437695,0.2135052500000001,1.79427145,8.31038775,12.0301705,4.792762455,113.850076,107.216763,137.89828,102.94368,225.842813,529.79452,1087.4445500000002,1443.0082,1464.33423,1360.3258,11.180102875000001,5.322309976666666,687.751612,5884.9073
Lugo,2021,6.4624365,9.1274005,13.33666,17.520076,11.177153,4.08008905,5.29026235,9.7747419,13.228849499999999,8.390979325,400.22453,120.166158,202.10017,56.153603000000004,565.340154,383.95122000000003,1014.41739,1293.0964,1357.6966,1105.51971,11.466813166666666,8.192650241666668,1343.984615,5154.68132
Madrid,2021,5.09537315,10.0613005,18.347953,24.947871499999998,11.740438574999999,1.7313158,3.1691091,7.41550475,7.678713849999999,5.49012755,123.054685,107.877848,64.62762599999999,19.895609,250.33727,533.3421,1096.80121,1546.8061,1671.0478600000001,1388.5829099999999,13.655562549999999,5.1624831,565.793038,6236.58018
Murcia,2021,9.14388,12.0654305,19.960392,26.148362,15.00632725,3.4875099499999997,6.441498,11.1981965,14.3130185,7.939390250000001,71.8299513,114.902795,101.943093,14.2629927,82.190886,645.3450600000001,1094.1765500000001,1599.99402,1600.7159000000001,1626.7051199999999,16.2217865,8.553167241666667,385.129718,6566.93665
Málaga,2021,9.8443835,12.99294875,19.635269,25.512841,15.34675725,6.30151035,8.0420775,10.962201499999999,13.825807000000001,9.846338750000001,180.671085,124.71727000000001,28.989404,4.11540445,210.83069899999998,648.3351299999999,1153.6676499999999,1656.3463,1679.9504000000002,1635.48466,16.446492791666667,9.804045641666667,549.32386245,6773.78414
Navarra,2021,5.96696605,8.73327335,15.420655499999999,19.4091635,11.038219,3.0317184,3.1866424,9.7466045,12.897155,6.66991435,183.9651,84.305452,187.90991,58.587547,353.99574,425.13515,1005.6556400000001,1298.3247000000001,1360.4888,1208.71956,11.934416066666666,7.033658166666666,868.7637490000001,5298.32385
Ourense,2021,5.2926023,9.1319455,13.779805,18.567047,10.55985985,3.0406722999999998,4.4771973,8.9116307,11.86724925,7.1300404,393.01153,134.803044,165.34403500000002,34.742616999999996,519.8653340000001,397.69469000000004,1027.6202700000001,1388.2843,1485.45885,1152.9478100000001,11.315186583333334,7.092805058333333,1247.76656,5452.00592
Palencia,2021,4.150192,7.78265865,14.4841895,19.7899885,9.730449875,1.3809585199999999,2.20554895,7.44967975,9.030451750000001,5.275001425,153.99302,74.99225200000001,112.88695899999999,26.726723,266.269841,428.78714,1048.70223,1395.31995,1542.1070300000001,1214.2243,10.944654733333332,5.102773636666666,634.868795,5629.14065
Pontevedra,2021,7.9343365,10.766184500000001,14.661123,18.375641,12.55666075,5.668589000000001,6.878428,10.861216,13.999888,9.60349525,497.70794,156.144408,196.05392,53.557294999999996,641.83019,410.80066,1043.96684,1406.19124,1408.52913,1137.12122,12.808434416666666,9.435851916666666,1545.293753,5406.60909
Salamanca,2021,5.487736,9.7342665,16.3940835,22.492902,11.412127400000001,2.32557265,3.46639125,7.560579000000001,8.554339500000001,5.897008425,175.89162,97.047884,91.580958,8.738456,312.788238,488.43834000000004,1118.65375,1513.6698000000001,1669.9771,1342.33337,12.822207133333334,5.616816541666666,686.047156,6133.07236
Santa Cruz de Tenerife,2021,14.577952,15.616322499999999,18.081859,21.141956999999998,18.50473,10.043243499999999,10.9407455,12.843455500000001,15.375356,13.67866,97.684893,35.476909000000006,14.2125178,9.3967814,114.50612699999999,907.65864,1417.165,1624.9799699999999,1643.38146,1973.2802299999998,17.737925083333334,12.760020083333332,271.2772282,7566.4653
Segovia,2021,4.10228055,8.134096,15.571146500000001,21.9932395,10.090783325,0.93858415,2.03672225,6.9048798,7.11345315,4.48996295,157.20123,107.76505700000001,113.95497,21.1904127,254.30723,500.48302,1108.21775,1501.77918,1646.9218999999998,1323.84283,11.663721533333332,4.328927541666666,654.4188997,6081.24468
Sevilla,2021,10.6037855,15.38375,22.3531695,27.808733,17.14916525,6.84357075,8.045467,10.441248,13.3373785,9.78158675,142.293158,83.25988,19.863428,1.3052699,206.076542,596.14252,1177.50814,1656.2719,1704.17704,1574.04945,18.407961416666666,9.705139625,452.7982779,6708.14905
Soria,2021,3.4921174500000003,7.231375249999999,14.700951,20.999998,9.401844225,0.49731935000000005,1.17166776,7.11041185,7.64395365,4.0141050325,139.038774,117.736953,144.622752,29.740334,210.810653,491.64427,1074.7474499999998,1447.5143,1594.2109,1280.48171,10.871355025,4.075260445833333,641.949466,5888.59863
Tarragona,2021,8.3179075,11.4174165,19.632775000000002,24.226955500000003,14.30139975,4.2891667,5.27589975,11.323006,15.866792,8.50432075,86.654291,91.43805400000001,60.603678,68.553246,137.254739,552.46194,1070.81546,1479.9437,1446.3828600000002,1426.9239,15.366309000000001,8.960584325,444.504008,5976.52786
Teruel,2021,4.5430538,7.712272799999999,16.0163585,21.9237875,10.25899115,0.3788308,1.40174707,7.7643211999999995,9.985563500000001,3.94998791,96.501628,125.34792900000001,109.90765499999999,66.428589,160.147309,580.98272,1075.5069600000002,1469.75265,1548.8654700000002,1447.69124,11.785575816666666,4.571739731666667,558.33311,6122.79904
Toledo,2021,6.46701,11.4734365,19.9955635,26.630741,13.146105825,2.909684835,4.22791,7.5029738,7.7075018,6.382656175,132.922516,91.91194800000001,42.95903,14.186948699999999,221.32818,563.4508900000001,1123.99964,1580.7404000000001,1693.04803,1450.95403,15.143160441666666,5.8522304641666665,503.3086227,6412.1929900000005
Valencia,2021,8.2923145,10.94838075,19.291142999999998,24.9389915,14.228678500000001,3.26684945,5.6066607,11.273362500000001,14.93138,7.4915299,76.297192,140.80788,98.959407,55.693659,159.58744099999998,605.37387,1047.3844,1504.9793599999998,1526.0895,1538.15441,15.321364458333333,8.343552075,531.345579,6221.98154
Valladolid,2021,5.34622185,9.37326575,16.6426085,22.600516499999998,11.09831915,2.079265255,2.7356152,7.403062,7.7686185000000005,5.5512723,128.881744,85.029623,95.06675,7.3117038999999995,223.97813,464.51138000000003,1114.8151400000002,1501.3671,1660.2667000000001,1293.49401,12.693208483333335,5.1815175925,540.2679509,6034.4543300000005
Zamora,2021,5.134055,9.2942635,15.937801,21.75739,10.954742625,2.09005735,2.9432504,7.2178385,8.31083,5.7626124,162.934206,103.922647,101.090132,8.616282,292.954208,445.8061,1086.92046,1492.25157,1659.1234,1273.52425,12.338832458333334,5.347866841666666,669.517475,5957.62578
Zaragoza,2021,6.673648,10.297189,18.429778,23.7566825,12.28869175,2.7446699,2.641058,8.55755965,10.9436345,5.98750145,105.50163700000002,67.13445200000001,92.181999,23.6789797,180.38443900000001,527.82926,1083.48279,1472.4618999999998,1553.9396000000002,1382.83902,13.955780166666665,6.143654158333334,468.88150670000005,6020.55257
Álava,2021,5.780052700000001,7.92286075,13.964522500000001,17.531575,10.64132,2.9362236999999998,3.50431725,9.923729699999999,13.0220605,6.731246275,185.123131,110.24666500000001,204.90636,51.568611000000004,346.595317,406.33829000000003,934.91803,1225.68414,1300.8941599999998,1168.79254,11.080275158333334,7.141470616666666,898.440084,5036.62716
Ávila,2021,3.9687615000000003,8.121005649999999,15.566827,22.092155499999997,10.16460755,0.46121219999999996,2.2364807,6.483767500000001,6.7168455,4.359232075,172.372544,118.619109,93.99266399999999,23.347791,335.88356,542.4044200000001,1109.30006,1520.7205800000002,1674.39696,1389.34967,11.679660791666665,4.1027950083333335,744.215668,6236.17169
A Coruña,2022,8.6179245,10.2292995,15.6236475,19.880477,13.13127125,5.90372,7.1070718500000005,12.546101499999999,15.679555,10.4947231,105.61965900000001,240.0866,160.946965,42.96187140000001,436.82309,488.31908999999996,949.44803,1266.60783,1433.98055,1152.71031,13.4356485,10.370982425,986.4381854000001,5291.06581
Albacete,2022,6.810477,9.234122,21.465764999999998,26.7158305,12.75864925,0.05259714999999998,4.494275999999999,7.2263136,10.168517,6.97048105,22.3567194,242.65649000000002,40.551208,26.115496999999998,201.081775,665.0905499999999,952.88808,1695.39489,1640.51267,1498.4964499999999,14.957248833333333,5.9804443083333325,532.7616894,6452.38264
Alicante,2022,9.9680095,12.090764499999999,22.1058265,27.061444,15.850455499999999,3.3039320500000002,7.5556925,12.378385999999999,16.291822000000003,10.56640425,21.841738,314.37879,50.455230400000005,13.5548639,261.19786,658.94818,996.1959999999999,1674.10005,1594.09425,1494.82346,17.154492583333333,10.110440175,661.4284823,6418.16194
Almería,2022,9.1127775,10.9595715,21.4080045,25.914465,14.979474999999999,2.04127035,6.17690475,9.375124,13.6969815,8.32759635,31.300592,300.55078,47.182038,12.227219300000002,96.0222165,709.73035,1064.22083,1701.1428799999999,1660.14785,1653.73658,16.225628083333334,7.9909122166666675,487.2828458,6788.97849
Asturias,2022,5.9890764,8.06371975,14.648649500000001,18.8175995,10.736863175,2.79092205,4.86157635,11.564166499999999,15.31546175,7.921785875,97.33840900000001,267.12807,247.11273,132.428618,586.52904,503.59352,964.46277,1310.0357,1386.4375,1105.45295,11.49879525,8.395949733333333,1330.536867,5269.98244
Badajoz,2022,9.856981999999999,12.4878885,23.140089,29.347451,15.50742675,3.38592965,6.0434265,8.6176235,9.43965775,8.546515475,19.027318700000002,169.788353,9.812394000000001,2.6848240399999996,202.751034,682.29537,1025.46976,1650.2217500000002,1714.4070499999998,1540.63844,17.641210666666666,7.4299447249999995,404.06392374,6613.03237
Barcelona,2022,6.238415,9.7666545,19.991202,24.269309999999997,12.053156375,1.827829485,5.35344695,12.616636,16.7365295,8.622148125,42.295904,209.13296000000003,102.78796700000001,156.85336,301.085548,582.42003,932.0083199999999,1550.9116,1457.7453999999998,1255.47925,14.061982375,8.963123030833334,812.155739,5778.5646
Bizkaia,2022,7.3587025,10.161906,16.486715,20.5017725,12.611968875,4.1599183,6.202564649999999,13.12858,16.1837165,9.438922325,125.65073999999998,240.64024,128.389973,80.95846800000001,651.39296,473.65282,879.2472,1253.1192,1315.75195,1062.43969,13.288838958333335,9.758770683333333,1227.032381,4984.21086
Burgos,2022,4.0277315,7.1368449,16.875785,22.066926,9.92006485,0.027566550000000023,2.91190935,8.54011985,10.380585499999999,5.630814,42.622126,177.98043,62.896833,28.46678,293.022456,542.34744,915.7552999999999,1430.2996600000001,1525.4007,1181.062,11.65790285,5.520301541666666,604.988625,5594.8651
Cantabria,2022,5.7931057500000005,8.5162765,15.438683,19.6261035,10.960504625,2.51053965,4.7847628,11.590196500000001,14.6947865,7.9979242500000005,89.581445,239.04917600000002,186.900513,101.69509000000001,581.02084,502.51182000000006,915.74475,1257.6835700000001,1342.3365,1080.91988,11.882529666666665,8.262688991666666,1198.2470640000001,5099.1965199999995
Castellón,2022,7.6927435,10.01743025,20.0184745,24.7865685,13.17486825,0.900240615,5.543798649999999,12.620095,15.733053,8.53187765,18.36312,315.0564,101.47092,91.759597,302.017242,631.9617900000001,940.1236,1604.94576,1520.28229,1378.15446,14.810825541666667,8.6434904275,828.667279,6075.4679
Ciudad Real,2022,7.76822535,10.505255,22.712607,29.039217,13.874664375,1.27072585,4.8265943,6.3504944000000005,7.4366067000000005,6.57189025,27.483548,201.37333999999998,14.67362,15.1618978,199.745519,684.3487,991.67273,1701.2062700000001,1694.7773000000002,1521.7159000000001,16.295772183333334,5.5047002916666665,458.4379248,6593.7209
Cuenca,2022,5.422011749999999,8.366772300000001,20.6703455,26.1548115,11.38777605,-1.0973232499999999,3.1190332,5.97340345,8.819068999999999,5.5926528,20.8605794,195.23318,29.355409,33.9646605,259.970389,641.7984,938.9698000000001,1692.5187,1638.8944999999999,1432.69211,13.898248858333334,4.666581333333333,539.3842179,6344.87351
Cáceres,2022,8.68272575,11.6521815,22.178209000000003,28.875394,14.463671375,2.96358415,5.67680835,9.086635000000001,9.495413,8.268693299999999,20.4404285,196.8517,15.967023,6.0928085,310.787365,656.4060400000001,1000.6234400000001,1591.3618999999999,1690.95523,1469.45378,16.719308833333333,7.293304516666667,550.139325,6408.80039
Cádiz,2022,12.4356465,13.830233,21.990841,26.668926,17.42489625,6.9531953,9.2407755,12.383368,15.5846845,11.595877,25.550839,272.47787,13.1011188,3.31942167,185.45349199999998,731.9634000000001,1096.3195799999999,1698.59375,1666.1671000000001,1661.17486,18.2959065,11.22562955,499.90274147,6854.21869
Córdoba,2022,9.936093249999999,12.4975955,23.7121095,29.5512485,15.73738775,3.2761222,6.29266095,8.367075,10.48855975,8.215840499999999,24.794230000000002,193.19779,12.5123515,6.00713175,180.54205,696.2786900000001,1041.59808,1706.2286,1714.83594,1578.9346,17.861970375000002,7.476016483333333,417.05355325,6737.87591
Gipuzkoa,2022,6.589252999999999,9.582194999999999,16.567269,20.3607265,11.8718235,3.59403575,5.871268499999999,13.133875,16.044253,9.0088083,159.8652,272.23656,153.708855,114.985727,668.89177,472.39847,864.43091,1242.28866,1307.14709,1052.6188200000001,12.80718175,9.443508141666667,1369.688112,4938.88395
Girona,2022,6.4059603,9.822712,19.868444500000003,24.231780999999998,12.19143825,1.555992765,5.6989673,13.2058025,16.846563,8.2493199,45.227455,250.1412,111.66215700000001,124.67430999999999,327.176702,583.1354200000001,918.78784,1503.1291999999999,1417.1835,1231.95422,14.118629050000001,8.967660894166666,858.881824,5654.19018
Granada,2022,7.286799,8.9932245,20.525565999999998,25.876238999999998,12.859637574999999,0.11584875,4.0624839,6.2720588500000005,9.306189,5.616647325000001,39.697216999999995,266.56299,41.8599145,20.3100375,129.120959,708.20236,1056.25428,1711.8002000000001,1683.1788999999999,1658.89554,14.733517274999999,5.164979191666666,497.551118,6818.33128
Guadalajara,2022,4.45722325,7.4232435,19.3008715,25.0631865,10.241317525,-2.1061773500000003,2.15590465,5.5932435,7.4444792,4.3801971,20.6764145,214.36461,34.042176,30.703074,219.93462699999998,629.07727,929.4435100000001,1647.7914500000002,1619.94105,1356.9149400000001,12.787859966666666,3.641307366666666,519.7209015,6183.16822
Huelva,2022,11.930196500000001,13.823713999999999,22.96325,27.8870495,17.1539375,5.564098700000001,7.9401033000000005,10.980659249999999,12.787252500000001,10.31094365,19.070854,189.823757,10.8277097,2.1888548500000002,205.11216100000001,716.27718,1085.19456,1667.80616,1702.5563,1634.37529,18.4853475,9.649000175,427.02333655,6806.20949
Huesca,2022,4.52454275,8.1660115,19.7907065,23.919847,9.93222405,-0.7478711,2.8691819,8.2907795,12.134076499999999,5.38932125,56.74852,203.33055000000002,105.71016,119.944924,326.89736400000004,608.17026,994.85664,1569.0508,1554.12577,1331.21602,12.710925975,5.554134883333333,812.631518,6057.41949
Illes Balears,2022,11.266359,13.600322,22.4935215,27.7334045,17.5976165,6.7898736,9.21661425,15.999204500000001,19.944392999999998,13.127901,23.895164,128.408592,38.466823000000005,34.604585799999995,329.163678,642.52484,1060.6232300000001,1618.9619,1567.5345699999998,1363.02434,18.381473333333332,13.034314558333334,554.5388428,6252.66888
Jaén,2022,7.92689685,10.8017305,22.6095705,28.7934855,14.25331375,1.453393325,5.09543825,6.91121505,8.38407025,6.651527125,37.600785,218.698666,23.431859,15.024605000000001,236.346742,703.1630299999999,1015.0742300000001,1710.12183,1691.45657,1576.7573599999998,16.439718475,5.857861854166667,531.102657,6696.57302
La Rioja,2022,4.1649945,6.99323205,17.137773,21.816314499999997,9.77338335,-0.14939291999999998,3.13591365,9.2070525,11.381951,5.562464725,45.802187,218.132454,82.934008,58.281496000000004,326.586117,547.53196,905.6069600000001,1444.1051400000001,1518.71927,1185.86966,11.609846791666667,5.783408946666667,731.736262,5601.83299
Las Palmas,2022,17.123848,17.075149500000002,20.158716,22.641472,20.1093605,10.290192,11.0688595,14.7202515,17.194012999999998,14.76814175,32.968115,26.450985000000003,7.0720130999999995,7.202263499999999,23.7465946,921.5775699999999,1366.4982,1613.72654,1576.5699,2051.59627,19.53631775,13.801599916666667,97.4399712,7529.9684799999995
León,2022,4.0506253,6.475808000000001,15.882745,21.5537585,9.1121692,-0.42891961,2.17400185,7.9666996999999995,10.301223,5.168722275,41.944518,184.76959,108.92314999999999,40.489883,328.82638099999997,543.36283,947.68993,1408.2565399999999,1527.25086,1173.80014,11.031212533333333,5.0584082483333335,704.953522,5600.3603
Lleida,2022,4.1623354,7.8047685,19.1199655,22.93864,9.6127754,-1.563642265,2.6546321500000003,8.8655695,13.304875,5.4114448175,51.072683,183.342246,109.80821700000001,158.65832,283.606969,604.06161,1001.01095,1557.69825,1502.46157,1313.90131,12.208543366666667,5.6807206699999995,786.488435,5979.133690000001
Lugo,2022,6.36676955,8.5697625,15.2108795,19.973701499999997,11.226178749999999,3.60517265,5.36404325,11.667429,14.901623,8.46927225,91.28002000000001,212.524065,189.546075,56.295504,436.01643,484.83571000000006,928.70818,1292.37189,1470.1796,1118.27765,12.095578425,8.7461354,985.662094,5294.37303
Madrid,2022,5.969656199999999,9.206703000000001,20.961461,27.074084499999998,11.84436285,-0.31905985000000003,3.5896287,6.7198937,7.8403977,5.8760674,21.655603,212.95892999999998,24.396845,21.022671000000003,223.81768799999998,626.185,959.57444,1660.799,1670.9565,1403.31351,14.483438399999999,4.9304991750000005,503.85173699999996,6320.82845
Murcia,2022,9.1727,11.4308845,21.915002,26.736805,15.2498325,2.1096572,6.7353635,10.951883500000001,14.717486749999999,9.243865249999999,21.2314,313.42617,45.6108246,11.476926800000001,142.472583,670.7679800000001,994.59845,1689.9390899999999,1624.79266,1542.65669,16.62584275,8.833686908333332,534.2179044,6522.75487
Málaga,2022,10.404086,12.0082305,21.1472785,26.1603945,15.660288,5.4668957,7.5666621,10.781318500000001,14.333216499999999,9.71473495,34.662586,291.83731,28.47866617,3.00448115,130.076665,692.06906,1050.76918,1715.73065,1696.47347,1669.7051000000001,16.84009425,9.59626045,488.05970831999997,6824.7474600000005
Navarra,2022,5.2007815,8.6353685,18.42867,22.3360895,10.8762212,1.79961218,4.5784122,10.8622215,13.863358,7.2846775,81.671135,189.65985,97.7325,90.363896,422.341625,523.23009,897.62714,1393.9616,1455.6144,1144.18823,12.725558650000002,7.612159813333334,881.769006,5414.62146
Ourense,2022,5.64351105,8.0210209,15.807497999999999,21.752866500000003,10.537892675,2.05217005,4.2690192499999995,10.57817,13.342231,7.351783375,57.157835000000006,200.21841999999998,162.97315500000002,41.220745,367.526764,528.5972899999999,932.4517000000001,1373.4888,1581.25409,1181.5224600000001,12.050113633333334,7.490859508333333,829.0969190000001,5597.31434
Palencia,2022,4.1005069,7.2853183,17.244556499999998,22.475248999999998,9.85518765,-0.16178122499999997,2.65503935,7.946395000000001,9.903003,5.55285385,31.15918,173.573935,62.476811,22.499053,256.269965,558.4322,946.7360799999999,1458.1774500000001,1572.1069,1200.85222,11.802667666666666,5.241393970833333,545.978944,5736.3048499999995
Pontevedra,2022,7.854238,10.0148415,16.145355,21.138723499999998,12.534912250000001,5.013010749999999,6.60405465,12.707854999999999,15.724884249999999,9.8096111,90.280793,268.74062,184.54889,30.695942000000002,469.94408,513.62464,976.2353,1335.6485400000001,1536.3219,1190.8865,13.370497083333333,9.944837808333332,1044.210325,5552.71688
Salamanca,2022,5.81107675,8.7883735,18.876848000000003,25.3450665,11.215829249999999,0.6603528814999999,3.5909197500000003,7.905835150000001,8.9590435,6.402826675,17.045839,180.992211,37.264751,21.2438654,268.93018,621.86446,973.46444,1531.41294,1669.05511,1357.52808,13.542170541666666,5.65363410525,525.4768464,6153.32503
Santa Cruz de Tenerife,2022,14.739898499999999,15.0435695,18.546336,21.4093735,18.35800175,9.2776995,9.933055,13.5769755,15.388418000000001,13.51960225,57.534254000000004,57.459091,14.1771017,12.001258,78.448417,905.30921,1381.72934,1663.83414,1607.2044,2062.31518,17.742530166666665,12.535892083333332,219.6201217,7620.39227
Segovia,2022,4.3861324,7.41725375,18.4977765,24.605724000000002,10.061033775,-1.20445011,2.2714313500000003,6.58219675,7.459702249999999,4.76372165,30.940834000000002,187.21920999999998,43.2127,23.702300299999997,236.16693700000002,612.63467,962.5976,1590.6154000000001,1657.65956,1324.91442,12.5048257,4.1060539233333335,521.2419813,6148.42165
Sevilla,2022,11.751186,13.879280999999999,23.809413,28.831557,17.130703,5.2251402,7.8776528,10.66796,13.234503499999999,9.94519375,17.4833275,204.887397,9.7068586,3.9707109039999997,175.28311,707.3985,1062.19269,1686.9275,1700.19906,1617.90737,18.755473833333333,9.482607333333334,411.331404004,6774.62512
Soria,2022,3.831505,6.5873387,18.191772,23.601860000000002,9.404594975,-2.0521449,1.83570885,6.00491115,7.9772675,4.254311599999999,22.634562000000003,194.72165,44.72281,31.5247,237.462,608.53901,925.57725,1582.81614,1603.9837400000001,1294.27533,11.836944275,3.7123942999999997,531.0657219999999,6015.19147
Tarragona,2022,8.3385875,11.39929,21.490418499999997,26.100436000000002,13.99972675,2.1927214250000002,6.414622,13.0431415,17.245327500000002,9.557715775,11.5256375,223.83037,77.36762,117.917537,244.07637799999998,617.84024,970.98758,1589.1332,1523.9517500000002,1352.30511,15.888030916666667,9.6685406625,674.7175425,6054.21788
Teruel,2022,4.66314745,7.19797825,18.980597000000003,23.5994755,10.204103525,-2.070417725,2.5450883,7.463026299999999,10.822159,5.06647285,14.4745927,240.853,80.87076400000001,90.912632,224.13050800000002,639.14697,923.5325,1618.4366,1552.34625,1388.14661,12.474900875000001,4.815466929166667,651.2414967,6121.60893
Toledo,2022,7.04350875,10.364512,22.176517,28.57788,13.181956699999999,1.2772477,4.81166815,7.185437,7.7873058,6.97160465,21.3781557,196.27207399999998,14.719898,17.8998812,238.626144,650.37811,977.7021500000001,1674.3016,1684.86366,1470.05405,15.754388525000001,5.834144658333333,488.8961529,6457.29957
Valencia,2022,8.18692065,10.57460725,21.1251975,26.305131,14.007086625,1.5127313850000002,6.11866365,12.284993499999999,15.0427555,9.295575875,22.88052,366.48839,69.781762,40.905238,304.805569,640.15908,912.31224,1641.92199,1564.9517,1419.32802,15.701004941666667,8.925049297500001,804.861479,6178.67303
Valladolid,2022,4.9350003000000005,8.7320753,19.5152675,25.314183999999997,10.98436635,0.20991376999999997,3.26057305,7.31937735,8.468592000000001,5.9837286249999995,18.863664999999997,155.69571000000002,33.665485000000004,13.051307099999999,217.73768,595.45456,975.6536000000001,1544.8557099999998,1659.4704000000002,1285.55076,13.410876633333332,5.204318903333333,439.0138471,6060.98503
Zamora,2022,5.180668450000001,8.54069715,18.662454,24.8263855,10.741969325,0.41219219500000004,3.0694274999999998,7.4986265,8.891257,6.171582975,17.534537999999998,152.277557,51.43517,19.015857699999998,244.95712699999999,585.34088,965.5284999999999,1502.73433,1645.3834000000002,1272.85441,13.115690625,5.369111524166667,485.2202497,5971.84152
Zaragoza,2022,6.2217465,9.802464,21.819972,25.905027,12.1265426,0.5456925699999999,4.3625817,8.5033832,12.011539500000001,6.7770106000000006,16.856461,166.942366,54.882156,74.24543,224.73411199999998,614.2432200000001,946.4349,1599.41406,1583.8206500000001,1340.2214,14.667049116666666,6.496203028333333,537.660525,6084.13423
Álava,2022,4.649502,7.881838,16.3482115,20.7425115,10.462038,1.90743655,4.47018075,11.371002,13.890619749999999,7.278185525,73.518913,191.9874,84.927284,44.885819,447.26434,493.24330999999995,873.40314,1284.75311,1367.0207,1084.16086,11.757689833333332,7.6992683500000005,842.583756,5102.58112
Ávila,2022,4.7635377000000005,7.10906475,17.9736915,24.4907465,9.972603424999999,-1.0695598800000001,2.4046877999999996,6.6462638,6.8893866500000005,4.9147919,23.753155,232.57436,45.164888,28.678196,288.298445,633.6151199999999,975.2549300000001,1615.6276699999999,1676.2675,1388.60303,12.380374549999999,4.116727028333333,618.469044,6289.36825
A Coruña,2023,8.0749848,11.813865,16.4895105,18.834619,13.936581499999999,4.9531378,8.6889633,13.06734,14.9501405,11.366937499999999,275.4814796447754,191.1764144897461,170.56733322143555,63.990570068359375,801.9270477294922,490.91575622558594,947.4617614746094,1379.6207275390625,1324.8739624023438,1047.6093139648438,13.847690383333335,10.732242766666666,1503.1428451538086,5190.481521606445
Albacete,2023,5.36635825,14.295282,18.534046500000002,27.1162175,14.830561625,-0.451295715,0.56177918,9.55471035,10.1675125,7.40092,29.609514236450195,9.631369590759277,187.4990234375,15.693615913391113,158.45870399475098,642.5547790527344,1336.5764770507812,1439.7955932617188,1661.2501220703125,1471.255859375,15.828837916666666,5.772424385833333,400.89222717285156,6551.432830810547
Alicante,2023,8.9270535,16.0226475,19.9060165,27.202928,17.704268,2.1779105000000003,5.2599545,13.397718000000001,18.371951000000003,11.421029375,32.282511711120605,8.178064823150635,185.64735412597656,21.101604461669922,167.15840244293213,659.7663269042969,1331.6304931640625,1484.4664916992188,1577.2408447265625,1511.8949737548828,17.91119691666667,10.341598791666668,414.36793756484985,6564.999130249023
Almería,2023,7.9191802000000004,15.3749145,18.936052500000002,26.617259,16.6801235,1.8111452,3.6592046,11.849100750000002,14.720649000000002,8.856910425,38.43069362640381,10.9269700050354,201.70085906982422,14.90433931350708,89.04820156097412,692.9414672851562,1372.7506103515625,1502.641357421875,1648.0302734375,1650.07177734375,17.034608866666666,8.292320066666667,355.01106357574463,6866.435485839844
Asturias,2023,4.8696851,10.3070825,14.573331,17.817432,12.020091,1.84669755,5.96514415,11.671182,14.353807,8.78601165,305.01087188720703,106.07694244384766,287.4672088623047,129.6660919189453,444.49825286865234,489.9150390625,1031.9096984863281,1293.0811767578125,1311.3871459960938,1151.284896850586,11.934618766666667,8.568142333333332,1272.719367980957,5277.57795715332
Badajoz,2023,8.40628925,16.4081245,22.3069115,28.504983,17.11563375,2.9421735,4.3263681,9.3052147,9.169686500000001,9.96689725,33.96575450897217,20.856332778930664,77.4318733215332,0.6824480295181274,242.72493362426758,666.0813598632812,1292.11279296875,1537.1264038085938,1739.8859252929688,1439.7883911132812,18.309595958333333,7.612872883333334,375.66134226322174,6674.994873046875
Barcelona,2023,5.2198548,11.97884,17.564691,23.478761,13.64588475,0.7490481800000001,5.5190935,12.728238000000001,17.238692999999998,10.128797075,75.42855072021484,51.6617317199707,224.7386016845703,129.22919464111328,249.38739776611328,585.3418273925781,1176.2293090820312,1373.6863403320312,1415.8796997070312,1284.5230102539062,14.255652716666667,9.415444471666666,730.4454765319824,5835.660186767578
Bizkaia,2023,6.8068468499999994,11.5519495,16.317164,19.3992005,14.573914499999999,3.0750109500000002,7.283946500000001,13.2473055,15.784063,9.920807,256.99934005737305,125.03030395507812,211.2097930908203,123.579345703125,343.45609855651855,450.0140838623047,936.8257446289062,1267.4562377929688,1175.9841918945312,1121.9632415771484,13.870498308333334,9.871989991666666,1060.274881362915,4952.243499755859
Burgos,2023,2.9033731,10.0247135,15.2248095,20.820233,11.84706725,-0.500879015,2.8575624,9.19057,10.723205,6.4007293999999995,129.5851707458496,50.0667781829834,155.36527252197266,26.375757217407227,267.59649658203125,506.21897888183594,1056.3463439941406,1359.62548828125,1478.1221923828125,1217.463150024414,12.1112106,5.845319530833333,628.9894752502441,5617.776153564453
Cantabria,2023,4.74863665,10.348537499999999,14.955364,18.235388,12.53809125,1.53368645,5.98418775,11.6513225,14.5805665,8.58287185,264.79071044921875,110.85283279418945,256.8238067626953,130.5612030029297,333.2054977416992,481.37725830078125,982.2973937988281,1242.9395751953125,1131.5292358398438,1146.5058898925781,12.227351441666665,8.485917816666666,1096.2340507507324,4984.649353027344
Castellón,2023,6.2438068,13.646707,18.394966500000002,24.6647295,14.92166625,-0.249563735,4.3429518,11.130804,16.619925,10.111147325000001,33.297428131103516,14.140979766845703,164.14184951782227,47.04086112976074,259.7089385986328,641.6052551269531,1256.001953125,1420.8869018554688,1510.0174560546875,1350.4483947753906,15.465590383333334,8.677735285833334,518.330057144165,6178.9599609375
Ciudad Real,2023,6.2679613,15.103313499999999,20.7589815,28.913352500000002,15.67202225,0.825751512,1.5260249499999998,8.0571305,6.3358194999999995,7.85131675,37.66742515563965,18.762744426727295,106.39561462402344,4.240149617195129,240.4847869873047,654.7220764160156,1315.1536254882812,1501.2559814453125,1727.0189819335938,1449.3614959716797,17.06460888333333,5.407893327,407.5507208108902,6647.512161254883
Cuenca,2023,3.8639539000000003,12.4894365,17.4969525,25.971489,13.264987,-1.44258045,0.61055723,8.1596507,8.52304365,6.973230675,45.08296298980713,16.633994579315186,175.2261505126953,11.403282642364502,289.3813056945801,621.946533203125,1296.3421020507812,1456.1761474609375,1685.7242431640625,1369.3016967773438,14.39196765,4.966188746666667,537.7276964187622,6429.49072265625
Cáceres,2023,7.388897099999999,14.8684175,21.114693000000003,27.6032935,15.89308625,2.2690137,5.0644617499999995,9.7701725,9.4707485,9.9091615,61.299628257751465,40.067392349243164,112.3862533569336,0.33469897508621216,473.1751823425293,649.5730590820312,1241.4596557617188,1505.578857421875,1730.9931030273438,1330.1777038574219,17.126912266666668,7.732119908333334,687.2631552815437,6457.782379150391
Cádiz,2023,11.4135635,17.285639500000002,21.707811,27.157702,18.76543025,6.6274855,8.342678,13.409496,15.5662275,13.177072500000001,55.31053161621094,22.651318669319153,83.59686660766602,0.41619598865509033,273.44322681427,706.8606567382812,1334.2990112304688,1578.938232421875,1709.8978271484375,1623.005874633789,19.182596083333333,11.716672,435.4181396961212,6953.001602172852
Córdoba,2023,8.55700625,17.1073795,22.414243499999998,29.824807999999997,17.54537325,2.64860055,3.79841925,9.5833385,9.229843,9.463873374999999,39.27467441558838,19.386114597320557,103.77054977416992,1.6830900311470032,215.96209716796875,684.0549621582031,1332.158935546875,1526.03125,1733.4164428710938,1518.5802612304688,18.83236395833333,7.3646580083333335,380.0765259861946,6794.241851806641
Gipuzkoa,2023,5.79406475,11.0690005,16.0417895,19.1253185,13.85830175,2.3166143,6.7686072500000005,12.940660000000001,15.696608,9.773501075,226.26050186157227,150.92842864990234,260.90274810791016,144.29850006103516,412.23354721069336,457.2159423828125,930.2084350585938,1251.2666015625,1184.7689819335938,1123.4527740478516,13.291129458333332,9.544915283333333,1194.6237258911133,4946.912734985352
Girona,2023,5.7253042999999995,11.51275125,17.938861,23.1953065,14.034012,0.691220625,6.14203615,12.167795000000002,16.9446895,9.9499915,90.22321701049805,117.37146759033203,221.54104614257812,157.23382186889648,217.14033126831055,565.6883087158203,1088.2317504882812,1379.638916015625,1375.2062377929688,1266.069595336914,14.406707841666666,9.3076207125,803.5098838806152,5674.834808349609
Granada,2023,5.52434205,13.873479,17.9331975,26.656703,14.639758500000001,-0.036340765,0.999775,8.7056247,8.63448725,6.041654375,47.8649787902832,15.185708045959473,196.88797760009766,12.941048622131348,176.33308792114258,702.2776184082031,1373.4559326171875,1480.1685791015625,1684.5211181640625,1625.0102081298828,15.544539758333334,5.0644758224999995,449.21280097961426,6865.433456420898
Guadalajara,2023,2.88039395,11.0686965,16.38970525,24.5037385,12.03234175,-2.03026205,0.31772666000000005,7.485680100000001,7.048272600000001,6.00837845,58.97600269317627,27.61839008331299,156.53900909423828,13.487707138061523,293.5966262817383,592.9701995849609,1239.62255859375,1453.0314331054688,1665.5223388671875,1304.6530151367188,13.15120295,4.139695701666667,550.2177352905273,6255.799545288086
Huelva,2023,10.592991999999999,17.696592,23.016406,28.628045,18.24472525,4.96986055,6.7682752,11.487739,11.61802525,12.19803325,33.79861068725586,12.88286542892456,69.29173851013184,0.18359506130218506,242.60757446289062,685.3059387207031,1327.2448120117188,1578.5885009765625,1737.6692504882812,1535.5782470703125,19.40391425,9.87332775,358.76438415050507,6864.386749267578
Huesca,2023,2.4132061499999997,10.6532015,17.03808,23.137273999999998,11.79768,-2.2797374,2.2900247499999997,8.6137758,12.207762500000001,6.978276775,114.3471450805664,50.58394813537598,189.8105926513672,103.09214401245117,306.23685455322266,607.8927307128906,1184.335693359375,1442.2634887695312,1541.0213623046875,1301.2982940673828,12.806186941666667,5.7980632000000005,764.0706844329834,6076.811569213867
Illes Balears,2023,10.9661575,15.098332,21.110017,26.896816,19.53556925,6.4041115,9.764469250000001,15.41025,20.491464,15.179846,112.02139091491699,25.0286808013916,65.80922508239746,72.56594157218933,244.99465942382812,606.9769287109375,1285.2491455078125,1512.3212890625,1543.522705078125,1462.7921905517578,18.857076833333334,13.738331125,520.4198977947235,6410.862258911133
Jaén,2023,6.6987179999999995,15.4418915,20.824396,29.2676965,16.053427,1.136470725,2.1024954,8.4250145,7.08583615,7.5528960000000005,64.07149696350098,20.883185863494873,123.5359992980957,7.217095851898193,219.9973545074463,674.5314025878906,1337.1719970703125,1489.2258911132812,1712.2545166015625,1529.2923278808594,17.389926,5.6426014625,435.70513248443604,6742.476135253906
La Rioja,2023,2.89238325,10.289647,15.237344499999999,20.553385,11.982447625,-0.9742972,2.8379399999999997,9.3631241,11.997551,6.4288637,127.43027114868164,50.86324596405029,221.6316146850586,59.99262619018555,244.5040626525879,523.9660797119141,1080.7493591308594,1354.40087890625,1477.5623779296875,1242.543212890625,12.156275833333334,6.013674216666666,704.421820640564,5679.221908569336
Las Palmas,2023,16.4175885,18.9263705,21.04361,23.5406475,21.03114275,10.5202815,13.445176,15.464938499999999,18.037436,16.205385,32.176424980163574,4.237565040588379,15.966462135314941,5.749035835266113,85.7658622264862,870.4688110351562,1455.2050170898438,1615.3929443359375,1564.0371704101562,2068.5541381835938,20.331750333333336,14.979767,143.8953502178192,7573.6580810546875
León,2023,2.49673115,9.257807,14.591940999999998,19.7589815,10.397503425,-1.11190437,2.6663183999999998,8.35382965,10.053262499999999,6.248674725,165.04854202270508,64.21182441711426,159.4898681640625,27.746108055114746,373.5139389038086,537.6548156738281,1078.4998474121094,1384.7057495117188,1486.2217407226562,1148.156837463379,11.150077916666667,5.409809271666667,790.0102815628052,5635.238990783691
Lleida,2023,2.75275405,10.521471,16.286527999999997,22.4328445,11.563724375,-2.55763375,2.30139585,9.21901775,13.5011285,7.05155775,75.65085220336914,50.10435104370117,225.50552368164062,129.09187698364258,245.50885391235352,601.2537384033203,1187.7525634765625,1384.55859375,1489.8518676757812,1320.1980895996094,12.520174383333334,6.094503974999999,725.861457824707,5983.614852905273
Lugo,2023,5.3844224999999994,10.564993,15.457011999999999,18.6438865,12.431086500000001,2.6436775,6.712047999999999,11.5823235,13.5121345,9.3547879,298.3196334838867,154.1769027709961,183.6968879699707,61.466936111450195,622.6808624267578,493.7109069824219,972.6360473632812,1349.2200317382812,1380.7243041992188,1077.1885528564453,12.4854145,8.859959883333334,1320.3412227630615,5273.479843139648
Madrid,2023,4.57843045,13.053853,18.739607,26.519406500000002,13.57270175,-0.47462937000000005,1.4656347250000001,8.281491149999999,7.22741,7.5160055,42.87862968444824,21.713788986206055,128.7984390258789,4.80751645565033,276.2430229187012,603.5077667236328,1273.3046875,1503.6212158203125,1698.0916137695312,1337.9575805664062,15.006116741666666,5.255319584166666,474.4413970708847,6416.482864379883
Murcia,2023,8.0772265,15.8409035,19.6740285,27.247074,16.8794205,1.30314945,3.79319155,12.4439625,16.295378,10.0343124,26.790682315826416,6.67508339881897,169.7697868347168,17.593687057495117,111.64758777618408,666.7229919433594,1350.9022216796875,1467.1194458007812,1609.8050537109375,1562.359603881836,17.43301225,8.98405105,332.4768273830414,6656.909317016602
Málaga,2023,9.2918155,15.887874499999999,20.1509365,27.2454655,17.17708125,4.516438,6.2957316500000005,11.920544,13.913533999999999,10.643442499999999,49.145009994506836,17.68807888031006,103.57904434204102,3.2896974086761475,202.328106880188,704.4219055175781,1347.3110961914062,1526.1804809570312,1704.7921142578125,1628.9825134277344,17.821709083333335,9.655522108333333,376.02993750572205,6911.6881103515625
Navarra,2023,4.04059135,11.0320425,16.607136,21.088804500000002,13.0078821,0.29789051,4.6750877,10.8861517,13.9437095,8.278973825,133.44707870483398,91.26773452758789,175.12216567993164,72.73156547546387,286.6045608520508,515.8551330566406,1028.3806457519531,1349.7125854492188,1362.3480224609375,1200.978530883789,13.130723091666667,7.726797843333333,759.1731052398682,5457.274917602539
Ourense,2023,4.49846665,10.225059250000001,15.4945595,19.382661,11.8349925,1.1204135290000001,5.448702000000001,10.375757199999999,12.058918,8.493968875,231.0689182281494,134.4578628540039,208.34720611572266,21.851730346679688,705.9408493041992,540.2157592773438,1012.0339660644531,1397.6873168945312,1526.4408569335938,1086.842056274414,12.211788566666668,7.665288079833334,1301.6665668487549,5563.219955444336
Palencia,2023,2.87009825,10.163699000000001,15.4903045,21.344611,11.546558825,-0.6308233750000001,2.6971123500000003,8.8362885,10.037317999999999,6.43664585,102.0465259552002,40.35626220703125,137.59112548828125,18.604419708251953,282.2546920776367,528.8512420654297,1081.3964538574219,1417.7239379882812,1513.642333984375,1208.9219360351562,12.160305066666666,5.635531195833333,580.8530254364014,5750.535903930664
Pontevedra,2023,7.0592143,11.621592,16.5443215,19.204579000000003,13.624817,3.9452211000000004,8.38487745,12.76347875,14.626698999999999,11.09093225,296.8313388824463,227.00707244873047,211.34833526611328,53.9747257232666,1055.4222717285156,529.5357208251953,979.4753112792969,1396.2890625,1447.9898071289062,1093.7825775146484,13.613223466666668,10.317023466666667,1844.5837440490723,5447.072479248047
Salamanca,2023,4.33579515,11.609601,17.469009,23.5461325,13.00504725,0.38051904999999997,3.24547995,8.8877495,9.2084805,7.8379749499999996,81.35553646087646,38.24989414215088,140.27324676513672,2.9033817052841187,377.6022300720215,603.6360473632812,1188.2582397460938,1486.8359985351562,1707.9044189453125,1253.8194732666016,13.828438691666667,6.233029816666666,640.3842891454697,6240.454177856445
Santa Cruz de Tenerife,2023,13.639678499999999,17.289662,18.89265,22.416209000000002,18.92168125,8.9979145,11.550527,13.997874,16.5138645,14.780731249999999,72.58893203735352,9.777850866317749,39.331024169921875,9.150907516479492,181.37286615371704,883.5951843261719,1469.84326171875,1645.7450561523438,1625.3921508789062,2024.0330505371094,18.346927,13.436940416666665,312.2215807437897,7648.608703613281
Segovia,2023,2.8981725000000003,10.55740975,16.1589725,23.3345805,11.97252285,-1.10751988,1.3765467500000002,8.028762,7.81152835,6.0226006750000005,88.64998626708984,34.16020965576172,140.99975204467773,8.865720987319946,292.973424911499,570.1985931396484,1206.266357421875,1493.2891845703125,1670.7435302734375,1309.7427062988281,12.815696825000002,4.692419761666667,565.6490938663483,6250.240371704102
Sevilla,2023,10.502376,18.3358015,23.247767,29.3799495,18.6647,4.4107646,5.87771605,11.506568,12.3611905,11.6160685,30.433664321899414,13.23018193244934,85.0854721069336,0.4676302671432495,187.69462871551514,699.1648559570312,1335.0175170898438,1558.8306884765625,1728.6650390625,1567.7832794189453,19.799215666666665,9.564729358333333,316.91157734394073,6889.461380004883
Soria,2023,2.30028055,10.2403865,15.530287999999999,22.5640595,11.51681475,-2.2467486,0.552366575,7.5169787,8.5172527,5.4773232499999995,79.18637466430664,30.282992362976074,149.0925064086914,27.452829837799072,243.9898796081543,576.1977844238281,1160.4013366699219,1458.5896606445312,1612.9263916015625,1285.063720703125,12.278107341666667,4.2157493125,530.0045828819275,6093.178894042969
Tarragona,2023,6.964695900000001,14.21695,19.868558,25.646147499999998,15.937942499999998,1.42278135,5.8344606500000005,12.586693,17.1959905,11.389200625,55.00978469848633,10.375200748443604,131.7544403076172,44.21385955810547,198.9892463684082,613.9626159667969,1232.0159301757812,1470.3741455078125,1474.9597778320312,1315.5640716552734,16.428706066666667,9.969721125,440.3425316810608,6106.876541137695
Teruel,2023,3.03652885,11.44309375,15.884632,23.3959695,12.318546999999999,-2.658538,0.27898190999999994,7.76247895,10.92538075,6.433855775,38.651611328125,14.931282997131348,175.4404067993164,35.09076976776123,224.26396560668945,625.6778259277344,1255.9595336914062,1397.4053344726562,1600.5043334960938,1348.5117645263672,13.066219683333335,4.862669193333333,488.37803649902344,6228.058792114258
Toledo,2023,5.9372725,14.473052,20.2769725,28.147272,15.078819874999999,0.733219685,2.2152518,8.561537,7.2561763500000005,8.37842025,30.005648612976074,21.409605503082275,119.71892929077148,2.340723991394043,275.19625091552734,632.4479064941406,1303.9403686523438,1501.6021728515625,1722.2095336914062,1392.394760131836,16.498701458333333,5.9205042225,448.6711583137512,6552.594741821289
Valencia,2023,7.0131063000000005,15.2901825,19.330513,26.609869,16.098808,0.37767799,3.3690836500000003,11.942021,16.133302,10.044386675,31.028772354125977,5.440614700317383,172.98846054077148,26.716553688049316,195.68987464904785,637.6211853027344,1308.6522827148438,1432.0429077148438,1562.0090942382812,1414.294448852539,16.740214466666668,8.651809665,431.864275932312,6354.619918823242
Valladolid,2023,3.8822437499999998,11.7059415,17.499564499999998,23.9085435,12.9368205,0.09638840000000004,2.403717,8.84001835,9.056005500000001,6.947939625,65.08091354370117,25.809264183044434,103.8548812866211,4.416272044181824,282.83055305480957,549.7444458007812,1160.2237854003906,1525.054443359375,1667.7388305664062,1273.5938568115234,13.811655708333333,5.71533475,481.9918841123581,6176.355361938477
Zamora,2023,3.9522138499999997,11.3455505,17.3785445,23.00657,12.4610945,0.08203559999999999,2.7839399499999997,8.4758782,9.178279499999999,7.296268975,77.50991535186768,36.37730121612549,116.05555725097656,3.9615975618362427,344.1309471130371,563.1260070800781,1140.9109802246094,1516.5275268554688,1658.347412109375,1199.3013610839844,13.434177974999999,5.852111866666667,578.0353184938431,6078.213287353516
Zaragoza,2023,4.9813305,13.589591500000001,19.094999,25.102877,14.276326749999999,-0.24289460499999999,2.67154195,9.246862499999999,12.225316,8.16685915,54.93361473083496,20.741806507110596,106.03935813903809,42.41077709197998,196.19580841064453,596.3569946289062,1193.5925903320312,1485.3388671875,1578.1407470703125,1325.8798370361328,15.220241916666666,6.7057573575000005,420.32136487960815,6179.309036254883
Álava,2023,3.8594055000000003,10.378627999999999,15.399251,19.487408,12.545810075,0.8742263,5.1381422,11.235856,13.7120735,7.7939110750000005,180.0107192993164,83.45589828491211,185.45665740966797,48.11183547973633,259.96592903137207,464.8662872314453,981.3433532714844,1252.0145263671875,1271.3063354492188,1165.0086669921875,12.369385441666665,7.758020025,757.0010395050049,5134.539169311523
Ávila,2023,2.9753047,10.670133499999999,16.08087225,23.3312885,11.613227875,-1.3512084,1.156442275,7.4950624999999995,7.0269835,6.303919725,76.43707847595215,33.72708702087402,166.00582885742188,6.723169803619385,381.57611083984375,608.0429382324219,1258.143310546875,1481.5676879882812,1714.1063842773438,1327.0601043701172,12.714009116666666,4.4891865541666665,664.4692749977112,6388.920425415039
