provincia_estandar,ano_calendario,mes,temp_media_c,temp_rocio_c,precipitacion_mm,radiacion_mj_m2,ano_campana
A Coruña,2016,9,17.449806,14.156776,73.984024,465.62628,2017
A Coruña,2016,10,14.658865,11.764401,68.06662,335.73535,2017
A Coruña,2016,11,10.490605,7.9251957,117.137436,200.64943,2017
A Coruña,2016,12,9.838132,7.460617,41.00794,187.67154,2017
A Coruña,2017,1,7.5237494,4.8774614,68.442245,183.5223,2017
A Coruña,2017,2,9.268625,6.5739865,150.77893,235.72748,2017
A Coruña,2017,3,10.2717905,7.3285017,132.30615,414.65903,2017
A Coruña,2017,4,12.486702,7.981295,28.711302,665.46576,2017
A Coruña,2017,5,15.220259,12.042604,148.13408,625.07776,2017
A Coruña,2017,6,17.365837,13.790924,41.284134,698.3361,2017
A Coruña,2017,7,18.244114,14.5890875,20.838404,671.2418,2017
A Coruña,2017,8,18.733587,14.300102,30.639502,629.8777,2017
Albacete,2016,9,21.49309,8.699257,8.297213,592.48846,2017
Albacete,2016,10,16.51983,9.279797,50.716206,410.49963,2017
Albacete,2016,11,9.036913,4.249543,87.762085,268.53244,2017
Albacete,2016,12,6.8017626,4.539831,93.86021,207.98245,2017
Albacete,2017,1,4.359802,0.26060024,37.46013,261.02448,2017
Albacete,2017,2,7.49602,3.0700068,28.667458,336.8324,2017
Albacete,2017,3,9.84091,3.1783216,80.59675,563.16974,2017
Albacete,2017,4,13.141413,3.5851405,39.71518,672.29755,2017
Albacete,2017,5,17.975954,6.185826,16.072605,821.0638,2017
Albacete,2017,6,24.063272,8.465508,14.624401,833.3245,2017
Albacete,2017,7,25.776468,9.336498,18.412193,858.5008,2017
Albacete,2017,8,24.850492,11.860557,47.912807,721.4758,2017
Alicante,2016,9,22.583023,14.82148,28.958092,565.51495,2017
Alicante,2016,10,18.704918,14.671667,66.427475,396.5988,2017
Alicante,2016,11,12.920443,7.4100647,54.041344,295.18784,2017
Alicante,2016,12,10.4429035,7.8719187,109.63002,208.6514,2017
Alicante,2017,1,8.101244,3.5778108,83.32012,275.33173,2017
Alicante,2017,2,10.87995,5.8091874,17.151503,356.74933,2017
Alicante,2017,3,12.765212,6.407208,73.96898,570.3805,2017
Alicante,2017,4,14.666925,6.700806,20.63538,676.7561,2017
Alicante,2017,5,19.325224,9.384541,2.2010353,836.42017,2017
Alicante,2017,6,24.486357,13.031535,9.558771,848.6209,2017
Alicante,2017,7,25.62375,16.104734,7.5308743,824.1369,2017
Alicante,2017,8,25.200981,17.910372,55.694828,699.673,2017
Almería,2016,9,21.8236,12.651152,13.145423,602.02576,2017
Almería,2016,10,17.733763,11.76957,39.034973,446.33582,2017
Almería,2016,11,11.553329,5.456236,45.332615,309.258,2017
Almería,2016,12,9.085806,6.3456,141.59229,238.39447,2017
Almería,2017,1,6.518923,2.047215,38.50542,299.89456,2017
Almería,2017,2,9.497155,4.840297,34.229725,367.7057,2017
Almería,2017,3,11.352692,4.419688,53.50709,581.8052,2017
Almería,2017,4,14.012366,5.8434086,24.18892,692.2838,2017
Almería,2017,5,18.590706,7.2141333,4.900556,841.5673,2017
Almería,2017,6,23.852312,10.950694,7.161253,854.2489,2017
Almería,2017,7,25.350462,13.01282,4.144381,872.2952,2017
Almería,2017,8,24.739798,15.5740595,49.078575,723.0731,2017
Asturias,2016,9,16.343775,12.906316,107.122574,466.31873,2017
Asturias,2016,10,12.752218,9.677352,48.359062,348.02206,2017
Asturias,2016,11,7.6216416,5.125639,128.6322,199.62874,2017
Asturias,2016,12,7.1117144,4.3584723,27.967127,197.83682,2017
Asturias,2017,1,4.4147205,1.6757832,83.83556,194.99028,2017
Asturias,2017,2,6.8741508,3.8011653,117.223465,259.36176,2017
Asturias,2017,3,8.23919,4.6064625,95.568985,440.15994,2017
Asturias,2017,4,10.039409,6.0259447,47.503834,655.7173,2017
Asturias,2017,5,13.808027,10.345924,171.40868,639.91455,2017
Asturias,2017,6,16.457933,13.367861,104.22905,644.43414,2017
Asturias,2017,7,17.107853,13.875703,51.279957,703.2213,2017
Asturias,2017,8,17.138315,13.78588,98.46168,601.20734,2017
Badajoz,2016,9,24.354105,8.987701,8.323549,620.7012,2017
Badajoz,2016,10,18.812103,10.115012,57.59154,429.24332,2017
Badajoz,2016,11,11.440382,6.919464,86.28801,271.57077,2017
Badajoz,2016,12,9.387761,6.4396234,51.62832,242.72389,2017
Badajoz,2017,1,7.0617456,2.8692148,29.075933,290.14615,2017
Badajoz,2017,2,10.236821,5.9625373,57.281075,309.82718,2017
Badajoz,2017,3,12.0366955,5.7097907,48.688885,502.70078,2017
Badajoz,2017,4,17.200705,5.7268634,43.747803,671.8034,2017
Badajoz,2017,5,19.929708,9.7358265,34.29727,752.0586,2017
Badajoz,2017,6,26.612013,10.239053,5.8238297,840.92773,2017
Badajoz,2017,7,27.283957,9.005681,10.936286,890.89276,2017
Badajoz,2017,8,27.523556,9.08235,8.311017,792.8306,2017
Barcelona,2016,9,19.1418,14.203303,72.36968,499.56186,2017
Barcelona,2016,10,14.672472,11.818615,101.960434,308.90787,2017
Barcelona,2016,11,9.410602,6.43557,101.01465,252.77937,2017
Barcelona,2016,12,6.3965964,3.111047,20.231775,225.75682,2017
Barcelona,2017,1,3.7809718,-0.11786499,50.516106,234.2703,2017
Barcelona,2017,2,8.013732,4.5658092,64.33274,301.57617,2017
Barcelona,2017,3,10.033459,5.557839,82.069115,515.06165,2017
Barcelona,2017,4,11.6642065,6.215487,60.362553,633.73645,2017
Barcelona,2017,5,16.267279,10.070602,35.470882,750.8978,2017
Barcelona,2017,6,21.967062,14.089935,37.457844,768.82306,2017
Barcelona,2017,7,22.874638,15.847248,41.639328,774.5309,2017
Barcelona,2017,8,23.045809,16.186235,55.876076,675.7497,2017
Bizkaia,2016,9,18.234644,14.238482,77.68763,460.1819,2017
Bizkaia,2016,10,14.384752,10.369098,38.630733,330.48007,2017
Bizkaia,2016,11,9.932164,6.6587367,163.22208,191.06636,2017
Bizkaia,2016,12,9.001735,6.1239514,22.16461,192.64937,2017
Bizkaia,2017,1,5.69775,2.535963,141.5925,194.98154,2017
Bizkaia,2017,2,9.048434,5.262955,88.44133,259.24014,2017
Bizkaia,2017,3,10.381754,6.4486294,107.42379,426.2611,2017
Bizkaia,2017,4,11.006491,6.66944,59.916203,619.94543,2017
Bizkaia,2017,5,15.31069,11.231793,76.90725,661.3253,2017
Bizkaia,2017,6,17.867838,14.61483,100.58511,612.53436,2017
Bizkaia,2017,7,18.462427,15.057037,48.623978,617.9022,2017
Bizkaia,2017,8,18.899683,14.860846,74.00492,595.88135,2017
Burgos,2016,9,17.555294,9.080762,28.043873,500.7597,2017
Burgos,2016,10,12.726381,6.399541,33.375565,368.70328,2017
Burgos,2016,11,6.1537952,2.9645607,92.90318,206.66862,2017
Burgos,2016,12,5.0331674,2.2939847,14.799548,194.66092,2017
Burgos,2017,1,2.1942937,-1.0304672,44.92794,208.5316,2017
Burgos,2017,2,5.5314026,2.004389,80.00478,268.6947,2017
Burgos,2017,3,7.808229,2.8178673,47.41502,460.70798,2017
Burgos,2017,4,10.155038,1.7953026,26.331606,660.67804,2017
Burgos,2017,5,14.947302,7.2516713,66.97658,683.0393,2017
Burgos,2017,6,19.094202,10.890993,54.740253,712.8867,2017
Burgos,2017,7,19.832172,10.209177,20.679932,763.94916,2017
Burgos,2017,8,19.84084,9.4574375,28.421179,677.7739,2017
Cantabria,2016,9,16.924816,12.817141,90.63742,455.4755,2017
Cantabria,2016,10,12.840463,8.977762,38.10507,323.54803,2017
Cantabria,2016,11,7.8492384,4.9345675,127.16661,201.74364,2017
Cantabria,2016,12,7.3576365,4.414903,25.210436,195.21628,2017
Cantabria,2017,1,4.0160174,1.074287,107.40634,202.35999,2017
Cantabria,2017,2,7.0310473,3.6555192,85.739685,262.03348,2017
Cantabria,2017,3,8.647471,4.740831,94.47263,442.4016,2017
Cantabria,2017,4,9.90338,5.2873373,48.88591,628.4636,2017
Cantabria,2017,5,14.247672,9.973271,122.95066,642.99774,2017
Cantabria,2017,6,16.967505,13.365676,112.90092,602.0331,2017
Cantabria,2017,7,17.482784,13.893934,68.09605,633.8298,2017
Cantabria,2017,8,17.740246,13.58123,76.14947,575.84576,2017
Castellón,2016,9,20.278913,13.175119,47.308613,520.71985,2017
Castellón,2016,10,16.034487,12.112485,60.861355,354.1412,2017
Castellón,2016,11,10.356949,5.3263006,89.33672,257.83658,2017
Castellón,2016,12,7.824475,4.6879654,86.549324,218.29219,2017
Castellón,2017,1,5.4863915,0.4364594,103.238945,255.00565,2017
Castellón,2017,2,8.388412,3.774694,17.525595,325.49112,2017
Castellón,2017,3,10.82411,4.8403955,55.428486,548.017,2017
Castellón,2017,4,12.514344,4.7205014,26.383799,652.2061,2017
Castellón,2017,5,17.210545,8.649498,25.147993,814.4639,2017
Castellón,2017,6,22.16591,13.472922,65.537186,790.18,2017
Castellón,2017,7,23.450771,15.048428,16.128502,798.8113,2017
Castellón,2017,8,23.382608,15.458261,53.041206,681.53864,2017
Ciudad Real,2016,9,23.3026,6.8640842,8.270123,618.0212,2017
Ciudad Real,2016,10,17.514917,8.542378,70.6245,416.51297,2017
Ciudad Real,2016,11,9.558071,5.454893,104.28536,255.86198,2017
Ciudad Real,2016,12,7.4076195,4.7842865,57.246696,232.06673,2017
Ciudad Real,2017,1,5.003042,0.88399655,23.633883,267.49323,2017
Ciudad Real,2017,2,8.427476,4.039158,47.506836,308.30856,2017
Ciudad Real,2017,3,10.456404,4.0900755,59.92543,522.974,2017
Ciudad Real,2017,4,15.322224,3.3946264,48.163147,677.84546,2017
Ciudad Real,2017,5,19.164064,7.718519,35.273148,788.5163,2017
Ciudad Real,2017,6,26.473167,7.874301,8.468834,833.85394,2017
Ciudad Real,2017,7,27.207682,7.3001685,30.191221,875.69226,2017
Ciudad Real,2017,8,27.388441,7.351957,17.368233,769.7978,2017
Cuenca,2016,9,20.391563,7.659502,12.250492,578.4731,2017
Cuenca,2016,10,15.121778,8.007774,85.08605,382.14322,2017
Cuenca,2016,11,7.452237,3.9245114,113.09679,244.3118,2017
Cuenca,2016,12,5.539247,2.5998044,46.636913,219.0327,2017
Cuenca,2017,1,3.1281035,-1.2347001,29.035467,251.58719,2017
Cuenca,2017,2,6.163164,1.8281289,42.869553,305.87503,2017
Cuenca,2017,3,9.013432,1.8762459,51.816383,550.1383,2017
Cuenca,2017,4,12.612818,1.308481,27.552544,677.4277,2017
Cuenca,2017,5,17.014494,5.619675,39.863354,793.8474,2017
Cuenca,2017,6,23.287157,8.122276,32.31459,822.3874,2017
Cuenca,2017,7,24.697376,7.891595,32.464848,867.48395,2017
Cuenca,2017,8,24.362724,9.710772,42.44799,737.3502,2017
Cáceres,2016,9,23.51935,9.112362,12.920166,606.9011,2017
Cáceres,2016,10,17.692892,9.74946,90.50083,405.4481,2017
Cáceres,2016,11,10.407088,6.506235,134.51932,251.9289,2017
Cáceres,2016,12,8.361951,5.3643427,54.75105,229.31961,2017
Cáceres,2017,1,6.1846194,2.1218505,37.31754,264.69824,2017
Cáceres,2017,2,9.377519,5.310088,98.740456,305.73184,2017
Cáceres,2017,3,11.1865015,5.320387,50.267826,482.59232,2017
Cáceres,2017,4,16.044346,5.728167,16.949482,677.0919,2017
Cáceres,2017,5,19.121351,9.656604,50.413116,727.7174,2017
Cáceres,2017,6,25.900387,10.350434,7.7131996,821.13385,2017
Cáceres,2017,7,26.434696,9.608516,19.084562,886.22644,2017
Cáceres,2017,8,26.68262,8.930925,16.23956,790.12646,2017
Cádiz,2016,9,23.957941,14.547203,6.151051,626.8731,2017
Cádiz,2016,10,19.806082,14.696057,85.73921,452.3343,2017
Cádiz,2016,11,13.9318285,10.005053,163.1047,296.9213,2017
Cádiz,2016,12,12.424745,9.58291,101.59251,264.54065,2017
Cádiz,2017,1,9.911595,5.404852,33.09393,340.70114,2017
Cádiz,2017,2,12.355842,8.858596,88.68268,324.1353,2017
Cádiz,2017,3,13.762959,8.24329,50.538033,561.80475,2017
Cádiz,2017,4,16.7973,9.547802,57.539093,697.9114,2017
Cádiz,2017,5,19.509151,11.842996,30.894861,798.1128,2017
Cádiz,2017,6,25.28728,13.60304,0.5071743,872.3101,2017
Cádiz,2017,7,26.112083,15.047877,2.053144,884.81177,2017
Cádiz,2017,8,26.789518,15.853149,12.557439,777.7972,2017
Córdoba,2016,9,24.815248,9.330824,8.483186,621.7423,2017
Córdoba,2016,10,19.302378,10.896386,65.13121,433.46274,2017
Córdoba,2016,11,11.39534,6.7061725,122.245926,273.66635,2017
Córdoba,2016,12,9.398241,6.208279,52.097683,259.37982,2017
Córdoba,2017,1,7.070479,2.557442,19.181143,306.47583,2017
Córdoba,2017,2,10.318247,6.0143056,53.13033,311.79898,2017
Córdoba,2017,3,12.156388,5.749441,60.812828,531.7653,2017
Córdoba,2017,4,17.092516,6.0700397,50.65344,678.5791,2017
Córdoba,2017,5,20.262423,9.404226,33.291157,782.3288,2017
Córdoba,2017,6,27.397942,10.228731,6.2129874,850.42395,2017
Córdoba,2017,7,28.506912,9.613887,10.275582,889.24286,2017
Córdoba,2017,8,28.447378,10.25754,29.492954,778.1409,2017
Gipuzkoa,2016,9,17.982307,13.982553,94.03611,462.68088,2017
Gipuzkoa,2016,10,13.792255,10.157734,51.659725,336.4799,2017
Gipuzkoa,2016,11,9.007477,6.427998,179.11847,187.70523,2017
Gipuzkoa,2016,12,7.9527893,5.3362455,18.678926,192.4041,2017
Gipuzkoa,2017,1,4.5066776,1.7527493,148.80066,198.60489,2017
Gipuzkoa,2017,2,8.382432,4.861858,105.561745,263.89108,2017
Gipuzkoa,2017,3,9.942535,6.0286503,132.83174,423.21765,2017
Gipuzkoa,2017,4,10.623089,6.0203276,66.08491,617.21655,2017
Gipuzkoa,2017,5,15.558946,10.877194,97.74378,666.4688,2017
Gipuzkoa,2017,6,17.939095,14.547583,121.502655,623.0855,2017
Gipuzkoa,2017,7,18.321419,14.830652,58.4827,600.9404,2017
Gipuzkoa,2017,8,18.673714,14.871268,99.57768,584.1794,2017
Girona,2016,9,19.564526,13.705459,61.54641,503.91864,2017
Girona,2016,10,14.519023,10.68818,121.58316,313.4055,2017
Girona,2016,11,9.760966,6.4858203,93.781815,242.39499,2017
Girona,2016,12,7.020108,3.3830972,41.38048,218.49039,2017
Girona,2017,1,3.9507883,-0.47058657,95.09944,229.04799,2017
Girona,2017,2,8.303239,4.6000943,101.20728,291.95688,2017
Girona,2017,3,10.553223,5.9391737,87.15903,506.30533,2017
Girona,2017,4,12.12402,5.7546153,62.235218,639.7703,2017
Girona,2017,5,16.191603,10.463331,53.933735,714.80695,2017
Girona,2017,6,21.78665,15.289387,74.302086,731.5426,2017
Girona,2017,7,22.251453,15.93812,42.780746,742.7483,2017
Girona,2017,8,22.756012,16.223494,61.582706,647.4407,2017
Granada,2016,9,20.968275,7.934346,12.151292,617.3798,2017
Granada,2016,10,16.213072,8.075106,49.798985,453.26743,2017
Granada,2016,11,8.722623,3.348246,112.008194,289.98608,2017
Granada,2016,12,6.7203746,3.7741144,87.32631,254.11661,2017
Granada,2017,1,4.075329,-0.19357963,32.281246,305.11472,2017
Granada,2017,2,7.1485596,3.0261319,52.18443,348.78476,2017
Granada,2017,3,9.104115,2.3330543,63.58946,572.8757,2017
Granada,2017,4,13.190471,3.9029336,32.34804,704.4385,2017
Granada,2017,5,17.51882,5.97623,15.223794,822.94934,2017
Granada,2017,6,23.447409,8.203078,12.526033,852.5756,2017
Granada,2017,7,25.658903,7.364692,7.362564,890.89453,2017
Granada,2017,8,24.775665,10.366687,37.04316,744.1377,2017
Guadalajara,2016,9,19.322517,6.442734,15.836686,563.7727,2017
Guadalajara,2016,10,13.911957,5.989349,72.42914,381.5655,2017
Guadalajara,2016,11,6.4403634,3.128984,99.81506,230.86739,2017
Guadalajara,2016,12,4.8021913,1.5857267,27.548801,208.94118,2017
Guadalajara,2017,1,2.07975,-2.1595328,29.22575,241.99716,2017
Guadalajara,2017,2,5.1966033,1.0899982,54.64552,289.8382,2017
Guadalajara,2017,3,8.45327,1.1950268,43.65689,520.53076,2017
Guadalajara,2017,4,11.882133,-0.74484736,24.705198,686.44794,2017
Guadalajara,2017,5,16.048967,5.1683216,56.314014,756.0683,2017
Guadalajara,2017,6,22.232044,7.908358,36.871742,794.59357,2017
Guadalajara,2017,7,23.459349,6.8438854,30.448484,848.41473,2017
Guadalajara,2017,8,23.052195,7.521793,41.462376,733.0005,2017
Huelva,2016,9,24.885744,11.650111,7.315419,632.1519,2017
Huelva,2016,10,19.74249,12.248575,68.8229,445.1467,2017
Huelva,2016,11,13.238978,8.321686,56.530254,294.03705,2017
Huelva,2016,12,11.5470085,8.146994,84.470795,261.43826,2017
Huelva,2017,1,9.180741,4.2701535,25.045214,322.38104,2017
Huelva,2017,2,11.810756,7.77744,84.55873,326.9224,2017
Huelva,2017,3,13.489805,7.550464,61.683884,529.82654,2017
Huelva,2017,4,17.997316,8.159877,64.05738,686.7181,2017
Huelva,2017,5,20.117565,11.610711,30.412853,768.9262,2017
Huelva,2017,6,26.322832,12.221119,2.742026,860.8627,2017
Huelva,2017,7,27.544868,11.346381,0.45054004,903.2633,2017
Huelva,2017,8,28.052061,12.02267,3.6695948,793.46387,2017
Huesca,2016,9,18.504147,10.358055,45.0748,530.7857,2017
Huesca,2016,10,13.171322,7.87777,82.31415,363.17194,2017
Huesca,2016,11,6.642462,3.4536111,161.82191,233.63397,2017
Huesca,2016,12,3.9422781,0.26680183,4.52978,222.71297,2017
Huesca,2017,1,1.4188639,-2.7923033,62.24551,252.27737,2017
Huesca,2017,2,5.228079,1.4267182,76.943016,307.71603,2017
Huesca,2017,3,8.07039,2.6382177,103.75581,515.0367,2017
Huesca,2017,4,10.757597,2.6464043,40.164795,687.7367,2017
Huesca,2017,5,15.478216,6.8282776,67.65482,761.9548,2017
Huesca,2017,6,21.227055,10.741299,69.86022,779.19324,2017
Huesca,2017,7,22.153734,11.548103,39.087917,792.44904,2017
Huesca,2017,8,22.19654,11.587129,54.878433,692.0678,2017
Illes Balears,2016,9,23.705664,17.040255,41.601418,541.2372,2017
Illes Balears,2016,10,20.113735,15.982326,63.12697,381.28333,2017
Illes Balears,2016,11,15.910956,11.202534,49.536606,263.255,2017
Illes Balears,2016,12,13.6454,10.527627,63.284935,222.04492,2017
Illes Balears,2017,1,10.61374,5.9823074,105.791435,251.50995,2017
Illes Balears,2017,2,12.576053,8.522437,36.809258,339.81537,2017
Illes Balears,2017,3,13.740365,8.995452,38.358448,574.6578,2017
Illes Balears,2017,4,15.263978,9.064044,13.865996,690.1172,2017
Illes Balears,2017,5,19.7257,13.022864,7.573463,808.8154,2017
Illes Balears,2017,6,24.116575,17.034565,34.461582,819.7515,2017
Illes Balears,2017,7,26.009436,18.828932,6.736326,822.13153,2017
Illes Balears,2017,8,26.446918,19.340343,16.300169,724.57855,2017
Jaén,2016,9,23.373655,7.478674,7.1515326,617.06854,2017
Jaén,2016,10,18.015244,8.690988,52.170242,439.67822,2017
Jaén,2016,11,9.911123,4.9017315,109.337906,271.05383,2017
Jaén,2016,12,7.8901086,4.558839,53.48953,249.62852,2017
Jaén,2017,1,5.5021167,0.8506535,26.216017,285.1684,2017
Jaén,2017,2,8.638941,4.3259935,50.915764,320.3132,2017
Jaén,2017,3,10.693534,4.0843325,76.35796,548.6209,2017
Jaén,2017,4,15.382066,4.140577,48.35585,689.38196,2017
Jaén,2017,5,19.569092,7.12673,16.984625,804.6274,2017
Jaén,2017,6,26.350956,8.098202,9.275856,837.3152,2017
Jaén,2017,7,28.024296,7.2375355,9.780467,883.33203,2017
Jaén,2017,8,27.669292,8.464116,22.86795,759.6868,2017
La Rioja,2016,9,17.452188,9.712123,28.839476,490.29474,2017
La Rioja,2016,10,12.56162,6.572794,36.850723,373.05667,2017
La Rioja,2016,11,6.119143,2.8853877,105.91117,207.9365,2017
La Rioja,2016,12,4.9935794,1.8211975,14.281243,202.01115,2017
La Rioja,2017,1,2.0493562,-1.2831445,66.81696,223.04729,2017
La Rioja,2017,2,5.5516477,1.8849746,64.984634,277.82693,2017
La Rioja,2017,3,8.015214,3.082785,60.123234,471.41483,2017
La Rioja,2017,4,9.730302,2.293065,33.176968,658.37036,2017
La Rioja,2017,5,14.893651,7.516228,89.88547,700.56964,2017
La Rioja,2017,6,18.89628,11.962274,70.44171,722.37573,2017
La Rioja,2017,7,19.660929,11.148383,18.85332,759.4281,2017
La Rioja,2017,8,19.617077,10.516961,56.94279,656.189,2017
Las Palmas,2016,9,22.11143,16.891073,2.8952675,652.8297,2017
Las Palmas,2016,10,21.05624,16.75113,55.955067,535.3063,2017
Las Palmas,2016,11,18.6499,13.951954,26.794085,417.08536,2017
Las Palmas,2016,12,17.574192,11.483281,12.666684,389.43655,2017
Las Palmas,2017,1,16.090382,9.292826,6.876019,425.50836,2017
Las Palmas,2017,2,16.004726,11.366685,22.232449,458.51978,2017
Las Palmas,2017,3,17.085678,10.587787,11.74794,659.5343,2017
Las Palmas,2017,4,18.86188,13.324693,8.79745,763.64655,2017
Las Palmas,2017,5,20.020416,14.670897,8.838097,793.9958,2017
Las Palmas,2017,6,21.25212,15.98156,3.9532723,804.2007,2017
Las Palmas,2017,7,21.851292,16.457685,3.4401226,812.73627,2017
Las Palmas,2017,8,23.176037,17.784653,2.0144775,794.94086,2017
León,2016,9,16.89207,8.68832,39.30887,508.6026,2017
León,2016,10,12.196497,6.4288406,44.98293,356.6483,2017
León,2016,11,5.61106,2.717394,73.84587,202.2189,2017
León,2016,12,4.616857,1.7146703,23.599695,188.2667,2017
León,2017,1,2.2592888,-1.1308775,45.467995,207.99564,2017
León,2017,2,4.6278505,1.605061,133.9361,268.84753,2017
León,2017,3,6.7955656,1.9793174,52.96182,457.16974,2017
León,2017,4,10.535214,1.1419673,22.243813,681.88654,2017
León,2017,5,13.752098,7.108703,87.890915,648.4842,2017
León,2017,6,18.620703,9.994173,52.629757,721.5524,2017
León,2017,7,19.316034,9.531229,15.364379,788.2957,2017
León,2017,8,19.219648,8.9776,34.10429,687.3863,2017
Lleida,2016,9,17.746845,10.934287,60.62126,507.78217,2017
Lleida,2016,10,12.8974495,8.605976,79.084946,353.862,2017
Lleida,2016,11,6.546438,3.301196,110.91575,244.13936,2017
Lleida,2016,12,3.8012922,-0.48333445,4.196036,230.80855,2017
Lleida,2017,1,1.1136038,-3.4894216,59.218334,240.2599,2017
Lleida,2017,2,5.280014,1.2218847,51.870262,313.0852,2017
Lleida,2017,3,7.966798,2.2988577,101.21039,522.308,2017
Lleida,2017,4,10.273255,2.734298,51.303925,672.8338,2017
Lleida,2017,5,15.174199,6.835179,61.181953,758.7941,2017
Lleida,2017,6,20.605688,11.137553,70.275406,766.48944,2017
Lleida,2017,7,21.74011,12.112535,34.57,790.92,2017
Lleida,2017,8,21.854609,12.267516,58.179367,686.94763,2017
Lugo,2016,9,16.924482,12.517527,77.10238,477.75787,2017
Lugo,2016,10,13.265006,10.035687,59.952274,342.46017,2017
Lugo,2016,11,8.121867,6.008689,128.81644,192.96753,2017
Lugo,2016,12,7.207197,4.9865403,30.005888,193.11298,2017
Lugo,2017,1,5.1298113,2.7088487,46.42354,189.13548,2017
Lugo,2017,2,7.319586,4.6414313,149.69806,243.99712,2017
Lugo,2017,3,8.552984,5.425591,106.97856,417.57166,2017
Lugo,2017,4,11.356569,6.220119,30.371918,664.7379,2017
Lugo,2017,5,14.518631,10.729003,149.77638,622.1797,2017
Lugo,2017,6,17.39517,13.127742,59.629356,695.093,2017
Lugo,2017,7,18.098827,13.527284,18.50253,701.63513,2017
Lugo,2017,8,18.408655,12.962272,40.505154,645.7347,2017
Madrid,2016,9,21.545895,6.8492317,13.086619,591.1678,2017
Madrid,2016,10,15.598508,7.359831,85.82804,387.98096,2017
Madrid,2016,11,7.9685717,4.542114,115.324524,233.0807,2017
Madrid,2016,12,6.2023745,3.2938032,46.388508,202.30539,2017
Madrid,2017,1,3.4950733,-0.5734909,22.515171,249.86858,2017
Madrid,2017,2,6.789597,2.6483684,71.45726,293.36725,2017
Madrid,2017,3,9.7155695,2.6854413,32.234154,519.6886,2017
Madrid,2017,4,13.909453,1.2320833,17.878313,692.8296,2017
Madrid,2017,5,17.81142,6.7123027,50.41363,771.0918,2017
Madrid,2017,6,24.501602,8.284055,21.352118,818.9592,2017
Madrid,2017,7,25.136486,7.893604,39.633232,872.4987,2017
Madrid,2017,8,25.24364,7.739829,42.552147,758.83997,2017
Murcia,2016,9,22.41051,13.331711,11.788783,584.77185,2017
Murcia,2016,10,18.19759,13.206639,49.478634,411.49567,2017
Murcia,2016,11,11.888388,5.7819533,55.67373,303.55084,2017
Murcia,2016,12,9.416863,6.824209,129.06273,207.18465,2017
Murcia,2017,1,6.9023447,2.3077502,52.513996,283.86612,2017
Murcia,2017,2,9.967831,5.1457705,21.672739,358.68948,2017
Murcia,2017,3,11.745978,5.3841486,78.548836,572.398,2017
Murcia,2017,4,14.322524,6.2654295,28.352345,669.2828,2017
Murcia,2017,5,19.052366,8.144252,4.843693,840.3744,2017
Murcia,2017,6,24.399876,11.47711,9.602895,853.7164,2017
Murcia,2017,7,25.68202,14.547963,8.228806,846.6873,2017
Murcia,2017,8,25.098986,16.598791,60.823692,702.47046,2017
Málaga,2016,9,22.677364,12.875222,7.102534,632.9231,2017
Málaga,2016,10,18.36097,12.895579,70.66796,451.12366,2017
Málaga,2016,11,12.007342,7.932351,163.81166,288.40173,2017
Málaga,2016,12,10.490313,8.190745,103.34173,253.95596,2017
Málaga,2017,1,7.848243,3.7950845,32.766174,328.6935,2017
Málaga,2017,2,10.394443,6.996243,78.47953,335.5933,2017
Málaga,2017,3,11.894804,6.599722,54.28905,568.7036,2017
Málaga,2017,4,14.864373,8.52142,44.891724,701.0474,2017
Málaga,2017,5,18.17098,10.271182,18.949389,815.1724,2017
Málaga,2017,6,24.145363,12.688478,1.5780164,875.58405,2017
Málaga,2017,7,25.774637,13.371651,1.8570024,891.56726,2017
Málaga,2017,8,25.209057,15.3490095,60.46889,761.679,2017
Navarra,2016,9,18.554031,11.975074,61.90702,490.02155,2017
Navarra,2016,10,13.463186,8.752779,54.9963,358.55118,2017
Navarra,2016,11,7.7243915,4.9375095,135.10228,198.12871,2017
Navarra,2016,12,5.8326554,3.3682745,10.639797,197.82631,2017
Navarra,2017,1,2.8172324,-0.17383549,91.91353,221.59097,2017
Navarra,2017,2,6.9898314,3.4907994,74.91243,281.76843,2017
Navarra,2017,3,9.242879,4.6308775,99.29046,453.76434,2017
Navarra,2017,4,10.793786,4.027589,38.017807,655.3933,2017
Navarra,2017,5,16.069918,8.768892,69.37533,705.8906,2017
Navarra,2017,6,19.92882,12.925993,78.295364,701.3032,2017
Navarra,2017,7,20.213724,13.102414,37.014782,696.71405,2017
Navarra,2017,8,20.306103,13.0836735,67.666565,634.11383,2017
Ourense,2016,9,17.333483,10.897438,49.79424,530.2851,2017
Ourense,2016,10,13.238956,8.90644,75.37355,359.3217,2017
Ourense,2016,11,7.208847,4.919682,113.89485,200.45143,2017
Ourense,2016,12,5.9195986,3.5309916,31.350746,206.11035,2017
Ourense,2017,1,4.2409987,1.4496834,54.0315,201.09412,2017
Ourense,2017,2,6.380567,3.589406,189.2889,258.047,2017
Ourense,2017,3,7.861444,4.1108255,85.762,439.13745,2017
Ourense,2017,4,12.210667,4.3900886,22.682377,675.7681,2017
Ourense,2017,5,14.490094,9.703352,126.45944,638.4079,2017
Ourense,2017,6,18.505953,12.021319,39.94029,762.3802,2017
Ourense,2017,7,18.96502,12.266047,21.031986,783.6075,2017
Ourense,2017,8,19.32007,11.3731785,41.008892,718.75977,2017
Palencia,2016,9,18.062223,8.465755,23.75694,518.76654,2017
Palencia,2016,10,12.844163,6.2464986,38.99771,369.93207,2017
Palencia,2016,11,6.244002,3.0084672,71.795525,212.3468,2017
Palencia,2016,12,4.803529,2.2568157,18.217133,184.53055,2017
Palencia,2017,1,2.1938467,-1.3511603,29.753347,210.59174,2017
Palencia,2017,2,5.4303226,2.0342746,90.26577,270.2612,2017
Palencia,2017,3,7.782006,2.5008879,37.100643,464.25394,2017
Palencia,2017,4,11.053767,0.71312827,18.28367,681.8713,2017
Palencia,2017,5,14.992688,7.101605,81.06005,676.5474,2017
Palencia,2017,6,19.642761,10.1348715,50.11055,731.57263,2017
Palencia,2017,7,20.544266,9.426529,17.595488,793.11774,2017
Palencia,2017,8,20.382679,8.683985,21.739357,708.49396,2017
Pontevedra,2016,9,17.737091,13.389638,68.60864,510.23087,2017
Pontevedra,2016,10,14.649159,11.491649,91.147675,351.4307,2017
Pontevedra,2016,11,9.553172,7.1899314,134.57164,205.99669,2017
Pontevedra,2016,12,8.399486,6.1885476,41.609554,204.28859,2017
Pontevedra,2017,1,6.49588,3.9315898,76.9316,195.26323,2017
Pontevedra,2017,2,8.710846,6.0616355,209.97917,256.63995,2017
Pontevedra,2017,3,9.928131,6.878123,123.959465,430.90616,2017
Pontevedra,2017,4,13.0589905,7.8397117,30.371298,669.9822,2017
Pontevedra,2017,5,15.480336,12.031322,154.93512,657.5503,2017
Pontevedra,2017,6,18.335073,13.851227,38.18721,753.087,2017
Pontevedra,2017,7,18.956125,14.484813,22.991137,731.23895,2017
Pontevedra,2017,8,19.341135,13.701447,26.72529,680.94305,2017
Salamanca,2016,9,19.998735,8.17667,14.019728,581.08954,2017
Salamanca,2016,10,14.619534,7.7446966,71.505226,382.48358,2017
Salamanca,2016,11,7.490618,4.473372,93.725586,226.99927,2017
Salamanca,2016,12,5.429095,3.3072796,33.337902,207.31541,2017
Salamanca,2017,1,3.397184,0.062738866,23.197582,240.47488,2017
Salamanca,2017,2,6.768391,3.013272,91.634674,302.74484,2017
Salamanca,2017,3,8.655499,3.3244522,37.57174,485.74323,2017
Salamanca,2017,4,13.294188,2.687012,12.407225,697.7761,2017
Salamanca,2017,5,16.632515,7.703204,43.559196,710.07513,2017
Salamanca,2017,6,22.5976,9.024051,20.209803,797.8249,2017
Salamanca,2017,7,22.598097,9.122914,23.524199,876.73816,2017
Salamanca,2017,8,22.741106,7.9751196,19.724634,784.92267,2017
Santa Cruz de Tenerife,2016,9,20.623362,15.873769,5.2618504,690.2773,2017
Santa Cruz de Tenerife,2016,10,18.574127,14.540273,40.858387,544.3211,2017
Santa Cruz de Tenerife,2016,11,16.021393,11.897939,43.50037,408.84448,2017
Santa Cruz de Tenerife,2016,12,15.155101,10.188548,33.62016,376.91037,2017
Santa Cruz de Tenerife,2017,1,14.225739,8.633209,14.01234,429.93884,2017
Santa Cruz de Tenerife,2017,2,13.871327,9.787018,37.504604,474.84924,2017
Santa Cruz de Tenerife,2017,3,14.8871155,8.768626,18.695257,666.04266,2017
Santa Cruz de Tenerife,2017,4,16.68464,11.69929,20.63494,751.4068,2017
Santa Cruz de Tenerife,2017,5,17.81713,13.077545,12.151408,819.37836,2017
Santa Cruz de Tenerife,2017,6,19.713694,14.783763,7.0110765,808.1827,2017
Santa Cruz de Tenerife,2017,7,20.650137,14.925934,5.689962,841.5593,2017
Santa Cruz de Tenerife,2017,8,22.121817,15.766347,3.7731142,796.0323,2017
Segovia,2016,9,18.989153,6.6320786,19.440506,569.73315,2017
Segovia,2016,10,13.794213,5.9197917,56.751175,398.32022,2017
Segovia,2016,11,6.282405,3.2496772,99.175514,218.84036,2017
Segovia,2016,12,4.9503736,2.1342373,20.636993,205.01143,2017
Segovia,2017,1,2.3393538,-1.3546351,25.963375,226.6179,2017
Segovia,2017,2,5.45834,1.2451798,76.273186,294.61096,2017
Segovia,2017,3,8.128005,1.5488266,37.095203,505.06662,2017
Segovia,2017,4,11.960589,-0.13932881,16.851404,695.3302,2017
Segovia,2017,5,15.986905,5.8152223,65.078865,736.7486,2017
Segovia,2017,6,21.73634,8.317188,26.692034,782.30304,2017
Segovia,2017,7,22.535347,7.7241836,24.575426,852.8658,2017
Segovia,2017,8,22.355442,6.997339,27.362282,745.6696,2017
Sevilla,2016,9,25.47981,11.692533,8.756933,627.98004,2017
Sevilla,2016,10,20.313976,12.768542,68.29402,443.9753,2017
Sevilla,2016,11,13.090677,8.150327,98.98178,286.4697,2017
Sevilla,2016,12,11.268934,8.086788,72.24658,264.00797,2017
Sevilla,2017,1,8.83933,3.828625,18.563848,327.69437,2017
Sevilla,2017,2,11.826545,7.657837,60.138184,314.73953,2017
Sevilla,2017,3,13.613407,7.165563,57.95842,540.0946,2017
Sevilla,2017,4,18.28715,7.629269,55.90982,690.67847,2017
Sevilla,2017,5,20.899763,10.730745,30.865196,784.9185,2017
Sevilla,2017,6,27.835007,11.684191,1.6705227,866.7782,2017
Sevilla,2017,7,28.518223,12.0369425,8.448205,892.96344,2017
Sevilla,2017,8,28.985407,12.616588,10.294643,788.2463,2017
Soria,2016,9,17.988775,7.251767,17.62825,538.3573,2017
Soria,2016,10,12.891904,5.241141,42.761795,388.35904,2017
Soria,2016,11,5.7343135,2.4300072,89.409645,219.42296,2017
Soria,2016,12,4.383762,0.9941604,15.809329,207.58128,2017
Soria,2017,1,1.6640524,-2.400208,37.41665,238.79068,2017
Soria,2017,2,4.819163,0.8403861,62.701096,293.24884,2017
Soria,2017,3,7.903387,1.2554295,40.521072,502.68332,2017
Soria,2017,4,10.600417,-0.7888628,21.104856,686.84485,2017
Soria,2017,5,15.047537,5.5451946,76.1877,728.4826,2017
Soria,2017,6,20.425055,9.397232,50.438583,763.9127,2017
Soria,2017,7,21.489758,8.3016405,22.986137,821.2178,2017
Soria,2017,8,21.135056,7.947585,36.4447,714.9103,2017
Tarragona,2016,9,21.41296,14.995204,56.396053,514.3152,2017
Tarragona,2016,10,16.889015,13.193373,72.03776,345.23978,2017
Tarragona,2016,11,11.286371,7.197763,90.572586,256.33688,2017
Tarragona,2016,12,7.8187213,5.3950367,36.539013,212.67906,2017
Tarragona,2017,1,5.5662103,1.4584743,73.836624,240.7698,2017
Tarragona,2017,2,9.57462,5.4840665,20.636656,310.94,2017
Tarragona,2017,3,11.781821,6.233458,73.9048,532.888,2017
Tarragona,2017,4,13.654012,6.159507,24.232628,669.24615,2017
Tarragona,2017,5,18.299171,9.827472,16.857038,806.7323,2017
Tarragona,2017,6,23.330002,14.359718,39.905853,799.0285,2017
Tarragona,2017,7,24.499126,16.264101,19.769236,797.35394,2017
Tarragona,2017,8,24.643414,16.429596,28.911703,698.7262,2017
Teruel,2016,9,18.179882,8.920767,31.196838,534.70197,2017
Teruel,2016,10,13.703844,7.2778096,50.38319,372.32578,2017
Teruel,2016,11,6.6528435,2.6360252,92.85796,244.07097,2017
Teruel,2016,12,4.6948605,1.5907995,35.02778,220.0217,2017
Teruel,2017,1,1.9944621,-2.4025888,62.813847,252.87114,2017
Teruel,2017,2,5.5398784,0.8920075,23.390238,323.5021,2017
Teruel,2017,3,8.637701,1.3289348,52.25347,546.422,2017
Teruel,2017,4,10.894117,0.34410065,23.441866,670.0131,2017
Teruel,2017,5,15.9210825,4.8907533,37.03729,785.8247,2017
Teruel,2017,6,20.860664,9.902842,72.67666,783.3042,2017
Teruel,2017,7,22.448938,9.5716305,22.595951,812.65216,2017
Teruel,2017,8,22.027618,10.33307,47.37916,695.6527,2017
Toledo,2016,9,22.829618,7.3699555,9.941008,610.7234,2017
Toledo,2016,10,16.780699,8.355057,81.81046,400.6866,2017
Toledo,2016,11,9.188596,5.5856395,122.72125,242.23515,2017
Toledo,2016,12,6.925063,4.4647126,55.360744,208.33179,2017
Toledo,2017,1,4.557694,0.66130817,24.074009,260.64667,2017
Toledo,2017,2,8.035127,3.8767521,55.4153,301.9218,2017
Toledo,2017,3,10.417448,4.046924,41.60721,512.61304,2017
Toledo,2017,4,14.890428,3.17182,28.374542,678.36865,2017
Toledo,2017,5,18.744244,7.9402485,44.698524,777.17194,2017
Toledo,2017,6,25.871216,8.566934,10.706131,829.51624,2017
Toledo,2017,7,26.166437,8.637601,51.105293,880.10016,2017
Toledo,2017,8,26.547306,8.232403,31.508158,768.74585,2017
Valencia,2016,9,21.81913,13.01664,34.88283,547.9743,2017
Valencia,2016,10,17.268364,12.866274,65.03453,368.09525,2017
Valencia,2016,11,10.963701,5.8194504,97.779755,266.61414,2017
Valencia,2016,12,8.370318,5.8663564,141.18704,204.08954,2017
Valencia,2017,1,6.2205195,1.5478675,76.952446,263.8395,2017
Valencia,2017,2,9.042512,4.315383,20.530548,336.23502,2017
Valencia,2017,3,11.436497,5.057608,67.31965,569.2741,2017
Valencia,2017,4,13.48857,5.4963245,23.38085,654.73474,2017
Valencia,2017,5,18.303144,8.828708,8.329295,824.90594,2017
Valencia,2017,6,23.832432,12.119228,17.321976,826.0621,2017
Valencia,2017,7,25.156324,14.688344,6.958389,817.78827,2017
Valencia,2017,8,24.467308,16.095127,55.403927,691.99786,2017
Valladolid,2016,9,19.99538,7.8328276,16.009834,561.6433,2017
Valladolid,2016,10,14.259541,6.975694,47.9427,393.5571,2017
Valladolid,2016,11,7.3490295,4.008298,72.99349,219.07835,2017
Valladolid,2016,12,5.056749,3.108085,19.14942,185.33257,2017
Valladolid,2017,1,3.0991182,-0.44140902,18.038332,217.4585,2017
Valladolid,2017,2,6.6432858,2.6534507,74.943695,286.5029,2017
Valladolid,2017,3,9.132055,2.8229508,23.819178,487.74725,2017
Valladolid,2017,4,13.319311,0.004902233,10.568184,705.4578,2017
Valladolid,2017,5,17.344501,6.5429883,44.46341,718.4032,2017
Valladolid,2017,6,22.802753,8.886716,24.619005,780.93744,2017
Valladolid,2017,7,23.198927,8.454187,13.597253,856.1107,2017
Valladolid,2017,8,22.833294,7.6866317,19.321255,759.6568,2017
Zamora,2016,9,19.34488,8.454045,15.965873,556.126,2017
Zamora,2016,10,13.865858,7.3022766,55.044918,375.13907,2017
Zamora,2016,11,7.301056,4.1246295,66.92969,211.58046,2017
Zamora,2016,12,4.933642,2.9160113,27.694925,181.9292,2017
Zamora,2017,1,3.2742004,-0.1842259,28.885443,220.83037,2017
Zamora,2017,2,6.3972297,2.9018338,109.219376,284.81708,2017
Zamora,2017,3,8.618439,2.9900208,30.198612,473.42657,2017
Zamora,2017,4,12.907013,0.915523,12.530223,704.47516,2017
Zamora,2017,5,16.361097,7.2034345,53.688084,693.7164,2017
Zamora,2017,6,21.845768,9.360521,28.949808,789.7347,2017
Zamora,2017,7,22.245026,9.060769,17.079716,862.48505,2017
Zamora,2017,8,22.107609,8.155217,23.093006,767.5952,2017
Zaragoza,2016,9,20.77947,10.707511,23.587503,533.58875,2017
Zaragoza,2016,10,15.186994,8.535787,42.35426,382.00043,2017
Zaragoza,2016,11,8.614462,4.8139772,103.05207,231.01,2017
Zaragoza,2016,12,5.81178,3.3016455,14.554929,208.45026,2017
Zaragoza,2017,1,3.863039,-0.3519761,39.66859,248.40692,2017
Zaragoza,2017,2,7.607138,3.2646296,39.9151,306.3286,2017
Zaragoza,2017,3,10.70628,4.0501337,58.563305,518.80725,2017
Zaragoza,2017,4,13.21469,2.1309028,17.166256,692.8839,2017
Zaragoza,2017,5,18.47005,6.822574,33.108894,768.327,2017
Zaragoza,2017,6,23.502766,11.292898,47.534195,783.96155,2017
Zaragoza,2017,7,24.08753,11.5399685,19.661936,805.67096,2017
Zaragoza,2017,8,23.808249,11.597492,31.38978,705.92365,2017
Álava,2016,9,17.472406,11.982416,43.565548,461.46695,2017
Álava,2016,10,12.733709,8.2972,28.524014,346.38364,2017
Álava,2016,11,7.2516174,4.5158205,115.52,195.43282,2017
Álava,2016,12,5.633281,3.6865754,14.616652,197.08167,2017
Álava,2017,1,2.717725,0.4848579,86.903694,202.38815,2017
Álava,2017,2,6.5982685,3.3203359,61.876823,263.73865,2017
Álava,2017,3,8.55237,4.583505,79.65872,439.86603,2017
Álava,2017,4,9.697375,4.650012,39.931057,622.8407,2017
Álava,2017,5,15.016337,9.074371,60.64392,670.6555,2017
Álava,2017,6,17.994106,13.221474,74.05855,643.3788,2017
Álava,2017,7,18.547674,13.189447,22.002325,655.1066,2017
Álava,2017,8,18.864182,12.595899,40.74725,601.3053,2017
Ávila,2016,9,19.01146,6.4083767,18.199888,587.6942,2017
Ávila,2016,10,13.810856,6.0132008,83.472176,400.93558,2017
Ávila,2016,11,6.018584,3.069256,131.85068,235.96025,2017
Ávila,2016,12,5.0289025,2.0370471,35.63093,212.66025,2017
Ávila,2017,1,2.2560296,-1.5362244,22.664097,248.92726,2017
Ávila,2017,2,5.3642573,1.3869567,97.2423,307.79733,2017
Ávila,2017,3,7.5647354,1.4717146,38.52365,513.2536,2017
Ávila,2017,4,11.941073,0.93493766,17.535389,694.297,2017
Ávila,2017,5,15.529582,6.1029153,56.853474,736.9668,2017
Ávila,2017,6,21.602613,7.934538,27.92921,803.6807,2017
Ávila,2017,7,22.082216,7.6471405,38.53009,875.9337,2017
Ávila,2017,8,22.272179,6.5831637,23.476122,768.1626,2017
A Coruña,2017,9,16.062677,12.686094,38.444107,421.891,2018
A Coruña,2017,10,15.932918,11.756036,50.225452,394.67154,2018
A Coruña,2017,11,10.566295,7.5037856,77.051735,207.00017,2018
A Coruña,2017,12,8.644896,6.4421268,163.8813,153.00954,2018
A Coruña,2018,1,9.018052,6.971212,150.68968,152.04137,2018
A Coruña,2018,2,6.929293,4.105833,141.12256,241.8148,2018
A Coruña,2018,3,8.106987,5.293242,294.59485,336.6366,2018
A Coruña,2018,4,10.845082,7.968091,139.29482,516.01227,2018
A Coruña,2018,5,13.11246,9.950033,45.489532,620.1185,2018
A Coruña,2018,6,16.097633,13.693486,114.75951,580.8695,2018
A Coruña,2018,7,18.307749,15.659191,65.49126,582.1469,2018
A Coruña,2018,8,19.691286,15.56282,18.344627,700.9408,2018
Albacete,2017,9,20.117542,8.726485,10.946558,596.8028,2018
Albacete,2017,10,17.26551,8.011695,14.819343,462.78302,2018
Albacete,2017,11,9.865069,0.2655555,28.436474,328.22467,2018
Albacete,2017,12,5.128782,0.47646466,27.990229,252.18317,2018
Albacete,2018,1,6.070461,1.7998896,41.57985,286.55945,2018
Albacete,2018,2,4.4472013,-1.0660268,56.79528,340.85025,2018
Albacete,2018,3,7.6194572,2.0431104,88.9269,484.2182,2018
Albacete,2018,4,11.6182995,3.670648,43.621502,618.16614,2018
Albacete,2018,5,15.33756,6.364406,61.596806,738.3057,2018
Albacete,2018,6,20.308905,10.063042,59.492867,764.2936,2018
Albacete,2018,7,25.715597,7.5376844,2.0889044,901.049,2018
Albacete,2018,8,24.966866,12.542418,32.83729,722.1445,2018
Alicante,2017,9,21.426481,14.769589,22.021082,549.04767,2018
Alicante,2017,10,18.890545,13.528729,21.66576,441.47046,2018
Alicante,2017,11,13.027984,4.8519936,26.231983,324.3872,2018
Alicante,2017,12,9.189811,2.7102807,8.4393015,271.4226,2018
Alicante,2018,1,10.255973,3.9691553,49.755436,300.86993,2018
Alicante,2018,2,8.001908,2.8361928,61.472168,322.8989,2018
Alicante,2018,3,11.799631,3.2703135,31.332401,530.41986,2018
Alicante,2018,4,14.94839,6.0235386,22.73498,661.1384,2018
Alicante,2018,5,17.645878,9.594566,29.591343,782.412,2018
Alicante,2018,6,21.91108,13.446308,64.42193,795.23584,2018
Alicante,2018,7,26.111544,15.29557,3.0857673,854.2987,2018
Alicante,2018,8,25.647429,18.263151,39.107765,692.8944,2018
Almería,2017,9,20.80625,12.669019,16.241144,611.1868,2018
Almería,2017,10,17.90453,11.459114,17.914982,471.06836,2018
Almería,2017,11,12.151259,4.4753695,24.958117,344.05075,2018
Almería,2017,12,7.982915,2.1367862,10.646972,287.89706,2018
Almería,2018,1,8.51333,2.525458,26.156342,318.14255,2018
Almería,2018,2,7.318137,1.3717914,35.778557,378.85104,2018
Almería,2018,3,9.99754,3.7108686,79.8917,521.6943,2018
Almería,2018,4,13.2558365,4.9233446,41.85584,675.1227,2018
Almería,2018,5,15.911428,8.269871,43.913437,774.5809,2018
Almería,2018,6,21.18327,10.719941,16.628122,826.7535,2018
Almería,2018,7,25.285498,11.002992,0.92820925,892.1963,2018
Almería,2018,8,24.87601,15.334893,22.94951,746.77075,2018
Asturias,2017,9,14.332779,11.165706,67.52014,457.2791,2018
Asturias,2017,10,13.935509,9.734358,27.984821,387.37344,2018
Asturias,2017,11,7.8878865,4.701263,123.99876,214.31088,2018
Asturias,2017,12,5.6379414,3.264353,211.17004,154.55879,2018
Asturias,2018,1,6.0878673,3.4460278,122.19313,168.29759,2018
Asturias,2018,2,3.2964969,1.0670514,184.51338,225.00697,2018
Asturias,2018,3,5.5065556,2.1301818,217.88101,383.10492,2018
Asturias,2018,4,9.526819,6.1527767,126.72196,531.32526,2018
Asturias,2018,5,11.221563,8.644126,124.10065,600.94336,2018
Asturias,2018,6,15.06492,12.600167,170.12465,612.8569,2018
Asturias,2018,7,17.19038,14.96363,154.8121,588.18097,2018
Asturias,2018,8,18.037235,14.954791,73.14793,681.16724,2018
Badajoz,2017,9,23.534698,7.3206916,0.27252072,648.85974,2018
Badajoz,2017,10,21.278952,7.4304156,24.03183,475.68423,2018
Badajoz,2017,11,12.7249975,4.57792,36.384315,319.90338,2018
Badajoz,2017,12,8.22484,3.7120578,40.989758,241.36873,2018
Badajoz,2018,1,7.882076,4.4579425,48.918583,254.1827,2018
Badajoz,2018,2,7.9867425,1.4676906,45.513042,362.42978,2018
Badajoz,2018,3,9.716853,5.4215655,179.71542,432.0538,2018
Badajoz,2018,4,13.311493,7.3415484,77.75873,592.2679,2018
Badajoz,2018,5,16.818241,9.27693,54.310493,729.683,2018
Badajoz,2018,6,21.711222,11.669002,15.745091,734.18665,2018
Badajoz,2018,7,24.709276,11.512019,0.71378803,888.2197,2018
Badajoz,2018,8,28.75432,10.383628,4.535732,797.73206,2018
Barcelona,2017,9,16.93416,13.14724,108.9499,449.4591,2018
Barcelona,2017,10,15.661578,12.551968,61.926678,361.3747,2018
Barcelona,2017,11,8.176307,2.9242938,16.448238,281.77643,2018
Barcelona,2017,12,4.45785,0.14033814,19.047865,214.03006,2018
Barcelona,2018,1,6.3840075,3.018647,65.99851,248.21384,2018
Barcelona,2018,2,3.8232052,0.4219127,140.39531,257.06583,2018
Barcelona,2018,3,7.473934,2.6398327,80.76157,491.30853,2018
Barcelona,2018,4,11.939924,7.6292768,126.93698,594.0025,2018
Barcelona,2018,5,14.478033,10.652906,171.321,655.21014,2018
Barcelona,2018,6,19.181736,14.653119,89.20285,691.8407,2018
Barcelona,2018,7,22.734972,16.830702,55.535652,764.55316,2018
Barcelona,2018,8,22.240034,17.395002,145.88774,609.2952,2018
Bizkaia,2017,9,15.9860115,12.470485,92.31392,443.19214,2018
Bizkaia,2017,10,15.442828,11.678433,45.37399,336.04953,2018
Bizkaia,2017,11,9.927672,5.979381,144.0765,212.502,2018
Bizkaia,2017,12,7.464684,4.523932,201.02652,143.43124,2018
Bizkaia,2018,1,8.136314,5.200182,186.41415,160.4546,2018
Bizkaia,2018,2,5.1611094,2.44859,209.3579,201.29424,2018
Bizkaia,2018,3,8.548121,3.6298695,123.05493,404.72842,2018
Bizkaia,2018,4,12.06901,7.7582383,141.79228,473.1471,2018
Bizkaia,2018,5,12.800299,10.083307,85.19297,546.45245,2018
Bizkaia,2018,6,16.774332,14.106607,115.68624,569.56036,2018
Bizkaia,2018,7,19.582174,17.105972,118.76133,593.2618,2018
Bizkaia,2018,8,19.556177,16.34776,59.360985,602.55853,2018
Burgos,2017,9,15.40939,6.9140778,20.654236,513.577,2018
Burgos,2017,10,14.250348,5.5489807,19.825392,400.26166,2018
Burgos,2017,11,6.50793,1.6400132,50.278618,232.85896,2018
Burgos,2017,12,3.4687748,1.1848745,80.01787,161.70529,2018
Burgos,2018,1,3.6563625,1.5565938,102.72105,178.83539,2018
Burgos,2018,2,1.752645,-1.014732,85.12631,227.21985,2018
Burgos,2018,3,4.6257143,0.9706052,131.61896,414.2555,2018
Burgos,2018,4,9.206627,4.876333,108.89432,523.99493,2018
Burgos,2018,5,11.31911,7.103226,80.732834,616.9502,2018
Burgos,2018,6,15.76572,11.242042,90.50678,670.372,2018
Burgos,2018,7,18.974583,13.082203,61.035362,708.17505,2018
Burgos,2018,8,19.79103,11.703512,10.477533,713.6895,2018
Cantabria,2017,9,14.698769,11.190699,71.70211,447.05032,2018
Cantabria,2017,10,14.220173,9.69717,24.831015,367.91803,2018
Cantabria,2017,11,8.112964,4.3943596,119.27827,222.03827,2018
Cantabria,2017,12,5.333178,2.9956293,162.49586,159.14151,2018
Cantabria,2018,1,5.743694,3.2819574,134.56276,178.66145,2018
Cantabria,2018,2,3.0240784,0.7943642,170.17429,227.04567,2018
Cantabria,2018,3,6.0385756,2.133236,161.41628,414.62363,2018
Cantabria,2018,4,10.326454,6.313416,120.180824,488.5986,2018
Cantabria,2018,5,11.447849,8.665729,112.57103,560.8911,2018
Cantabria,2018,6,15.530924,12.556274,128.59508,605.87994,2018
Cantabria,2018,7,17.996925,15.359226,126.68952,565.6368,2018
Cantabria,2018,8,18.42394,14.914131,51.477505,619.06396,2018
Castellón,2017,9,18.788033,11.488207,28.122871,533.3157,2018
Castellón,2017,10,16.8357,10.343215,25.736721,432.05292,2018
Castellón,2017,11,10.264809,1.1581873,10.360694,319.17303,2018
Castellón,2017,12,7.079543,-0.15066099,7.5607324,244.80168,2018
Castellón,2018,1,8.448412,1.800951,27.703392,282.187,2018
Castellón,2018,2,5.755042,-0.32758728,63.204994,304.76276,2018
Castellón,2018,3,9.578966,1.0556276,35.437233,502.32916,2018
Castellón,2018,4,12.845489,5.221172,62.44096,634.03674,2018
Castellón,2018,5,15.51259,8.549081,113.53559,689.2113,2018
Castellón,2018,6,20.130476,12.744469,54.832397,765.792,2018
Castellón,2018,7,23.95218,15.126762,33.50628,809.01337,2018
Castellón,2018,8,23.584904,16.046936,61.67924,645.15,2018
Ciudad Real,2017,9,22.441015,5.479801,0.33200884,632.3837,2018
Ciudad Real,2017,10,19.138884,5.9553146,27.732824,473.33493,2018
Ciudad Real,2017,11,10.496697,1.9917712,40.96341,321.923,2018
Ciudad Real,2017,12,5.7455173,1.7022251,48.45712,238.89577,2018
Ciudad Real,2018,1,6.120834,2.9168444,50.96884,260.11597,2018
Ciudad Real,2018,2,5.4512424,-0.2927601,56.45639,339.68747,2018
Ciudad Real,2018,3,7.8640223,3.643033,176.47717,428.77066,2018
Ciudad Real,2018,4,12.155968,5.356271,72.02349,601.846,2018
Ciudad Real,2018,5,15.748694,7.730503,58.052685,726.79785,2018
Ciudad Real,2018,6,21.376858,9.905241,27.468895,757.5588,2018
Ciudad Real,2018,7,25.87104,7.205039,0.11489745,916.03394,2018
Ciudad Real,2018,8,27.992977,8.490849,7.903665,775.9644,2018
Cuenca,2017,9,18.73821,6.249898,7.9357424,595.9746,2018
Cuenca,2017,10,16.11784,5.755874,20.643606,454.61542,2018
Cuenca,2017,11,8.08902,-0.41882458,24.723875,312.7796,2018
Cuenca,2017,12,3.9252014,-0.19503254,42.09983,226.44981,2018
Cuenca,2018,1,4.705772,1.1055471,41.27571,260.64548,2018
Cuenca,2018,2,3.1792245,-2.3788917,68.031364,306.65845,2018
Cuenca,2018,3,5.6753287,1.3631685,142.911,433.7613,2018
Cuenca,2018,4,10.165192,3.806804,86.69459,588.17865,2018
Cuenca,2018,5,13.961122,6.3132577,93.958145,709.38403,2018
Cuenca,2018,6,19.013613,9.820699,48.260063,755.0997,2018
Cuenca,2018,7,24.15614,7.3971677,3.8080766,887.3565,2018
Cuenca,2018,8,24.393528,10.708734,23.19138,728.375,2018
Cáceres,2017,9,22.375309,7.042362,0.09674258,642.8575,2018
Cáceres,2017,10,20.107725,6.7507577,24.552135,465.95398,2018
Cáceres,2017,11,11.440635,4.4949317,43.55444,305.94443,2018
Cáceres,2017,12,7.4878836,3.3661742,56.601147,222.393,2018
Cáceres,2018,1,7.271512,3.7865822,51.938232,240.02571,2018
Cáceres,2018,2,7.1488304,0.87651885,58.10093,337.8689,2018
Cáceres,2018,3,8.719912,4.5351424,252.15988,414.45944,2018
Cáceres,2018,4,12.546558,7.2160735,102.89652,573.2665,2018
Cáceres,2018,5,16.421232,9.250655,51.8326,719.8018,2018
Cáceres,2018,6,21.237137,11.904588,29.076073,732.57275,2018
Cáceres,2018,7,24.354551,11.777859,3.6941843,865.9359,2018
Cáceres,2018,8,28.093311,10.285729,4.300536,797.895,2018
Cádiz,2017,9,23.582872,14.06658,3.4778726,637.84326,2018
Cádiz,2017,10,21.442184,13.574454,48.97585,497.10196,2018
Cádiz,2017,11,15.137717,9.169412,48.208187,348.51547,2018
Cádiz,2017,12,11.168039,6.841774,41.86472,283.369,2018
Cádiz,2018,1,10.696349,6.722386,54.44158,312.54587,2018
Cádiz,2018,2,10.255731,5.0854573,49.217876,382.38953,2018
Cádiz,2018,3,12.501583,8.685883,323.19073,457.70123,2018
Cádiz,2018,4,14.261119,9.754101,97.067406,638.84094,2018
Cádiz,2018,5,17.127851,11.325214,33.055897,782.9306,2018
Cádiz,2018,6,21.014856,13.647005,4.774971,812.1747,2018
Cádiz,2018,7,23.471272,15.053452,0.13207217,897.8284,2018
Cádiz,2018,8,26.779171,16.197739,0.32672966,798.3653,2018
Córdoba,2017,9,24.008469,8.501785,0.6836619,643.5191,2018
Córdoba,2017,10,20.981863,8.995661,35.476852,483.07678,2018
Córdoba,2017,11,12.562025,4.4546657,39.81235,332.1413,2018
Córdoba,2017,12,7.916824,3.172509,43.001457,259.188,2018
Córdoba,2018,1,7.8940353,4.169161,61.737103,278.07202,2018
Córdoba,2018,2,7.753473,1.568512,54.73525,370.1398,2018
Córdoba,2018,3,9.754003,5.666203,243.92278,421.6826,2018
Córdoba,2018,4,13.511781,7.4047146,65.82388,604.2142,2018
Córdoba,2018,5,16.955574,9.4322605,47.893143,727.52374,2018
Córdoba,2018,6,22.627079,11.147997,9.431313,771.8626,2018
Córdoba,2018,7,25.972496,10.386174,0.11970119,918.2185,2018
Córdoba,2018,8,28.967613,11.211292,3.8978376,781.1575,2018
Gipuzkoa,2017,9,15.300046,12.158401,107.41328,434.89554,2018
Gipuzkoa,2017,10,14.824948,11.285664,74.566826,331.94046,2018
Gipuzkoa,2017,11,8.686987,5.525166,154.10175,207.63295,2018
Gipuzkoa,2017,12,6.1865873,3.9902315,203.50926,144.9309,2018
Gipuzkoa,2018,1,7.1505656,4.905892,206.89146,161.22273,2018
Gipuzkoa,2018,2,4.1691422,1.9420028,224.36226,197.52324,2018
Gipuzkoa,2018,3,7.652319,3.4995534,146.15819,384.09393,2018
Gipuzkoa,2018,4,11.742007,7.3670735,194.36295,475.33133,2018
Gipuzkoa,2018,5,12.47221,9.976737,126.69549,533.95776,2018
Gipuzkoa,2018,6,16.596565,14.015045,161.50356,560.0526,2018
Gipuzkoa,2018,7,19.491741,17.029095,155.97232,609.6696,2018
Gipuzkoa,2018,8,19.173603,16.170362,89.98532,601.92145,2018
Girona,2017,9,16.550549,12.242539,137.27376,427.58484,2018
Girona,2017,10,15.6782465,11.818992,56.93077,371.5321,2018
Girona,2017,11,8.37436,3.0431414,18.873356,275.6772,2018
Girona,2017,12,4.927567,0.23465165,32.64503,200.66364,2018
Girona,2018,1,6.7760034,3.2518137,58.127415,235.36972,2018
Girona,2018,2,3.7747188,-0.76291096,118.97352,255.46281,2018
Girona,2018,3,7.7948184,3.1122773,99.07915,465.17078,2018
Girona,2018,4,12.533095,7.887848,112.275215,587.5339,2018
Girona,2018,5,14.942691,10.406302,148.76254,648.6206,2018
Girona,2018,6,19.637175,14.028588,87.71366,691.2436,2018
Girona,2018,7,23.043964,16.786924,92.27593,735.34174,2018
Girona,2018,8,22.863325,16.286552,96.41371,616.29974,2018
Granada,2017,9,20.18355,7.63365,7.1638346,629.64246,2018
Granada,2017,10,16.862469,7.638521,35.497185,479.20294,2018
Granada,2017,11,9.885422,1.694619,38.280483,344.52832,2018
Granada,2017,12,5.072751,0.27950057,37.702755,272.6354,2018
Granada,2018,1,5.4559703,0.7963974,36.748745,312.00977,2018
Granada,2018,2,4.534071,-0.8718042,40.149883,378.52402,2018
Granada,2018,3,6.582562,2.7435267,224.24336,459.11337,2018
Granada,2018,4,10.383758,4.232052,66.29829,638.2531,2018
Granada,2018,5,13.372788,6.8767023,73.2902,744.8452,2018
Granada,2018,6,19.320368,9.2888155,21.38198,810.34045,2018
Granada,2018,7,24.00639,7.0683227,0.97756577,921.47076,2018
Granada,2018,8,24.144339,11.233215,23.87213,755.70404,2018
Guadalajara,2017,9,17.115463,4.610693,8.885611,588.28046,2018
Guadalajara,2017,10,14.989138,3.981421,25.556438,441.16016,2018
Guadalajara,2017,11,6.671224,-0.34890506,15.216429,282.89587,2018
Guadalajara,2017,12,3.0178845,-0.6616396,41.432835,201.50523,2018
Guadalajara,2018,1,3.4739335,0.42588192,62.257423,234.9107,2018
Guadalajara,2018,2,1.9661766,-2.6124828,67.86826,267.11435,2018
Guadalajara,2018,3,4.5445824,0.4570858,127.607765,427.06674,2018
Guadalajara,2018,4,9.333654,3.7595415,101.59843,570.5502,2018
Guadalajara,2018,5,12.741435,6.003592,90.251526,691.48944,2018
Guadalajara,2018,6,17.838957,9.424709,68.89632,736.56506,2018
Guadalajara,2018,7,22.434101,7.56486,10.887315,844.3688,2018
Guadalajara,2018,8,23.385624,8.522231,12.1014385,749.0058,2018
Huelva,2017,9,24.568531,10.157003,0.2989922,653.01215,2018
Huelva,2017,10,22.245232,11.238039,26.012184,483.89545,2018
Huelva,2017,11,14.656309,6.779224,31.259727,336.59613,2018
Huelva,2017,12,10.40691,4.830193,34.90082,270.27234,2018
Huelva,2018,1,9.973146,5.4958334,40.732685,298.6124,2018
Huelva,2018,2,10.125585,2.8409352,44.74328,376.30453,2018
Huelva,2018,3,11.750284,7.2753553,199.68045,449.24838,2018
Huelva,2018,4,14.316784,9.0288105,85.66488,601.08093,2018
Huelva,2018,5,17.614147,10.599593,50.873325,747.0058,2018
Huelva,2018,6,21.912468,12.822831,13.875846,756.89465,2018
Huelva,2018,7,24.617754,13.179728,0.5879714,886.359,2018
Huelva,2018,8,28.558971,13.168722,5.267149,802.24963,2018
Huesca,2017,9,15.883578,7.702945,33.895,521.1894,2018
Huesca,2017,10,14.458678,7.749066,55.308098,421.6768,2018
Huesca,2017,11,6.154394,0.32883376,27.292805,279.33688,2018
Huesca,2017,12,2.4686599,-1.467784,72.795555,210.09634,2018
Huesca,2018,1,4.469606,0.8878118,62.511787,246.55661,2018
Huesca,2018,2,1.7401125,-2.681384,94.07666,294.33255,2018
Huesca,2018,3,4.812456,0.21983148,126.41117,478.80692,2018
Huesca,2018,4,9.935334,4.9755883,169.10835,564.1194,2018
Huesca,2018,5,13.134513,7.701733,132.64041,690.6262,2018
Huesca,2018,6,18.005001,12.090696,98.1798,705.9379,2018
Huesca,2018,7,22.145607,12.5391865,44.291813,798.5992,2018
Huesca,2018,8,21.77677,12.908303,60.764084,697.30334,2018
Illes Balears,2017,9,22.08532,16.174425,43.376373,525.4514,2018
Illes Balears,2017,10,20.001413,15.311064,32.203182,412.33643,2018
Illes Balears,2017,11,14.672607,9.302177,53.52488,280.52972,2018
Illes Balears,2017,12,11.96795,6.8558993,50.321095,226.25465,2018
Illes Balears,2018,1,12.568359,8.457507,44.58255,270.32178,2018
Illes Balears,2018,2,9.8611965,5.131648,96.20942,282.25626,2018
Illes Balears,2018,3,12.770729,7.547669,58.287495,512.0168,2018
Illes Balears,2018,4,15.296489,10.354918,47.888344,654.48016,2018
Illes Balears,2018,5,17.618776,12.991075,44.759644,758.28784,2018
Illes Balears,2018,6,22.582253,16.33972,31.139456,793.95166,2018
Illes Balears,2018,7,26.474836,19.106598,1.7204807,841.3344,2018
Illes Balears,2018,8,26.515251,20.079693,32.180405,693.15753,2018
Jaén,2017,9,22.694017,6.7335405,0.6100565,633.3319,2018
Jaén,2017,10,19.171024,7.0292616,34.03955,475.0393,2018
Jaén,2017,11,10.828419,2.200874,38.561634,336.00815,2018
Jaén,2017,12,6.0049562,1.4384428,67.86163,251.80998,2018
Jaén,2018,1,6.466821,2.6471813,51.43691,287.55392,2018
Jaén,2018,2,5.7013936,0.23185109,58.22827,355.4647,2018
Jaén,2018,3,8.026715,4.1394415,240.51585,416.79944,2018
Jaén,2018,4,12.103692,5.784347,72.01024,596.6307,2018
Jaén,2018,5,15.527642,7.9797335,56.53721,726.3969,2018
Jaén,2018,6,21.377735,10.371845,30.832197,761.52246,2018
Jaén,2018,7,25.593817,7.9762306,0.46889183,924.53516,2018
Jaén,2018,8,27.28467,10.225928,11.948275,760.2691,2018
La Rioja,2017,9,14.738434,7.7377577,24.765728,491.7773,2018
La Rioja,2017,10,13.8562975,6.395548,30.72509,388.61908,2018
La Rioja,2017,11,6.3236203,1.6562335,52.385983,237.2507,2018
La Rioja,2017,12,3.3895006,0.71347517,69.84208,171.92198,2018
La Rioja,2018,1,3.799112,1.18215,122.4722,196.84328,2018
La Rioja,2018,2,1.353255,-1.24365,109.73359,239.02264,2018
La Rioja,2018,3,4.835226,0.65228975,102.893074,435.34833,2018
La Rioja,2018,4,9.317817,4.919624,134.93785,541.5855,2018
La Rioja,2018,5,11.282811,7.3285217,124.73343,607.1803,2018
La Rioja,2018,6,15.830381,11.589752,124.791145,671.9737,2018
La Rioja,2018,7,19.104588,14.057319,100.51372,726.17865,2018
La Rioja,2018,8,19.2294,12.831564,26.093468,691.56,2018
Las Palmas,2017,9,22.084188,17.571417,4.415313,648.48956,2018
Las Palmas,2017,10,22.293404,15.732318,4.0916033,567.45245,2018
Las Palmas,2017,11,20.161825,13.612907,3.259469,441.48462,2018
Las Palmas,2017,12,16.970034,10.577571,13.930258,390.496,2018
Las Palmas,2018,1,15.952725,10.854093,21.225605,420.25397,2018
Las Palmas,2018,2,14.886075,9.934466,44.96185,441.56235,2018
Las Palmas,2018,3,17.018656,12.120643,7.603828,655.424,2018
Las Palmas,2018,4,16.785322,11.221215,8.15852,719.0575,2018
Las Palmas,2018,5,17.376553,12.012604,9.390775,784.96765,2018
Las Palmas,2018,6,19.345753,14.649348,5.056727,780.055,2018
Las Palmas,2018,7,20.79591,16.331568,2.4356024,824.2789,2018
Las Palmas,2018,8,22.25672,17.68782,4.642498,766.4189,2018
León,2017,9,14.820442,6.8840175,13.238726,517.0279,2018
León,2017,10,14.345418,4.5069036,21.204004,418.3255,2018
León,2017,11,6.393953,1.1440022,47.90064,242.4258,2018
León,2017,12,3.2122867,0.8278246,130.49149,166.26392,2018
León,2018,1,3.3243642,0.96201444,73.77661,186.26767,2018
León,2018,2,1.5840495,-1.8611642,70.40167,257.23148,2018
León,2018,3,2.750243,0.042928003,193.67902,399.6646,2018
León,2018,4,8.121346,3.8475885,88.87229,549.80206,2018
León,2018,5,11.299019,5.870364,92.96967,640.2209,2018
León,2018,6,15.541422,10.401933,110.53992,668.7927,2018
León,2018,7,17.547302,12.002191,62.859707,671.78625,2018
León,2018,8,20.087362,10.329382,12.887842,747.23914,2018
Lleida,2017,9,15.379579,8.571966,58.283512,494.70468,2018
Lleida,2017,10,14.028404,8.439129,33.01168,408.17905,2018
Lleida,2017,11,5.679504,-0.6082983,19.153624,281.87158,2018
Lleida,2017,12,1.9471577,-2.5853562,46.42396,210.07838,2018
Lleida,2018,1,3.993326,0.23491278,48.14309,251.01244,2018
Lleida,2018,2,1.317322,-2.9476917,105.77086,279.19266,2018
Lleida,2018,3,4.811264,-0.22039682,94.715195,490.13037,2018
Lleida,2018,4,9.8269415,4.769373,139.93631,584.3217,2018
Lleida,2018,5,12.736497,7.638776,150.51666,667.47266,2018
Lleida,2018,6,17.74203,11.938859,102.56835,704.1626,2018
Lleida,2018,7,21.492992,13.166537,59.541954,781.3696,2018
Lleida,2018,8,20.873732,13.943029,93.61907,657.2079,2018
Lugo,2017,9,14.864772,11.025698,37.84413,440.94534,2018
Lugo,2017,10,14.873301,9.472615,43.39031,396.54593,2018
Lugo,2017,11,8.455367,5.182161,70.62386,212.10976,2018
Lugo,2017,12,6.1815825,4.356442,201.00378,142.97339,2018
Lugo,2018,1,6.557288,4.764487,146.46115,142.47758,2018
Lugo,2018,2,4.4406924,2.2061985,132.8736,225.23485,2018
Lugo,2018,3,5.9216585,3.53305,264.3083,317.3477,2018
Lugo,2018,4,9.771595,6.54943,122.93361,508.39526,2018
Lugo,2018,5,12.006296,8.895082,79.435905,599.7095,2018
Lugo,2018,6,15.600105,12.833194,117.97926,588.2505,2018
Lugo,2018,7,17.581518,14.721182,78.76189,575.6708,2018
Lugo,2018,8,19.15033,14.545719,29.526974,713.27655,2018
Madrid,2017,9,19.671915,5.652289,1.2425503,615.79926,2018
Madrid,2017,10,17.194899,5.2747574,19.750847,455.294,2018
Madrid,2017,11,8.50356,1.3067904,14.37632,295.39432,2018
Madrid,2017,12,4.5750446,0.7483931,38.7506,211.78864,2018
Madrid,2018,1,4.7393794,1.4537182,64.68955,245.24324,2018
Madrid,2018,2,3.9062173,-1.494684,52.132206,288.43304,2018
Madrid,2018,3,6.2965117,1.755779,145.5276,435.89526,2018
Madrid,2018,4,10.992691,4.8693047,75.48192,577.8019,2018
Madrid,2018,5,15.132137,6.7866254,55.565144,719.3113,2018
Madrid,2018,6,20.18003,9.8105955,45.52539,761.8063,2018
Madrid,2018,7,24.451641,7.8612003,4.9535074,872.7096,2018
Madrid,2018,8,26.246939,8.4497,6.1508174,772.90186,2018
Murcia,2017,9,21.08979,13.647349,17.558243,574.2622,2018
Murcia,2017,10,18.461044,12.251103,11.75517,448.8149,2018
Murcia,2017,11,12.345583,3.6424563,21.065388,325.59433,2018
Murcia,2017,12,8.010385,1.7768288,8.633986,275.372,2018
Murcia,2018,1,8.915129,3.089398,37.920467,307.06656,2018
Murcia,2018,2,7.564886,1.3371444,34.056877,356.38623,2018
Murcia,2018,3,10.968332,2.821889,40.98024,526.7522,2018
Murcia,2018,4,14.333953,4.7389436,25.779911,666.4572,2018
Murcia,2018,5,17.241837,8.2780905,32.267143,767.8895,2018
Murcia,2018,6,21.859087,11.7090435,30.496508,790.69727,2018
Murcia,2018,7,26.119291,12.776329,1.6126637,878.8418,2018
Murcia,2018,8,25.609997,16.687849,26.066456,709.2759,2018
Málaga,2017,9,21.477865,12.851829,5.438856,638.3023,2018
Málaga,2017,10,18.837648,12.820947,40.667522,489.29178,2018
Málaga,2017,11,13.02983,7.3976297,40.940876,343.3944,2018
Málaga,2017,12,9.09104,4.9651937,32.902557,274.59866,2018
Málaga,2018,1,8.799913,4.7959943,58.53775,309.3407,2018
Málaga,2018,2,8.248018,3.2290695,39.890404,381.13303,2018
Málaga,2018,3,10.367447,6.4491673,276.02502,448.7065,2018
Málaga,2018,4,12.670137,7.9470835,78.0994,635.22375,2018
Málaga,2018,5,15.795392,10.080882,44.537582,762.9107,2018
Málaga,2018,6,20.573288,12.230557,8.42025,826.2616,2018
Málaga,2018,7,24.258255,12.263597,0.104275614,917.8156,2018
Málaga,2018,8,25.6064,15.449194,1.5312034,790.0877,2018
Navarra,2017,9,15.417464,10.034601,50.140015,463.83878,2018
Navarra,2017,10,14.602826,9.237037,37.748035,367.63257,2018
Navarra,2017,11,7.2863865,3.3492315,67.89565,230.9959,2018
Navarra,2017,12,4.3177204,1.9754944,111.450264,167.50555,2018
Navarra,2018,1,5.5360074,3.2121089,139.90317,186.51305,2018
Navarra,2018,2,2.8636696,0.09378473,123.88876,232.46425,2018
Navarra,2018,3,6.242374,2.1656716,112.34877,407.6322,2018
Navarra,2018,4,10.967951,6.257763,169.0677,525.73846,2018
Navarra,2018,5,12.780468,8.829515,99.77577,600.4667,2018
Navarra,2018,6,17.278406,13.015113,94.53966,649.4596,2018
Navarra,2018,7,20.914104,15.31565,70.32524,711.5301,2018
Navarra,2018,8,20.393175,14.578471,78.05313,665.1098,2018
Ourense,2017,9,15.048338,9.724385,13.288259,508.9317,2018
Ourense,2017,10,15.302634,7.2077036,45.246933,421.0539,2018
Ourense,2017,11,7.697907,3.7035217,64.50375,240.88655,2018
Ourense,2017,12,5.0419345,3.077502,179.48752,156.60121,2018
Ourense,2018,1,5.0483904,3.2343206,118.34985,163.82439,2018
Ourense,2018,2,3.6446283,0.78699,83.988815,250.99295,2018
Ourense,2018,3,4.712425,2.6463063,308.13632,329.89676,2018
Ourense,2018,4,9.088974,5.747643,139.29889,505.46127,2018
Ourense,2018,5,12.440945,8.081606,82.60633,637.0287,2018
Ourense,2018,6,15.968371,12.264848,121.70015,633.4524,2018
Ourense,2018,7,17.586935,13.714193,54.79041,649.8623,2018
Ourense,2018,8,20.696821,12.557106,9.801025,771.0257,2018
Palencia,2017,9,16.12489,6.439852,11.500723,530.3186,2018
Palencia,2017,10,14.763083,4.8151984,10.670696,421.85025,2018
Palencia,2017,11,6.5835495,1.3754845,41.994167,243.41602,2018
Palencia,2017,12,3.4788656,0.99469644,68.45806,169.02573,2018
Palencia,2018,1,3.5913322,1.2929978,67.81552,187.54568,2018
Palencia,2018,2,1.9526687,-1.5422456,55.64075,247.82852,2018
Palencia,2018,3,4.3002095,0.7493488,139.94753,412.65134,2018
Palencia,2018,4,9.114583,4.582392,88.12259,542.1749,2018
Palencia,2018,5,11.978841,6.322075,72.95321,660.6917,2018
Palencia,2018,6,16.293747,10.723634,89.297,701.0263,2018
Palencia,2018,7,19.295334,12.226265,45.057846,724.56036,2018
Palencia,2018,8,20.699352,10.600472,7.7870674,749.9864,2018
Pontevedra,2017,9,15.967601,12.090932,24.686363,467.29062,2018
Pontevedra,2017,10,16.039337,10.873077,70.88528,411.01782,2018
Pontevedra,2017,11,9.640086,6.5023904,80.35356,229.47021,2018
Pontevedra,2017,12,7.429474,5.4849753,212.85876,159.87541,2018
Pontevedra,2018,1,7.880198,6.007965,162.06201,159.65572,2018
Pontevedra,2018,2,6.383901,3.4749248,122.28173,253.855,2018
Pontevedra,2018,3,7.558828,5.1002502,387.94016,334.39267,2018
Pontevedra,2018,4,10.801991,7.8572083,180.43309,518.00183,2018
Pontevedra,2018,5,13.560536,9.906403,62.20366,645.02246,2018
Pontevedra,2018,6,16.662994,13.86494,111.75193,613.1062,2018
Pontevedra,2018,7,18.392609,15.4096575,53.135227,625.0351,2018
Pontevedra,2018,8,20.991404,15.214549,7.1661205,741.63794,2018
Salamanca,2017,9,18.234468,6.2261457,0.3356829,624.98737,2018
Salamanca,2017,10,16.829441,4.391262,15.597915,457.40814,2018
Salamanca,2017,11,8.153616,2.2049022,24.378448,284.37283,2018
Salamanca,2017,12,4.6437144,1.7157875,64.24852,190.7835,2018
Salamanca,2018,1,4.6488595,2.0620928,53.720745,212.16377,2018
Salamanca,2018,2,3.7225776,-0.84582955,54.70234,286.18134,2018
Salamanca,2018,3,5.704834,2.1297326,183.29796,403.81625,2018
Salamanca,2018,4,9.928854,5.443299,109.19023,555.0441,2018
Salamanca,2018,5,13.36034,7.557393,69.79698,683.1379,2018
Salamanca,2018,6,17.796448,11.239449,60.185345,721.8717,2018
Salamanca,2018,7,20.897612,11.416689,11.202216,835.173,2018
Salamanca,2018,8,23.990175,9.408604,3.287217,800.0306,2018
Santa Cruz de Tenerife,2017,9,20.596262,16.272858,9.255122,662.1126,2018
Santa Cruz de Tenerife,2017,10,20.111725,14.186351,10.035434,551.36444,2018
Santa Cruz de Tenerife,2017,11,17.935617,13.277659,26.747658,425.3406,2018
Santa Cruz de Tenerife,2017,12,15.1822,9.835927,15.586076,406.1948,2018
Santa Cruz de Tenerife,2018,1,14.18513,9.519277,26.962423,423.67383,2018
Santa Cruz de Tenerife,2018,2,12.326894,7.8916726,68.86732,441.93552,2018
Santa Cruz de Tenerife,2018,3,15.203441,11.186432,15.021778,665.4578,2018
Santa Cruz de Tenerife,2018,4,14.736237,10.048248,16.608986,729.9604,2018
Santa Cruz de Tenerife,2018,5,15.287181,10.720204,15.1158285,804.1641,2018
Santa Cruz de Tenerife,2018,6,17.940989,13.868317,10.005812,813.0564,2018
Santa Cruz de Tenerife,2018,7,19.858469,15.040355,4.298832,837.7151,2018
Santa Cruz de Tenerife,2018,8,20.828604,16.00528,5.1398,796.34845,2018
Segovia,2017,9,17.06309,4.4840393,3.1168354,601.9927,2018
Segovia,2017,10,15.254779,3.6882694,17.487581,446.29456,2018
Segovia,2017,11,6.7028666,0.723053,19.729712,270.2644,2018
Segovia,2017,12,3.2123237,0.33548617,69.37172,187.7345,2018
Segovia,2018,1,3.0954316,0.7043184,97.73647,213.61185,2018
Segovia,2018,2,1.8394823,-1.8216505,65.57894,250.79729,2018
Segovia,2018,3,4.4251113,0.5613805,145.16272,421.07608,2018
Segovia,2018,4,9.310636,4.0955987,99.08426,573.00555,2018
Segovia,2018,5,12.311072,6.3947997,82.88801,692.17444,2018
Segovia,2018,6,17.225405,10.3094015,68.41827,745.08484,2018
Segovia,2018,7,21.13804,9.505369,18.570724,830.91705,2018
Segovia,2018,8,23.17885,8.169908,4.2249775,784.3517,2018
Sevilla,2017,9,25.285322,10.494355,0.75924927,647.10004,2018
Sevilla,2017,10,22.408419,10.953181,36.096397,490.7911,2018
Sevilla,2017,11,14.310253,6.3983526,38.407757,337.47928,2018
Sevilla,2017,12,9.904051,4.698797,33.08286,271.59155,2018
Sevilla,2018,1,9.63858,5.4018807,52.714108,297.42697,2018
Sevilla,2018,2,9.7665415,2.9032803,47.968067,379.68518,2018
Sevilla,2018,3,11.737857,7.3428197,234.39131,442.9324,2018
Sevilla,2018,4,14.520045,8.950885,66.90135,610.8721,2018
Sevilla,2018,5,17.953516,10.603603,43.130047,749.85864,2018
Sevilla,2018,6,23.003633,12.443908,6.862918,777.05475,2018
Sevilla,2018,7,25.684547,12.838278,0.08962935,908.074,2018
Sevilla,2018,8,29.324848,13.391937,1.835076,796.2218,2018
Soria,2017,9,15.47125,5.197444,16.407587,552.13464,2018
Soria,2017,10,13.9835415,4.1296587,22.620916,427.49493,2018
Soria,2017,11,5.77108,-0.32508984,18.07675,263.47784,2018
Soria,2017,12,2.667933,-0.42767173,49.322895,189.77444,2018
Soria,2018,1,3.0334542,0.45037788,79.691574,212.34935,2018
Soria,2018,2,1.0467792,-2.6062756,72.58643,257.34274,2018
Soria,2018,3,4.0208488,-0.015802216,103.51532,433.081,2018
Soria,2018,4,8.877016,3.75949,102.512825,573.92505,2018
Soria,2018,5,11.672811,5.8813334,85.04634,689.581,2018
Soria,2018,6,16.447624,9.83116,89.6387,729.2695,2018
Soria,2018,7,20.415358,10.454322,34.40966,804.12537,2018
Soria,2018,8,21.220688,9.548685,11.643904,745.94037,2018
Tarragona,2017,9,19.649923,12.13054,41.366695,523.3077,2018
Tarragona,2017,10,17.763662,12.231397,24.851864,400.09244,2018
Tarragona,2017,11,10.476212,3.1993985,10.325354,300.3017,2018
Tarragona,2017,12,7.1878695,1.5306779,8.820489,228.37357,2018
Tarragona,2018,1,9.367995,3.9759905,36.82739,266.6564,2018
Tarragona,2018,2,6.3696885,1.4937662,82.13119,279.05875,2018
Tarragona,2018,3,10.048888,3.0773978,44.968502,508.72562,2018
Tarragona,2018,4,13.7561245,7.67784,84.6744,607.76385,2018
Tarragona,2018,5,16.65898,10.285639,94.15042,706.04517,2018
Tarragona,2018,6,21.397211,14.162739,41.26863,764.3831,2018
Tarragona,2018,7,25.354664,16.49868,17.463993,802.1396,2018
Tarragona,2018,8,24.825516,17.423567,84.06142,667.40094,2018
Teruel,2017,9,16.182972,6.326076,14.722875,560.18835,2018
Teruel,2017,10,14.456984,5.546426,16.937164,447.61487,2018
Teruel,2017,11,6.5624657,-1.3694932,11.426209,302.52286,2018
Teruel,2017,12,3.4785578,-1.6489528,18.920105,227.91554,2018
Teruel,2018,1,4.799474,0.086797945,29.690304,264.6637,2018
Teruel,2018,2,1.943644,-2.6126988,58.77839,289.7725,2018
Teruel,2018,3,5.5684137,-0.5731495,57.78025,479.6969,2018
Teruel,2018,4,9.767456,3.0532985,109.3335,604.6302,2018
Teruel,2018,5,12.43204,6.154408,111.506065,671.2793,2018
Teruel,2018,6,17.540438,9.904504,66.09326,740.0228,2018
Teruel,2018,7,22.131996,10.398547,31.575367,826.18414,2018
Teruel,2018,8,21.697416,11.458641,40.97462,689.8519,2018
Toledo,2017,9,21.437569,6.0159016,0.45469368,627.61566,2018
Toledo,2017,10,18.344805,6.37679,22.650576,468.5283,2018
Toledo,2017,11,9.917615,2.270219,29.038437,309.4541,2018
Toledo,2017,12,5.621234,1.7652119,38.351418,231.24872,2018
Toledo,2018,1,5.891261,2.722219,57.428085,254.76233,2018
Toledo,2018,2,5.1898026,-0.48958442,58.767303,317.18887,2018
Toledo,2018,3,7.722299,3.196161,165.03319,440.98135,2018
Toledo,2018,4,11.898667,5.6759396,72.01948,592.7363,2018
Toledo,2018,5,15.990083,7.677624,54.202065,728.0555,2018
Toledo,2018,6,21.207203,10.153729,28.891361,766.9615,2018
Toledo,2018,7,25.522205,8.284065,0.7902386,896.0944,2018
Toledo,2018,8,27.56519,8.91485,4.1678743,778.15967,2018
Valencia,2017,9,20.323027,12.435381,18.469017,545.81683,2018
Valencia,2017,10,18.00969,11.043533,18.745129,442.75488,2018
Valencia,2017,11,11.187943,1.6214367,21.047703,320.79398,2018
Valencia,2017,12,7.3966904,0.9619479,9.991423,262.3193,2018
Valencia,2018,1,8.622471,2.468739,50.72381,288.74442,2018
Valencia,2018,2,6.352669,0.5939026,70.14847,313.69846,2018
Valencia,2018,3,10.266583,2.0492651,40.58345,509.9768,2018
Valencia,2018,4,13.5178175,5.077426,40.621967,643.9287,2018
Valencia,2018,5,17.011,8.09433,51.514786,732.32513,2018
Valencia,2018,6,21.477333,12.307942,60.19482,781.35,2018
Valencia,2018,7,25.920511,13.533239,7.8416195,850.47766,2018
Valencia,2018,8,24.859018,16.490456,44.84979,664.4053,2018
Valladolid,2017,9,18.083382,5.743361,0.99112564,591.7465,2018
Valladolid,2017,10,16.107752,4.4711223,9.220658,444.21008,2018
Valladolid,2017,11,7.417744,1.6840348,24.44538,263.80377,2018
Valladolid,2017,12,4.339064,1.5961665,47.67062,173.89813,2018
Valladolid,2018,1,4.5824947,2.027918,61.88117,197.33043,2018
Valladolid,2018,2,3.2969167,-0.97592163,39.54914,251.21657,2018
Valladolid,2018,3,5.9218946,1.6314336,120.03907,418.71732,2018
Valladolid,2018,4,10.430151,5.1640377,82.070694,570.2503,2018
Valladolid,2018,5,13.805084,6.838443,57.445816,700.67456,2018
Valladolid,2018,6,18.324837,11.101116,66.77842,738.28613,2018
Valladolid,2018,7,21.931372,11.077279,19.024874,817.94965,2018
Valladolid,2018,8,23.777496,9.091506,1.8231686,801.8033,2018
Zamora,2017,9,17.56363,6.649741,1.0310111,585.2114,2018
Zamora,2017,10,16.110294,4.6132593,15.29926,441.8189,2018
Zamora,2017,11,7.694977,1.7782811,30.740688,268.06082,2018
Zamora,2017,12,4.4429016,1.7159903,66.474106,175.03023,2018
Zamora,2018,1,4.7216406,2.0216196,47.037037,197.91597,2018
Zamora,2018,2,3.4465637,-1.246691,39.195568,274.38705,2018
Zamora,2018,3,5.331922,1.6393127,151.1824,404.4122,2018
Zamora,2018,4,9.860801,5.1175494,91.76021,566.6373,2018
Zamora,2018,5,13.614114,6.677451,61.585804,698.5672,2018
Zamora,2018,6,17.762394,11.05749,78.28849,723.57227,2018
Zamora,2018,7,20.446407,11.74499,22.173706,791.8007,2018
Zamora,2018,8,23.241364,9.27849,3.1168346,800.2758,2018
Zaragoza,2017,9,17.982918,8.187674,12.081379,539.823,2018
Zaragoza,2017,10,16.291843,7.953579,20.621195,429.0207,2018
Zaragoza,2017,11,8.354468,1.5840175,15.800142,277.2225,2018
Zaragoza,2017,12,5.3270206,0.88800895,29.722456,208.2191,2018
Zaragoza,2018,1,6.768006,2.7590299,52.659233,237.53055,2018
Zaragoza,2018,2,4.157639,-0.4556216,60.83822,278.60803,2018
Zaragoza,2018,3,7.823914,1.6339469,59.87082,477.35385,2018
Zaragoza,2018,4,12.239936,5.6972103,132.78154,580.7921,2018
Zaragoza,2018,5,15.268651,8.006776,69.632545,713.7879,2018
Zaragoza,2018,6,19.955688,11.940951,52.065773,746.94904,2018
Zaragoza,2018,7,24.662756,12.751867,19.734219,817.90375,2018
Zaragoza,2018,8,23.981594,12.796587,22.227053,729.9102,2018
Álava,2017,9,14.89836,10.011326,42.09915,449.96445,2018
Álava,2017,10,14.119092,9.087469,38.84197,349.22742,2018
Álava,2017,11,7.091863,3.8189285,79.88861,216.74937,2018
Álava,2017,12,4.5141115,2.5021489,110.90598,150.24303,2018
Álava,2018,1,5.219635,3.0098464,143.28232,171.06053,2018
Álava,2018,2,2.6321895,0.59602803,134.95422,206.37877,2018
Álava,2018,3,5.9131813,1.8229208,107.07058,414.33368,2018
Álava,2018,4,10.211535,6.106081,134.81252,487.91724,2018
Álava,2018,5,11.6194515,8.614109,79.16515,531.2092,2018
Álava,2018,6,15.9661455,12.836851,92.79721,584.0355,2018
Álava,2018,7,18.91828,15.499808,69.94434,622.7421,2018
Álava,2018,8,18.969492,14.580849,33.638042,620.20154,2018
Ávila,2017,9,17.55524,4.1036153,0.9927406,627.1194,2018
Ávila,2017,10,15.633948,3.4261692,15.679776,464.6344,2018
Ávila,2017,11,7.1012154,0.5583316,22.66675,289.04865,2018
Ávila,2017,12,3.3089347,-0.07808713,64.969635,208.32213,2018
Ávila,2018,1,2.8303394,-0.1456935,77.438515,243.53706,2018
Ávila,2018,2,1.9317874,-2.2872157,72.2973,288.64377,2018
Ávila,2018,3,3.926334,0.36891964,208.05225,434.71326,2018
Ávila,2018,4,8.735449,3.861775,95.971886,581.4099,2018
Ávila,2018,5,12.116155,6.3110795,85.62105,684.6599,2018
Ávila,2018,6,17.14846,9.637175,61.8597,753.34326,2018
Ávila,2018,7,20.725178,8.942041,13.43026,856.8828,2018
Ávila,2018,8,23.125492,8.082069,11.125354,778.5202,2018
A Coruña,2018,9,18.875406,15.065001,20.428099,524.3963,2019
A Coruña,2018,10,14.140869,10.070995,104.101036,369.50333,2019
A Coruña,2018,11,10.704546,8.488981,249.83191,171.84537,2019
A Coruña,2018,12,10.507451,8.460102,113.18298,134.292,2019
A Coruña,2019,1,7.512613,5.2810583,119.050995,182.78046,2019
A Coruña,2019,2,9.414074,5.8793325,56.30017,276.61188,2019
A Coruña,2019,3,9.994941,6.398464,78.31234,448.942,2019
A Coruña,2019,4,10.647076,7.7869506,175.1683,494.99106,2019
A Coruña,2019,5,13.735978,10.136775,46.841908,703.644,2019
A Coruña,2019,6,14.643205,11.493199,111.75698,583.1544,2019
A Coruña,2019,7,18.379154,14.904353,30.872015,721.8377,2019
A Coruña,2019,8,18.466722,15.126394,38.65051,591.26733,2019
Albacete,2018,9,20.528551,13.255983,58.71962,524.6072,2019
Albacete,2018,10,14.204121,7.3327575,60.00523,401.6287,2019
Albacete,2018,11,9.012903,5.4447,61.385403,235.77374,2019
Albacete,2018,12,7.4987555,3.0004928,9.7452345,278.3966,2019
Albacete,2019,1,4.7458496,-1.1458356,9.248799,304.41882,2019
Albacete,2019,2,7.666597,-1.0599831,10.708039,417.96317,2019
Albacete,2019,3,10.526659,-0.56237733,23.632591,564.0939,2019
Albacete,2019,4,10.677202,4.2123346,117.444115,567.6376,2019
Albacete,2019,5,16.821066,5.774987,19.219011,809.41565,2019
Albacete,2019,6,22.409718,5.796858,4.361051,866.3632,2019
Albacete,2019,7,25.787691,9.977306,16.168869,844.8276,2019
Albacete,2019,8,25.123367,10.463708,27.097704,760.4668,2019
Alicante,2018,9,22.385406,18.148563,88.24704,509.58304,2019
Alicante,2018,10,17.031149,11.6568985,64.413666,406.12024,2019
Alicante,2018,11,12.259528,8.022074,88.02727,268.2788,2019
Alicante,2018,12,10.694792,6.1537642,15.108559,277.57474,2019
Alicante,2019,1,8.759935,1.7550911,4.7725515,316.02472,2019
Alicante,2019,2,10.456121,2.5721397,3.731181,402.41025,2019
Alicante,2019,3,12.736292,3.5576456,25.803337,567.3447,2019
Alicante,2019,4,13.462627,7.276511,137.63492,602.37006,2019
Alicante,2019,5,17.468555,9.887303,18.270285,790.4994,2019
Alicante,2019,6,22.335588,11.494036,3.3927226,856.3377,2019
Alicante,2019,7,26.279106,15.503531,3.990573,837.0434,2019
Alicante,2019,8,25.6868,17.365566,25.69685,729.5732,2019
Almería,2018,9,21.34278,15.488014,68.837875,550.65106,2019
Almería,2018,10,15.338583,10.788193,109.11905,409.69934,2019
Almería,2018,11,11.082224,6.956105,60.310688,295.32245,2019
Almería,2018,12,10.123296,4.875493,10.7720375,301.32358,2019
Almería,2019,1,7.716563,1.4114387,6.9570026,327.99353,2019
Almería,2019,2,9.163625,1.5935222,5.2926774,430.41946,2019
Almería,2019,3,11.406357,2.8060493,28.16437,578.151,2019
Almería,2019,4,12.419581,5.762019,73.85701,631.3664,2019
Almería,2019,5,17.83553,8.323503,14.667876,831.17584,2019
Almería,2019,6,21.64637,9.393844,6.76744,875.38556,2019
Almería,2019,7,25.492228,12.715991,6.42881,864.9533,2019
Almería,2019,8,24.997808,14.830924,18.783445,759.91516,2019
Asturias,2018,9,16.973213,14.078664,58.085457,513.7851,2019
Asturias,2018,10,11.550915,8.39437,119.97925,354.63614,2019
Asturias,2018,11,8.321568,5.377161,153.77496,198.3406,2019
Asturias,2018,12,8.088436,4.9545517,48.45963,167.75475,2019
Asturias,2019,1,4.648327,2.266871,199.39365,175.20453,2019
Asturias,2019,2,6.767986,2.6808867,66.663414,309.7437,2019
Asturias,2019,3,7.8352666,3.9709682,64.48079,480.134,2019
Asturias,2019,4,8.809063,5.2676926,130.38593,548.4861,2019
Asturias,2019,5,11.643981,7.9719577,68.135056,683.584,2019
Asturias,2019,6,14.102142,10.895016,119.65116,613.65497,2019
Asturias,2019,7,17.577156,14.514604,88.01923,696.30566,2019
Asturias,2019,8,17.644333,14.308623,70.429375,601.4574,2019
Badajoz,2018,9,25.536703,12.507721,12.486459,587.94434,2019
Badajoz,2018,10,17.353153,8.497023,102.811356,415.9666,2019
Badajoz,2018,11,11.438621,8.410789,88.81975,247.26746,2019
Badajoz,2018,12,9.234414,6.276642,12.676753,255.55385,2019
Badajoz,2019,1,7.203243,3.0641086,23.092016,283.9794,2019
Badajoz,2019,2,10.1480055,4.18243,16.228104,402.09467,2019
Badajoz,2019,3,13.249455,3.5942426,19.794146,589.3734,2019
Badajoz,2019,4,13.349562,6.471021,64.64126,608.6176,2019
Badajoz,2019,5,20.922333,6.579254,3.9595253,833.24207,2019
Badajoz,2019,6,22.754354,7.159594,0.715515,868.2007,2019
Badajoz,2019,7,26.558329,10.941916,2.2992404,868.523,2019
Badajoz,2019,8,26.710062,10.226427,4.775506,789.54895,2019
Barcelona,2018,9,19.453558,16.088991,61.03065,459.98563,2019
Barcelona,2018,10,14.295813,10.874129,243.74826,338.6699,2019
Barcelona,2018,11,9.259737,6.585096,91.32439,228.6341,2019
Barcelona,2018,12,6.977424,4.5709248,6.869809,213.90883,2019
Barcelona,2019,1,3.8790474,0.019215662,26.46798,255.77806,2019
Barcelona,2019,2,7.1464067,2.0622706,11.468045,354.913,2019
Barcelona,2019,3,9.610205,3.5302165,29.069803,547.7512,2019
Barcelona,2019,4,10.452068,5.7183337,80.87457,556.0792,2019
Barcelona,2019,5,13.695174,8.254314,82.59976,712.9988,2019
Barcelona,2019,6,19.884317,11.846074,36.298576,797.49493,2019
Barcelona,2019,7,23.395763,16.732967,80.38127,752.51794,2019
Barcelona,2019,8,22.608553,16.844505,56.104492,670.7528,2019
Bizkaia,2018,9,18.586422,15.317438,36.100117,501.29214,2019
Bizkaia,2018,10,13.674264,10.309176,133.23874,315.26602,2019
Bizkaia,2018,11,10.95067,6.8887267,109.384964,208.10516,2019
Bizkaia,2018,12,9.48901,6.257887,50.949203,153.92392,2019
Bizkaia,2019,1,6.1631603,3.6615686,212.40656,143.47525,2019
Bizkaia,2019,2,9.088043,4.372799,50.977062,299.60062,2019
Bizkaia,2019,3,9.707145,5.057018,52.042625,468.51212,2019
Bizkaia,2019,4,10.77444,6.590797,102.6024,507.36453,2019
Bizkaia,2019,5,12.201315,8.553327,93.30583,618.11584,2019
Bizkaia,2019,6,16.427448,12.470348,71.52951,670.77374,2019
Bizkaia,2019,7,19.435387,15.989733,91.002975,667.2603,2019
Bizkaia,2019,8,19.315163,15.75861,68.06233,594.6203,2019
Burgos,2018,9,18.37314,10.872449,31.547026,555.76495,2019
Burgos,2018,10,11.316503,5.867691,53.351254,348.37863,2019
Burgos,2018,11,7.140913,4.0773296,109.52281,202.33809,2019
Burgos,2018,12,5.584282,3.0409257,30.589289,172.98863,2019
Burgos,2019,1,2.420132,-0.17085277,86.39782,179.43535,2019
Burgos,2019,2,5.32852,0.331161,24.531492,329.8954,2019
Burgos,2019,3,7.334041,0.5684465,21.885132,512.63654,2019
Burgos,2019,4,8.365475,3.395006,109.099594,534.0098,2019
Burgos,2019,5,11.415056,4.846668,39.98974,708.113,2019
Burgos,2019,6,17.342937,7.526443,49.786503,749.55396,2019
Burgos,2019,7,20.384624,11.237356,48.38767,753.44977,2019
Burgos,2019,8,19.933762,10.839603,30.835258,682.31104,2019
Cantabria,2018,9,17.458738,13.978482,51.39035,502.18137,2019
Cantabria,2018,10,11.942354,8.423075,99.09965,333.46436,2019
Cantabria,2018,11,8.727687,5.4457936,120.82666,216.33661,2019
Cantabria,2018,12,7.6632786,4.632113,32.985218,167.79703,2019
Cantabria,2019,1,4.3847585,2.0536282,183.59796,169.21236,2019
Cantabria,2019,2,7.0117292,2.4863076,51.43178,309.45132,2019
Cantabria,2019,3,7.963345,3.6034596,51.890617,478.48853,2019
Cantabria,2019,4,9.161983,5.102452,113.95322,529.92365,2019
Cantabria,2019,5,11.315747,7.1835465,67.94816,636.59625,2019
Cantabria,2019,6,15.263456,11.022543,84.80871,641.33936,2019
Cantabria,2019,7,18.345465,14.592887,102.83201,652.3844,2019
Cantabria,2019,8,18.099367,14.315982,89.83232,578.4181,2019
Castellón,2018,9,20.434538,15.723463,63.841427,480.1629,2019
Castellón,2018,10,14.806144,8.967266,190.09373,392.1576,2019
Castellón,2018,11,10.144502,6.2941184,61.84458,245.40883,2019
Castellón,2018,12,8.729567,4.09404,12.756827,251.3553,2019
Castellón,2019,1,6.248103,-0.45922035,6.9326906,291.06192,2019
Castellón,2019,2,8.228944,0.66207284,1.825447,399.3076,2019
Castellón,2019,3,10.927076,1.1635584,21.604944,571.34546,2019
Castellón,2019,4,11.443186,5.069688,90.79607,576.05005,2019
Castellón,2019,5,15.299617,7.297011,43.97914,770.6846,2019
Castellón,2019,6,20.467215,10.110422,12.865565,821.4726,2019
Castellón,2019,7,24.407558,14.019694,24.115452,797.08325,2019
Castellón,2019,8,23.584656,15.886865,38.890743,690.34735,2019
Ciudad Real,2018,9,23.406227,11.575038,28.644365,578.6957,2019
Ciudad Real,2018,10,15.475291,6.9298725,83.92388,402.65295,2019
Ciudad Real,2018,11,9.890709,6.4558825,76.4887,238.72908,2019
Ciudad Real,2018,12,7.5237055,4.125227,11.003154,261.47308,2019
Ciudad Real,2019,1,5.075946,0.37084568,17.258556,293.8306,2019
Ciudad Real,2019,2,8.69824,0.72680736,17.819857,409.69974,2019
Ciudad Real,2019,3,11.834796,0.5078798,16.323494,579.2349,2019
Ciudad Real,2019,4,11.614611,5.0330777,112.105415,567.988,2019
Ciudad Real,2019,5,18.998964,5.07904,6.481225,816.8547,2019
Ciudad Real,2019,6,23.790901,4.8562427,1.2393732,885.68115,2019
Ciudad Real,2019,7,27.63033,8.433014,7.6993003,856.89984,2019
Ciudad Real,2019,8,26.864313,7.8141685,10.85193,791.9105,2019
Cuenca,2018,9,20.588617,11.211653,28.554419,551.50836,2019
Cuenca,2018,10,13.105749,5.741586,108.844406,384.71777,2019
Cuenca,2018,11,7.801836,4.7113023,76.464905,222.21126,2019
Cuenca,2018,12,5.8045855,2.0473142,16.635431,255.73225,2019
Cuenca,2019,1,3.3661406,-1.8490852,22.252115,281.86407,2019
Cuenca,2019,2,6.3886228,-1.6386892,14.770326,405.77866,2019
Cuenca,2019,3,9.381107,-1.3742424,24.435637,569.8341,2019
Cuenca,2019,4,9.337565,3.345431,131.2372,545.7584,2019
Cuenca,2019,5,15.178503,4.391043,19.921389,798.5086,2019
Cuenca,2019,6,21.403696,4.6564555,2.8016212,855.32117,2019
Cuenca,2019,7,25.195223,8.240896,15.924195,837.3808,2019
Cuenca,2019,8,24.096972,8.887232,23.499266,758.232,2019
Cáceres,2018,9,24.974628,11.825373,12.969161,576.79736,2019
Cáceres,2018,10,16.54945,7.906847,94.215225,407.69928,2019
Cáceres,2018,11,10.766723,7.821288,129.68939,223.04626,2019
Cáceres,2018,12,8.525735,5.4038806,24.070389,234.16185,2019
Cáceres,2019,1,6.516488,2.260951,29.211576,266.06393,2019
Cáceres,2019,2,9.300356,3.451227,11.302676,376.84586,2019
Cáceres,2019,3,12.302103,3.4671729,29.06661,588.0245,2019
Cáceres,2019,4,12.581729,6.2977724,92.85385,593.61725,2019
Cáceres,2019,5,19.61009,6.6194777,6.864027,826.4114,2019
Cáceres,2019,6,21.947876,7.3549566,4.492405,834.727,2019
Cáceres,2019,7,26.507654,10.735134,3.4852383,859.2646,2019
Cáceres,2019,8,26.087856,10.528855,12.8157215,761.6245,2019
Cádiz,2018,9,23.98961,17.16099,30.027351,590.44055,2019
Cádiz,2018,10,18.705076,13.290549,136.82199,427.1046,2019
Cádiz,2018,11,13.979697,10.907455,115.469604,289.75082,2019
Cádiz,2018,12,12.54556,8.918067,10.385042,299.0931,2019
Cádiz,2019,1,10.51216,6.3060193,27.378971,320.1039,2019
Cádiz,2019,2,12.174449,6.457187,20.7892,418.15546,2019
Cádiz,2019,3,14.642882,7.7645435,19.521418,589.32214,2019
Cádiz,2019,4,15.010637,8.790116,62.54878,646.3674,2019
Cádiz,2019,5,20.426956,10.727248,0.4470527,870.20294,2019
Cádiz,2019,6,21.701672,12.0321045,0.53515184,872.80774,2019
Cádiz,2019,7,24.335953,15.642604,0.36574996,862.4774,2019
Cádiz,2019,8,25.897541,15.492416,2.408128,794.8139,2019
Córdoba,2018,9,24.55095,14.298981,38.3383,581.0485,2019
Córdoba,2018,10,17.101444,9.258481,98.48691,411.55518,2019
Córdoba,2018,11,11.369245,8.092507,89.17998,260.5977,2019
Córdoba,2018,12,9.4818,5.885058,11.557462,281.28122,2019
Córdoba,2019,1,7.116796,2.2594368,19.607216,303.28452,2019
Córdoba,2019,2,10.191517,3.743798,21.107191,414.7566,2019
Córdoba,2019,3,13.333398,3.5393336,22.172348,584.06665,2019
Córdoba,2019,4,13.501527,6.470758,75.21727,588.8565,2019
Córdoba,2019,5,21.373877,6.8188257,2.6309242,847.88043,2019
Córdoba,2019,6,23.885386,7.761383,0.13845487,889.25806,2019
Córdoba,2019,7,27.326618,11.703968,2.7127202,871.89233,2019
Córdoba,2019,8,27.810623,10.461341,3.3256195,801.3679,2019
Gipuzkoa,2018,9,18.267242,14.942047,40.574253,508.695,2019
Gipuzkoa,2018,10,13.100628,10.195909,147.96402,314.93005,2019
Gipuzkoa,2018,11,10.111814,6.5952787,108.99206,204.91206,2019
Gipuzkoa,2018,12,8.659976,5.9081783,62.596176,154.87085,2019
Gipuzkoa,2019,1,4.89859,3.0910394,233.12549,144.74776,2019
Gipuzkoa,2019,2,8.518707,3.6003168,58.02262,303.04767,2019
Gipuzkoa,2019,3,9.137493,4.3693156,56.947018,468.24725,2019
Gipuzkoa,2019,4,10.301666,6.2860637,110.14676,491.3042,2019
Gipuzkoa,2019,5,11.716794,8.283511,132.4407,609.5144,2019
Gipuzkoa,2019,6,16.757366,12.487723,87.39155,674.48596,2019
Gipuzkoa,2019,7,19.330141,15.717548,110.73979,658.693,2019
Gipuzkoa,2019,8,19.129126,15.655115,81.42433,601.3675,2019
Girona,2018,9,19.668194,15.467213,69.80367,466.18954,2019
Girona,2018,10,14.479824,10.45531,240.19063,329.45148,2019
Girona,2018,11,10.023401,6.8387074,91.88196,224.29955,2019
Girona,2018,12,8.046736,4.9178653,17.168358,207.69492,2019
Girona,2019,1,4.398222,-0.36157176,33.345802,247.22896,2019
Girona,2019,2,7.6956573,2.2243578,14.106389,341.26538,2019
Girona,2019,3,10.112137,3.1376517,26.452253,543.10095,2019
Girona,2019,4,10.772929,5.855533,91.604225,555.57007,2019
Girona,2019,5,13.740238,7.893375,115.78566,682.98676,2019
Girona,2019,6,19.965857,12.492324,43.796696,784.64703,2019
Girona,2019,7,23.62195,17.064898,89.57424,727.51306,2019
Girona,2019,8,22.877253,16.120901,43.199642,661.7935,2019
Granada,2018,9,20.003563,12.491283,67.26028,560.5237,2019
Granada,2018,10,13.47085,7.750296,103.935356,414.19577,2019
Granada,2018,11,8.5431,4.721124,70.01153,281.20273,2019
Granada,2018,12,8.029379,2.743506,13.951923,299.44122,2019
Granada,2019,1,4.860368,-0.55315524,22.906574,311.39093,2019
Granada,2019,2,7.0689206,-0.043363113,24.117443,428.551,2019
Granada,2019,3,9.587672,0.9439189,30.252443,585.2212,2019
Granada,2019,4,9.960195,4.018128,101.42965,602.58795,2019
Granada,2019,5,16.942951,5.912589,9.513721,846.7736,2019
Granada,2019,6,21.036268,6.6085052,3.8531306,886.67957,2019
Granada,2019,7,24.65121,10.054637,10.407735,868.9236,2019
Granada,2019,8,24.630682,10.222797,15.697518,783.8995,2019
Guadalajara,2018,9,20.240013,9.275217,21.802216,565.4898,2019
Guadalajara,2018,10,11.970954,4.7941136,109.669586,375.45865,2019
Guadalajara,2018,11,6.771689,3.94856,75.092354,209.4463,2019
Guadalajara,2018,12,5.1988735,1.4625511,17.80106,230.51555,2019
Guadalajara,2019,1,2.328639,-2.256616,30.529572,251.2654,2019
Guadalajara,2019,2,5.6653996,-1.7636865,16.469576,385.58887,2019
Guadalajara,2019,3,8.381051,-2.058024,17.209757,573.8079,2019
Guadalajara,2019,4,8.380076,2.4812326,131.29266,538.943,2019
Guadalajara,2019,5,13.638304,3.1628213,24.597183,795.9933,2019
Guadalajara,2019,6,20.464745,3.6673908,10.268708,842.6347,2019
Guadalajara,2019,7,24.258348,7.296065,18.809149,822.74695,2019
Guadalajara,2019,8,22.8451,7.4541044,24.673983,745.7212,2019
Huelva,2018,9,25.565544,15.325648,10.866929,594.5815,2019
Huelva,2018,10,18.564137,11.188216,89.8444,427.6313,2019
Huelva,2018,11,13.075705,9.8806925,96.69625,274.6194,2019
Huelva,2018,12,11.569808,7.642017,9.371305,285.756,2019
Huelva,2019,1,9.514144,4.396731,18.304321,304.13715,2019
Huelva,2019,2,11.856805,5.3660817,20.68546,415.06335,2019
Huelva,2019,3,14.911905,5.7034655,20.670723,593.85834,2019
Huelva,2019,4,15.029675,7.6354065,49.819607,624.0438,2019
Huelva,2019,5,22.217888,8.7824545,1.1118541,849.6786,2019
Huelva,2019,6,22.748726,9.112288,0.23493488,876.73987,2019
Huelva,2019,7,25.829367,13.169023,0.8479219,871.96027,2019
Huelva,2019,8,27.220161,12.205137,2.1283476,807.793,2019
Huesca,2018,9,19.014013,12.264475,50.017902,529.14655,2019
Huesca,2018,10,12.228745,7.253163,158.69205,365.6925,2019
Huesca,2018,11,6.744439,3.9774864,91.800964,218.22954,2019
Huesca,2018,12,5.3044977,2.4344282,25.427023,212.50198,2019
Huesca,2019,1,2.0734293,-2.2808418,69.42791,244.89355,2019
Huesca,2019,2,4.8716855,-1.1623858,20.530546,369.38425,2019
Huesca,2019,3,7.9495964,-0.36823827,18.67235,563.86426,2019
Huesca,2019,4,9.314177,2.6002157,94.43362,590.75635,2019
Huesca,2019,5,12.999886,4.3353343,63.668488,776.562,2019
Huesca,2019,6,19.79938,7.1304164,53.598675,807.87915,2019
Huesca,2019,7,23.159847,11.261485,56.36817,811.0652,2019
Huesca,2019,8,22.289345,12.058229,68.1239,703.56964,2019
Illes Balears,2018,9,24.150896,19.260271,62.980274,519.22595,2019
Illes Balears,2018,10,19.261595,14.6801815,134.42691,393.19836,2019
Illes Balears,2018,11,15.3562975,11.633476,72.75077,257.57425,2019
Illes Balears,2018,12,13.263649,10.027587,24.386625,247.03636,2019
Illes Balears,2019,1,10.6947155,5.5357347,28.052456,274.8735,2019
Illes Balears,2019,2,11.676797,7.231694,7.468475,372.38718,2019
Illes Balears,2019,3,13.472923,7.699854,8.939051,554.3886,2019
Illes Balears,2019,4,14.870185,9.341302,30.855267,634.1448,2019
Illes Balears,2019,5,17.537018,10.624193,30.515875,779.42896,2019
Illes Balears,2019,6,22.718365,15.456162,1.8119519,838.1922,2019
Illes Balears,2019,7,26.886417,18.67702,4.3186574,820.8908,2019
Illes Balears,2019,8,26.397926,19.766903,14.344768,734.6773,2019
Jaén,2018,9,22.797443,12.6269,43.21634,571.17316,2019
Jaén,2018,10,15.606002,7.4778075,72.69561,414.1043,2019
Jaén,2018,11,10.014958,6.3087068,87.2446,248.76982,2019
Jaén,2018,12,8.488371,3.9450314,15.101324,285.20898,2019
Jaén,2019,1,5.599003,0.2818782,33.30221,297.8853,2019
Jaén,2019,2,8.355477,1.1446712,30.368677,417.14392,2019
Jaén,2019,3,11.378068,1.4747204,18.875412,578.3712,2019
Jaén,2019,4,11.772696,5.370693,116.342545,568.77686,2019
Jaén,2019,5,19.261337,5.956958,5.7834435,830.0783,2019
Jaén,2019,6,23.383379,6.522961,1.4528105,880.6791,2019
Jaén,2019,7,27.049023,10.005338,7.587558,863.81244,2019
Jaén,2019,8,26.994783,8.974195,11.170518,795.7697,2019
La Rioja,2018,9,17.663052,11.621659,57.574863,547.1387,2019
La Rioja,2018,10,11.146205,6.584287,71.641754,346.83917,2019
La Rioja,2018,11,7.215503,4.045187,93.444336,199.70016,2019
La Rioja,2018,12,5.8632274,2.5181062,25.289825,187.42477,2019
La Rioja,2019,1,2.5146883,-0.54159546,89.184296,196.26169,2019
La Rioja,2019,2,5.238847,0.28987238,24.895058,341.12885,2019
La Rioja,2019,3,7.141003,0.6111615,23.676205,514.3941,2019
La Rioja,2019,4,8.459381,3.4740107,122.68797,542.928,2019
La Rioja,2019,5,11.017299,5.0367923,61.12891,691.01855,2019
La Rioja,2019,6,17.604738,8.2539835,49.667076,751.7168,2019
La Rioja,2019,7,20.012999,12.128439,75.147446,747.6993,2019
La Rioja,2019,8,19.788784,11.878683,41.718533,687.0587,2019
Las Palmas,2018,9,22.374561,17.91306,3.1759617,671.1516,2019
Las Palmas,2018,10,21.122107,16.602846,49.494923,530.56354,2019
Las Palmas,2018,11,18.164768,13.229619,27.840723,398.0875,2019
Las Palmas,2018,12,17.824179,12.023847,1.6398083,417.374,2019
Las Palmas,2019,1,15.915398,9.724184,8.843146,412.434,2019
Las Palmas,2019,2,16.822418,9.507464,5.9136367,510.43756,2019
Las Palmas,2019,3,16.60778,11.741016,20.092144,650.771,2019
Las Palmas,2019,4,17.236391,11.803581,12.431872,718.3295,2019
Las Palmas,2019,5,18.959253,13.994178,3.1847408,820.9028,2019
Las Palmas,2019,6,20.304031,14.524926,3.5567744,804.35645,2019
Las Palmas,2019,7,21.080334,16.393438,5.730074,778.61383,2019
Las Palmas,2019,8,22.307089,17.44549,2.0849323,768.88934,2019
León,2018,9,18.350803,9.665019,32.167095,558.02057,2019
León,2018,10,10.9093275,4.497923,55.545166,373.0221,2019
León,2018,11,5.7420363,3.640131,143.54633,184.068,2019
León,2018,12,5.260933,2.6585703,39.682247,168.9663,2019
León,2019,1,2.4189398,-0.9426917,92.338425,207.75424,2019
León,2019,2,4.792986,0.020963812,31.135319,319.1849,2019
León,2019,3,6.8284864,0.31475672,39.6978,512.2125,2019
León,2019,4,7.5331793,2.3353817,91.27432,569.76,2019
León,2019,5,12.191541,4.2398124,27.416275,753.1237,2019
León,2019,6,15.249236,7.1146927,61.83408,692.81885,2019
León,2019,7,19.728622,10.823266,48.18065,764.4768,2019
León,2019,8,19.04332,10.120041,30.859123,665.02264,2019
Lleida,2018,9,18.233047,12.783352,50.574753,506.30307,2019
Lleida,2018,10,12.012832,7.386358,181.40982,361.39484,2019
Lleida,2018,11,6.5090556,3.6475666,91.32622,229.72537,2019
Lleida,2018,12,4.848874,1.9364662,14.013774,212.4024,2019
Lleida,2019,1,1.5043844,-3.0458272,41.49193,245.88533,2019
Lleida,2019,2,5.0722594,-1.647632,17.151686,366.35492,2019
Lleida,2019,3,7.772816,-0.472444,16.135307,562.31226,2019
Lleida,2019,4,8.950965,2.3072236,81.86523,579.7641,2019
Lleida,2019,5,12.529669,4.446686,68.04046,747.12787,2019
Lleida,2019,6,19.226448,7.937689,50.044197,804.43994,2019
Lleida,2019,7,22.367687,12.500447,72.24331,787.6115,2019
Lleida,2019,8,21.639574,13.000279,66.311516,681.28876,2019
Lugo,2018,9,18.21765,13.726341,31.74703,537.42145,2019
Lugo,2018,10,12.514676,8.33295,96.27195,368.35526,2019
Lugo,2018,11,8.550712,6.2967157,194.7991,171.41928,2019
Lugo,2018,12,8.272546,6.21607,82.6929,140.34927,2019
Lugo,2019,1,5.017247,3.1636322,135.54416,176.44106,2019
Lugo,2019,2,7.2424636,3.7019248,51.7194,289.25034,2019
Lugo,2019,3,8.325172,4.624733,78.43169,461.51315,2019
Lugo,2019,4,9.11685,6.059428,151.95027,499.3341,2019
Lugo,2019,5,12.529927,8.659576,52.02834,696.51935,2019
Lugo,2019,6,14.171617,10.615326,83.82353,561.8177,2019
Lugo,2019,7,18.419899,14.008588,30.443672,736.77216,2019
Lugo,2019,8,18.30461,13.936769,39.287064,610.8262,2019
Madrid,2018,9,22.588734,10.33806,17.920275,580.17633,2019
Madrid,2018,10,13.970259,6.0216036,91.13926,378.62827,2019
Madrid,2018,11,8.492125,5.4458747,80.4916,210.25587,2019
Madrid,2018,12,6.227021,2.7391746,14.719396,235.603,2019
Madrid,2019,1,3.6129513,-0.7124939,21.560507,260.2553,2019
Madrid,2019,2,7.1750364,-0.33661273,8.456303,389.13583,2019
Madrid,2019,3,10.422399,-0.6170321,13.777167,582.68005,2019
Madrid,2019,4,10.392487,3.6665893,108.232666,565.1203,2019
Madrid,2019,5,16.79189,3.8564827,9.30192,816.7839,2019
Madrid,2019,6,22.319311,4.1348395,4.4865966,873.15436,2019
Madrid,2019,7,26.54339,7.576468,6.0416718,850.5694,2019
Madrid,2019,8,24.917398,8.119962,18.434547,760.15955,2019
Murcia,2018,9,21.936447,16.719927,68.5575,519.94836,2019
Murcia,2018,10,16.204912,10.805436,59.618908,401.5698,2019
Murcia,2018,11,11.306216,7.158005,81.3691,270.0646,2019
Murcia,2018,12,9.696162,5.1269846,9.381497,290.3899,2019
Murcia,2019,1,7.723042,0.7115762,4.163561,323.24933,2019
Murcia,2019,2,9.704885,1.3829802,3.9390361,419.1536,2019
Murcia,2019,3,12.1012745,2.350987,26.329655,558.4548,2019
Murcia,2019,4,12.997523,6.073926,110.64454,606.6394,2019
Murcia,2019,5,17.812927,8.835547,12.636129,804.6066,2019
Murcia,2019,6,22.510859,9.955567,4.541777,868.6226,2019
Murcia,2019,7,26.317268,13.559863,6.3723993,851.5952,2019
Murcia,2019,8,25.700394,15.687294,17.033915,739.1802,2019
Málaga,2018,9,22.129387,16.323494,50.279106,576.03937,2019
Málaga,2018,10,16.438847,11.907513,153.31355,409.17538,2019
Málaga,2018,11,11.945936,8.630978,98.98544,295.44778,2019
Málaga,2018,12,11.031332,7.371701,12.763378,297.23947,2019
Málaga,2019,1,8.719906,4.3913965,22.839186,310.05896,2019
Málaga,2019,2,10.07512,5.053178,21.553791,414.70325,2019
Málaga,2019,3,12.479645,6.203649,25.668034,582.5471,2019
Málaga,2019,4,13.11656,7.2079926,79.293434,623.324,2019
Málaga,2019,5,18.876808,9.739628,1.7902044,871.59924,2019
Málaga,2019,6,21.30172,10.902697,1.3919827,882.2737,2019
Málaga,2019,7,24.75149,14.294824,0.4408897,875.2146,2019
Málaga,2019,8,25.316507,14.719016,5.3036714,789.64966,2019
Navarra,2018,9,18.986328,13.19331,31.065104,535.9916,2019
Navarra,2018,10,12.805168,8.584845,95.56932,340.61255,2019
Navarra,2018,11,8.528464,5.589289,97.09472,195.82578,2019
Navarra,2018,12,6.716655,4.3141007,37.280277,175.21951,2019
Navarra,2019,1,3.4771361,1.0190524,134.03763,185.44235,2019
Navarra,2019,2,6.589441,1.6389676,33.272797,328.58328,2019
Navarra,2019,3,8.353028,2.1740565,29.24985,500.0164,2019
Navarra,2019,4,9.894675,4.7875147,102.356316,533.12646,2019
Navarra,2019,5,12.072931,6.409526,85.22578,666.28436,2019
Navarra,2019,6,18.96891,9.664804,58.587574,732.1836,2019
Navarra,2019,7,21.358803,13.405872,57.874454,731.4853,2019
Navarra,2019,8,20.846115,13.721243,55.112946,664.2642,2019
Ourense,2018,9,19.171997,12.156298,27.990946,567.2293,2019
Ourense,2018,10,12.213028,6.582963,82.53067,384.12332,2019
Ourense,2018,11,7.446736,5.571485,201.79027,170.67448,2019
Ourense,2018,12,7.052161,4.99904,84.25076,149.3574,2019
Ourense,2019,1,4.0969067,1.3606617,103.360504,202.80368,2019
Ourense,2019,2,6.3305273,2.5534587,44.820045,304.08514,2019
Ourense,2019,3,8.093618,3.0018368,70.44807,496.6114,2019
Ourense,2019,4,8.484754,5.0400248,152.41556,503.39862,2019
Ourense,2019,5,12.946804,7.4701486,34.332886,753.57574,2019
Ourense,2019,6,14.275386,9.211968,61.57037,625.8008,2019
Ourense,2019,7,19.369144,13.119674,30.470234,770.64233,2019
Ourense,2019,8,18.722485,12.711134,38.882473,669.99805,2019
Palencia,2018,9,19.096497,10.092416,25.430574,572.3789,2019
Palencia,2018,10,11.638816,5.010478,40.902164,367.23364,2019
Palencia,2018,11,6.8608356,4.267659,120.020134,197.71335,2019
Palencia,2018,12,5.3206267,3.0542037,26.022913,171.01852,2019
Palencia,2019,1,2.4569314,-0.63610256,57.75422,195.74498,2019
Palencia,2019,2,5.325622,0.32017705,19.582134,326.45886,2019
Palencia,2019,3,7.6250753,0.12782717,21.925531,522.0257,2019
Palencia,2019,4,8.574171,2.8127897,90.758286,556.75653,2019
Palencia,2019,5,12.640247,3.8427093,27.247583,745.2835,2019
Palencia,2019,6,17.653645,6.592465,45.421837,749.30774,2019
Palencia,2019,7,20.922005,10.490159,46.328014,776.5221,2019
Palencia,2019,8,20.351828,10.080279,23.056421,687.3392,2019
Pontevedra,2018,9,19.617544,14.790517,24.3081,545.517,2019
Pontevedra,2018,10,13.977936,9.123932,100.4783,384.97922,2019
Pontevedra,2018,11,9.95995,8.05663,298.2186,171.71643,2019
Pontevedra,2018,12,9.60436,7.820587,128.81383,141.1617,2019
Pontevedra,2019,1,6.2269998,4.113271,123.101555,197.51186,2019
Pontevedra,2019,2,8.455068,5.14916,52.072758,292.92905,2019
Pontevedra,2019,3,9.845897,5.953318,102.47321,478.71475,2019
Pontevedra,2019,4,10.379628,7.454824,216.15065,495.54858,2019
Pontevedra,2019,5,14.173289,9.845693,41.280792,735.88306,2019
Pontevedra,2019,6,14.659495,11.145701,91.38775,620.8758,2019
Pontevedra,2019,7,19.235666,14.832306,22.584747,756.38403,2019
Pontevedra,2019,8,18.852652,14.884511,43.749058,642.63074,2019
Salamanca,2018,9,21.408932,10.008703,15.422538,576.1722,2019
Salamanca,2018,10,13.1489,5.6542363,54.48265,398.64655,2019
Salamanca,2018,11,8.060877,5.3982925,119.09467,204.6586,2019
Salamanca,2018,12,6.5233827,3.7975123,26.109646,214.18741,2019
Salamanca,2019,1,3.555714,0.3035423,34.046597,233.30217,2019
Salamanca,2019,2,6.682953,1.4229876,10.952576,357.957,2019
Salamanca,2019,3,9.1381855,1.2947128,27.518185,572.4649,2019
Salamanca,2019,4,9.756971,4.199037,86.832436,580.4306,2019
Salamanca,2019,5,15.934457,4.174643,8.090933,825.88477,2019
Salamanca,2019,6,18.513557,6.613573,19.25502,797.49176,2019
Salamanca,2019,7,23.086987,10.402733,22.547277,847.1622,2019
Salamanca,2019,8,22.445284,10.007102,20.49757,751.08203,2019
Santa Cruz de Tenerife,2018,9,20.45401,16.0454,5.855896,688.4009,2019
Santa Cruz de Tenerife,2018,10,18.490875,14.828847,62.36148,533.32526,2019
Santa Cruz de Tenerife,2018,11,15.949127,11.727611,37.047825,410.25574,2019
Santa Cruz de Tenerife,2018,12,16.133615,10.7204485,2.6456635,426.1035,2019
Santa Cruz de Tenerife,2019,1,14.054596,8.604808,13.917572,419.29184,2019
Santa Cruz de Tenerife,2019,2,14.776276,7.67748,6.616964,514.4696,2019
Santa Cruz de Tenerife,2019,3,14.475413,9.980458,41.66585,639.986,2019
Santa Cruz de Tenerife,2019,4,14.967031,10.468577,28.264627,730.27606,2019
Santa Cruz de Tenerife,2019,5,17.450022,12.704742,5.336453,846.9873,2019
Santa Cruz de Tenerife,2019,6,18.555328,13.636627,9.377957,818.12103,2019
Santa Cruz de Tenerife,2019,7,19.927887,15.53181,8.3530855,824.4461,2019
Santa Cruz de Tenerife,2019,8,21.44213,15.728912,2.2494059,800.2292,2019
Segovia,2018,9,20.0589,9.258453,29.07059,581.5415,2019
Segovia,2018,10,11.986673,4.752491,63.178516,382.77225,2019
Segovia,2018,11,7.1544366,3.8629713,92.80862,210.13481,2019
Segovia,2018,12,5.6700873,2.108217,23.551031,215.58452,2019
Segovia,2019,1,2.358885,-0.9410609,54.054207,220.11975,2019
Segovia,2019,2,5.4993043,-0.73659956,14.30415,369.7195,2019
Segovia,2019,3,8.106213,-0.99826694,14.416288,572.96515,2019
Segovia,2019,4,8.469969,2.5458198,109.296234,561.34845,2019
Segovia,2019,5,13.763324,3.2874546,19.544867,805.4376,2019
Segovia,2019,6,19.274914,4.6179056,20.42959,836.17303,2019
Segovia,2019,7,23.447443,8.269337,18.309351,840.13434,2019
Segovia,2019,8,22.447868,8.030272,15.003127,744.22577,2019
Sevilla,2018,9,25.55896,15.578725,24.740639,588.5433,2019
Sevilla,2018,10,18.694017,11.148206,112.485794,420.93195,2019
Sevilla,2018,11,13.058262,9.72818,95.031715,272.8676,2019
Sevilla,2018,12,11.22416,7.5416775,8.994443,288.758,2019
Sevilla,2019,1,9.173087,4.077545,13.909286,310.37183,2019
Sevilla,2019,2,11.758268,4.844621,17.755836,420.48672,2019
Sevilla,2019,3,15.010166,5.3725014,20.518633,594.39246,2019
Sevilla,2019,4,15.276868,7.3610477,54.152126,617.0827,2019
Sevilla,2019,5,22.633657,8.460963,0.6639316,858.8885,2019
Sevilla,2019,6,23.839367,9.545625,0.08498778,888.536,2019
Sevilla,2019,7,26.745684,13.72011,0.546676,872.247,2019
Sevilla,2019,8,28.073805,12.380318,2.4921727,806.27344,2019
Soria,2018,9,18.612362,9.436221,29.18408,564.5486,2019
Soria,2018,10,11.144756,4.641857,58.378143,372.79147,2019
Soria,2018,11,6.5004826,3.3900151,81.42492,202.54572,2019
Soria,2018,12,5.1063538,1.5914698,22.119076,210.0027,2019
Soria,2019,1,1.6769446,-2.2154236,48.17579,235.19795,2019
Soria,2019,2,4.97029,-1.589387,16.614618,368.13556,2019
Soria,2019,3,7.420126,-1.8896886,12.655049,568.07275,2019
Soria,2019,4,7.8977804,2.192801,115.381935,547.31366,2019
Soria,2019,5,11.859968,3.1741393,43.687347,776.5033,2019
Soria,2019,6,19.049593,4.4245634,26.853415,809.12616,2019
Soria,2019,7,22.112526,8.885453,40.396393,810.32996,2019
Soria,2019,8,21.30015,8.72047,26.996914,730.8519,2019
Tarragona,2018,9,21.905527,16.539362,48.6289,497.34814,2019
Tarragona,2018,10,15.996011,10.84088,162.73572,378.07254,2019
Tarragona,2018,11,10.944113,7.8096223,89.544,238.89679,2019
Tarragona,2018,12,8.79714,5.5471206,6.9411726,231.70734,2019
Tarragona,2019,1,6.02652,1.0091083,10.56219,273.60718,2019
Tarragona,2019,2,8.881199,2.6511672,6.416806,372.48904,2019
Tarragona,2019,3,11.9532,2.86846,9.0818615,561.99774,2019
Tarragona,2019,4,12.975201,5.5728445,39.110348,595.9539,2019
Tarragona,2019,5,16.306612,7.4076543,48.661037,780.6701,2019
Tarragona,2019,6,21.432495,11.290099,15.476405,817.98193,2019
Tarragona,2019,7,25.603327,16.080647,24.931826,804.598,2019
Tarragona,2019,8,24.766798,17.187212,53.87768,688.6774,2019
Teruel,2018,9,18.579588,11.306446,42.7343,521.131,2019
Teruel,2018,10,11.699426,5.6822047,127.12633,386.47586,2019
Teruel,2018,11,7.0492067,3.5379899,49.573948,230.01881,2019
Teruel,2018,12,5.8911047,1.266269,15.578638,246.28697,2019
Teruel,2019,1,2.5294187,-2.6594524,21.713524,267.9378,2019
Teruel,2019,2,5.5967526,-2.3150973,8.918921,398.9365,2019
Teruel,2019,3,8.07595,-2.007634,19.996632,572.5863,2019
Teruel,2019,4,8.5977,2.187969,80.04009,574.0727,2019
Teruel,2019,5,13.000055,3.2120528,32.35303,788.94794,2019
Teruel,2019,6,19.92201,5.2849097,14.128845,825.38245,2019
Teruel,2019,7,23.03742,9.129801,33.857685,806.45074,2019
Teruel,2019,8,22.327908,10.2575445,29.28729,720.5372,2019
Toledo,2018,9,23.65142,11.316744,13.062258,576.2832,2019
Toledo,2018,10,15.256663,7.105045,82.24315,391.9943,2019
Toledo,2018,11,9.785486,6.6023426,89.76766,225.79416,2019
Toledo,2018,12,7.042216,3.9836419,13.103742,251.35149,2019
Toledo,2019,1,4.714129,0.35565925,15.67722,279.5185,2019
Toledo,2019,2,8.177571,0.875054,10.182972,397.67377,2019
Toledo,2019,3,11.545371,0.8240544,15.069821,587.51715,2019
Toledo,2019,4,11.590565,4.9514484,96.27464,578.1207,2019
Toledo,2019,5,18.509613,4.8162265,4.374137,821.0454,2019
Toledo,2019,6,23.346855,4.773972,1.2579519,886.46295,2019
Toledo,2019,7,27.392584,8.472695,8.109851,857.6342,2019
Toledo,2019,8,26.157436,8.523726,14.787233,777.30365,2019
Valencia,2018,9,21.046942,16.672443,95.60577,484.67804,2019
Valencia,2018,10,15.460823,9.7929325,106.63504,389.19736,2019
Valencia,2018,11,10.72118,6.7124653,72.81208,244.02876,2019
Valencia,2018,12,9.0586,4.307671,8.172936,268.2338,2019
Valencia,2019,1,6.848534,-0.18468426,3.0657237,309.58942,2019
Valencia,2019,2,8.982413,0.42070833,3.9205272,402.15787,2019
Valencia,2019,3,11.855379,0.99103874,27.352203,566.0705,2019
Valencia,2019,4,12.286551,5.6762786,141.58925,569.83466,2019
Valencia,2019,5,16.693394,8.34842,28.777758,783.1108,2019
Valencia,2019,6,21.733845,9.850093,9.252771,839.4933,2019
Valencia,2019,7,25.46297,14.169414,16.590763,818.95935,2019
Valencia,2019,8,24.838125,15.558948,39.897144,710.1891,2019
Valladolid,2018,9,21.186943,9.597543,23.325598,594.2045,2019
Valladolid,2018,10,13.084936,5.178708,35.877422,384.67178,2019
Valladolid,2018,11,8.237146,4.953544,92.42572,207.79103,2019
Valladolid,2018,12,5.903007,3.6635935,20.753126,187.73349,2019
Valladolid,2019,1,3.163749,0.06709151,35.43704,209.64207,2019
Valladolid,2019,2,6.45381,0.59605545,8.730102,349.13342,2019
Valladolid,2019,3,9.276098,-0.1808,13.799519,558.1193,2019
Valladolid,2019,4,10.115454,3.3267684,80.427795,586.0308,2019
Valladolid,2019,5,15.369071,3.0434988,10.828618,805.261,2019
Valladolid,2019,6,19.977114,5.609883,24.840832,807.9551,2019
Valladolid,2019,7,23.643064,9.978424,34.092045,835.95013,2019
Valladolid,2019,8,22.952568,9.23961,14.913523,744.7356,2019
Zamora,2018,9,20.826935,9.516824,17.03966,592.9283,2019
Zamora,2018,10,12.951324,4.9613867,39.99966,395.58444,2019
Zamora,2018,11,7.69264,5.032257,111.00022,191.26846,2019
Zamora,2018,12,6.095385,3.8503897,27.777151,176.67545,2019
Zamora,2019,1,3.306113,-0.08930751,29.367582,224.08739,2019
Zamora,2019,2,6.4148254,1.007843,13.204028,340.29276,2019
Zamora,2019,3,9.001722,0.4382455,24.330715,549.3477,2019
Zamora,2019,4,9.756273,3.3181632,69.48466,590.3862,2019
Zamora,2019,5,15.458038,3.2726483,9.762244,816.8565,2019
Zamora,2019,6,18.089437,6.5085754,34.362366,766.2706,2019
Zamora,2019,7,22.712765,10.41371,34.180195,834.4834,2019
Zamora,2019,8,21.952457,9.7053,19.716105,736.93915,2019
Zaragoza,2018,9,21.202354,12.404035,26.670889,550.4426,2019
Zaragoza,2018,10,14.030733,7.933466,91.08866,374.6361,2019
Zaragoza,2018,11,9.152501,5.812611,68.24857,214.10352,2019
Zaragoza,2018,12,7.191834,3.7100303,18.49522,221.14474,2019
Zaragoza,2019,1,4.4685907,-0.1504614,34.43194,248.04848,2019
Zaragoza,2019,2,7.654751,0.66086465,9.556033,371.1914,2019
Zaragoza,2019,3,10.394943,0.16378395,10.740622,565.1662,2019
Zaragoza,2019,4,11.402648,3.8381054,63.864483,587.3661,2019
Zaragoza,2019,5,15.075135,4.473967,42.49147,788.1625,2019
Zaragoza,2019,6,22.352978,6.603336,18.84511,811.46606,2019
Zaragoza,2019,7,25.075462,11.219573,34.653652,817.55054,2019
Zaragoza,2019,8,24.264423,12.0192375,31.437248,730.2626,2019
Álava,2018,9,17.935728,13.303778,27.699598,515.66235,2019
Álava,2018,10,11.9268675,8.342926,103.18018,318.8004,2019
Álava,2018,11,8.135795,5.1548805,95.29192,204.86562,2019
Álava,2018,12,6.53719,4.195867,27.370035,166.03645,2019
Álava,2019,1,3.3659613,1.6359665,147.09871,154.93884,2019
Álava,2019,2,6.132448,2.1220362,36.644672,312.66483,2019
Álava,2019,3,7.7066092,2.755021,33.17321,472.5769,2019
Álava,2019,4,9.074471,4.7685637,98.65575,512.6636,2019
Álava,2019,5,11.162822,6.751948,62.527637,622.15106,2019
Álava,2019,6,16.667706,10.514628,57.19298,690.70404,2019
Álava,2019,7,19.38963,13.851959,65.84853,674.0019,2019
Álava,2019,8,19.129475,13.839968,42.474358,621.9319,2019
Ávila,2018,9,20.003864,9.585002,33.084373,566.851,2019
Ávila,2018,10,11.690215,5.1440134,95.115395,387.87195,2019
Ávila,2018,11,6.939109,3.9457297,101.27086,215.12604,2019
Ávila,2018,12,5.905629,1.581525,19.33778,238.98994,2019
Ávila,2019,1,2.5286846,-1.56448,38.421444,245.93736,2019
Ávila,2019,2,5.6716747,-0.6371633,11.621967,378.28574,2019
Ávila,2019,3,8.074007,-0.5927591,25.526373,589.5568,2019
Ávila,2019,4,8.250779,2.7102134,106.31847,580.4719,2019
Ávila,2019,5,14.567445,3.1278088,11.260702,817.62726,2019
Ávila,2019,6,18.727095,4.4083676,11.839511,861.64825,2019
Ávila,2019,7,22.975445,8.018905,13.843032,852.86176,2019
Ávila,2019,8,21.963335,8.14569,23.27421,755.2256,2019
A Coruña,2019,9,17.426985,13.490085,47.170444,476.7252,2020
A Coruña,2019,10,14.431255,11.997426,179.54779,272.053,2020
A Coruña,2019,11,10.614084,8.565047,342.05988,136.55933,2020
A Coruña,2019,12,9.447563,7.2260447,219.53894,144.89432,2020
A Coruña,2020,1,8.683429,6.385645,168.56566,174.11098,2020
A Coruña,2020,2,10.474515,8.060753,56.686546,252.19951,2020
A Coruña,2020,3,9.996838,7.092856,119.58909,435.6005,2020
A Coruña,2020,4,12.0398655,9.637198,130.55908,415.52466,2020
A Coruña,2020,5,15.706182,12.250824,53.72158,704.30115,2020
A Coruña,2020,6,15.572442,12.529544,61.65055,603.2824,2020
A Coruña,2020,7,19.032454,14.35358,4.265773,816.543,2020
A Coruña,2020,8,18.433012,15.277632,92.47011,568.78,2020
Albacete,2019,9,19.483767,12.320694,83.559105,497.8949,2020
Albacete,2019,10,15.946563,7.8055725,36.10745,448.3112,2020
Albacete,2019,11,8.705315,4.210911,44.58253,255.25388,2020
Albacete,2019,12,7.867115,4.6131253,88.35046,225.28644,2020
Albacete,2020,1,5.45748,2.039768,57.837708,262.10056,2020
Albacete,2020,2,9.917889,4.3507104,4.345686,387.32254,2020
Albacete,2020,3,9.65391,3.979393,115.52425,437.71432,2020
Albacete,2020,4,11.580654,6.9457407,68.72659,540.85266,2020
Albacete,2020,5,17.349842,8.614159,57.661957,764.49854,2020
Albacete,2020,6,21.424246,7.8644547,19.292953,837.197,2020
Albacete,2020,7,25.96964,11.480512,13.981464,835.8792,2020
Albacete,2020,8,25.74133,8.859663,8.413554,787.03735,2020
Alicante,2019,9,21.600065,17.354263,191.76926,496.76962,2020
Alicante,2019,10,18.305744,12.398945,62.920223,448.24304,2020
Alicante,2019,11,12.670823,5.4400253,21.528715,323.43503,2020
Alicante,2019,12,11.317085,7.2348876,69.81174,243.58592,2020
Alicante,2020,1,8.888842,5.1351795,107.76847,288.51593,2020
Alicante,2020,2,12.45559,6.8060994,1.8910612,402.77142,2020
Alicante,2020,3,12.771307,6.445859,98.451324,480.90063,2020
Alicante,2020,4,13.938676,9.417217,65.70487,593.75366,2020
Alicante,2020,5,19.488369,11.428349,49.62171,796.06854,2020
Alicante,2020,6,22.131697,13.645986,50.75882,809.61566,2020
Alicante,2020,7,25.796955,16.404371,4.717267,829.7537,2020
Alicante,2020,8,26.299057,16.314442,11.1424265,755.89233,2020
Almería,2019,9,20.612305,15.132699,108.49903,548.1754,2020
Almería,2019,10,17.341366,9.841728,31.874454,486.01834,2020
Almería,2019,11,11.257267,5.0866237,28.676664,316.12033,2020
Almería,2019,12,10.139511,5.3015018,53.977654,266.0279,2020
Almería,2020,1,7.8836236,3.3746474,51.46899,308.96127,2020
Almería,2020,2,11.533538,4.9717984,2.494666,427.99515,2020
Almería,2020,3,11.766056,5.1978045,77.85443,499.26746,2020
Almería,2020,4,12.749387,8.103935,60.86411,588.6055,2020
Almería,2020,5,18.583519,8.93009,38.349205,814.1059,2020
Almería,2020,6,21.814856,10.095946,14.248044,853.9007,2020
Almería,2020,7,25.509289,14.154416,6.3898144,849.44415,2020
Almería,2020,8,25.672312,12.796608,6.647503,783.89636,2020
Asturias,2019,9,15.385098,12.264761,79.208855,469.8003,2020
Asturias,2019,10,12.824816,9.738946,167.189,302.0553,2020
Asturias,2019,11,7.60159,5.2005053,311.47244,157.45282,2020
Asturias,2019,12,7.1131816,3.9308505,231.76662,151.04384,2020
Asturias,2020,1,6.124244,3.0032415,83.44514,188.77768,2020
Asturias,2020,2,8.585555,4.7853303,50.758644,285.57394,2020
Asturias,2020,3,7.6443124,4.7324305,120.84396,441.95233,2020
Asturias,2020,4,10.641501,7.9494376,148.18079,451.69196,2020
Asturias,2020,5,14.366753,10.992213,90.23151,681.0862,2020
Asturias,2020,6,14.319395,11.478261,118.43622,601.5353,2020
Asturias,2020,7,17.607126,14.293635,27.968086,765.3857,2020
Asturias,2020,8,17.530481,14.141351,126.35987,588.13153,2020
Badajoz,2019,9,23.35604,9.817744,16.197378,600.3404,2020
Badajoz,2019,10,18.312138,9.26345,22.237183,435.01953,2020
Badajoz,2019,11,11.503823,7.6495056,59.815067,224.06297,2020
Badajoz,2019,12,10.611533,7.375257,101.445175,213.04277,2020
Badajoz,2020,1,8.4489,5.021541,42.307003,249.8926,2020
Badajoz,2020,2,12.010302,7.442884,2.9201963,362.62006,2020
Badajoz,2020,3,12.607819,6.504739,77.6272,494.0739,2020
Badajoz,2020,4,14.015245,9.515264,88.99306,496.37228,2020
Badajoz,2020,5,20.335043,11.222792,38.978233,761.92523,2020
Badajoz,2020,6,22.554935,9.172725,3.6214414,826.53577,2020
Badajoz,2020,7,29.952518,10.188141,4.3425493,897.54193,2020
Badajoz,2020,8,26.81486,9.844757,6.1509204,809.25696,2020
Barcelona,2019,9,19.038097,14.282548,103.88394,497.62125,2020
Barcelona,2019,10,15.416969,11.941832,168.59601,356.47958,2020
Barcelona,2019,11,8.115373,4.2329936,36.12048,264.7999,2020
Barcelona,2019,12,7.8153605,4.9059544,85.66435,211.90926,2020
Barcelona,2020,1,5.6770253,2.6657805,144.05864,231.39046,2020
Barcelona,2020,2,8.920729,5.5808225,12.661161,333.9524,2020
Barcelona,2020,3,9.039718,4.9144335,72.46638,432.52136,2020
Barcelona,2020,4,11.805698,8.261851,132.4631,500.94366,2020
Barcelona,2020,5,16.81841,12.312342,71.44874,698.82654,2020
Barcelona,2020,6,17.99165,14.277841,136.6696,650.70654,2020
Barcelona,2020,7,22.348827,17.20125,69.45405,751.91565,2020
Barcelona,2020,8,22.700802,17.206707,82.017044,661.562,2020
Bizkaia,2019,9,17.527252,13.600338,74.43611,466.62195,2020
Bizkaia,2019,10,15.486667,11.401354,136.6976,304.53253,2020
Bizkaia,2019,11,10.032018,6.6255627,283.1985,157.4454,2020
Bizkaia,2019,12,9.390964,5.944645,124.07897,161.77325,2020
Bizkaia,2020,1,8.032614,4.524576,53.79653,186.75148,2020
Bizkaia,2020,2,10.309645,6.6962266,53.97259,262.48773,2020
Bizkaia,2020,3,9.3208065,5.97777,135.25584,412.1694,2020
Bizkaia,2020,4,12.962253,9.586139,109.42929,472.1419,2020
Bizkaia,2020,5,15.900163,12.204879,82.11327,667.8978,2020
Bizkaia,2020,6,16.027496,12.75984,95.24076,592.47186,2020
Bizkaia,2020,7,18.893658,14.88779,26.247953,705.0034,2020
Bizkaia,2020,8,19.912281,15.249234,69.0799,579.5031,2020
Burgos,2019,9,15.988433,9.139161,38.988018,515.88367,2020
Burgos,2019,10,13.119068,7.7074566,85.47926,339.23465,2020
Burgos,2019,11,6.220228,3.8356335,130.12526,163.16537,2020
Burgos,2019,12,5.6273527,2.792732,89.77647,157.82556,2020
Burgos,2020,1,3.8533041,1.2949038,42.17881,189.74013,2020
Burgos,2020,2,7.2242703,3.647974,19.507643,276.398,2020
Burgos,2020,3,7.0113783,2.7790601,78.5187,446.03854,2020
Burgos,2020,4,10.424528,6.893109,128.04509,473.1807,2020
Burgos,2020,5,14.577961,8.950654,72.97872,702.5166,2020
Burgos,2020,6,15.47655,9.692631,73.04326,658.3061,2020
Burgos,2020,7,19.899445,11.20584,19.242546,809.2364,2020
Burgos,2020,8,19.676155,10.62993,43.70596,671.23975,2020
Cantabria,2019,9,15.7894335,12.267078,82.59581,458.10294,2020
Cantabria,2019,10,13.496659,9.980893,166.08846,301.16296,2020
Cantabria,2019,11,7.6264,5.026138,213.72002,166.7259,2020
Cantabria,2019,12,7.32553,4.084474,128.792,160.5424,2020
Cantabria,2020,1,6.008338,3.1250594,61.608856,187.35838,2020
Cantabria,2020,2,8.628509,5.241177,46.44289,276.6691,2020
Cantabria,2020,3,7.7892375,4.7601137,112.74154,432.398,2020
Cantabria,2020,4,11.247778,8.231168,163.53096,443.65344,2020
Cantabria,2020,5,14.717904,10.620413,76.43044,662.2939,2020
Cantabria,2020,6,14.752674,11.633995,112.55515,567.0301,2020
Cantabria,2020,7,17.975903,13.911419,25.538925,706.04425,2020
Cantabria,2020,8,18.406572,14.139491,95.34545,560.65155,2020
Castellón,2019,9,19.782948,13.504847,59.05342,497.085,2020
Castellón,2019,10,16.612928,10.053619,57.143356,414.20187,2020
Castellón,2019,11,10.620398,3.404305,19.352413,289.97607,2020
Castellón,2019,12,9.387935,4.409387,70.756615,222.32861,2020
Castellón,2020,1,6.872168,2.6983638,144.29814,254.79707,2020
Castellón,2020,2,10.492657,4.888831,2.112548,379.74677,2020
Castellón,2020,3,10.344086,4.918163,137.05743,436.01694,2020
Castellón,2020,4,12.147934,8.28785,112.07298,526.14703,2020
Castellón,2020,5,17.45311,11.439372,70.97625,741.1946,2020
Castellón,2020,6,19.274387,13.072034,98.893684,737.4816,2020
Castellón,2020,7,23.367619,15.471358,23.859852,792.5715,2020
Castellón,2020,8,23.896603,15.337267,25.394083,718.72815,2020
Ciudad Real,2019,9,21.5494,9.908369,44.56457,547.1016,2020
Ciudad Real,2019,10,17.159864,7.815908,32.40257,443.00742,2020
Ciudad Real,2019,11,9.179054,5.644041,70.763405,208.45961,2020
Ciudad Real,2019,12,8.384501,5.4208546,100.62262,209.82687,2020
Ciudad Real,2020,1,6.3665223,2.8888676,33.305077,257.08133,2020
Ciudad Real,2020,2,10.636802,5.5366054,4.94724,374.95428,2020
Ciudad Real,2020,3,10.97756,4.5665445,76.679504,485.83105,2020
Ciudad Real,2020,4,12.931381,7.9762816,83.540085,510.0381,2020
Ciudad Real,2020,5,19.197897,8.887484,50.92784,770.2122,2020
Ciudad Real,2020,6,22.866116,6.7227807,7.521067,853.31793,2020
Ciudad Real,2020,7,29.148104,8.474946,10.85545,864.3117,2020
Ciudad Real,2020,8,26.631865,7.518107,23.046068,796.0603,2020
Cuenca,2019,9,18.856333,9.661625,54.360867,522.564,2020
Cuenca,2019,10,14.778112,7.1193886,44.604942,422.3996,2020
Cuenca,2019,11,7.137073,3.6837888,83.654335,220.65375,2020
Cuenca,2019,12,6.399089,3.3624573,91.02271,206.165,2020
Cuenca,2020,1,4.4036217,1.0890834,35.580418,237.23183,2020
Cuenca,2020,2,8.461101,3.3822327,5.1633644,363.75034,2020
Cuenca,2020,3,8.361874,3.3650472,138.7418,425.53568,2020
Cuenca,2020,4,10.701006,6.447015,81.73778,514.9045,2020
Cuenca,2020,5,16.412464,8.118178,55.984146,758.71875,2020
Cuenca,2020,6,19.912962,7.293716,27.63398,820.8875,2020
Cuenca,2020,7,25.005133,10.328723,19.097357,839.3781,2020
Cuenca,2020,8,24.048843,8.565009,16.319553,784.55444,2020
Cáceres,2019,9,22.171885,9.884018,30.247334,587.9423,2020
Cáceres,2019,10,17.257055,9.482023,48.10263,413.2763,2020
Cáceres,2019,11,10.599087,7.1894155,95.89284,196.85612,2020
Cáceres,2019,12,9.594947,6.161001,162.2507,201.89378,2020
Cáceres,2020,1,7.472942,4.1911287,66.30345,221.82079,2020
Cáceres,2020,2,11.051892,6.715324,6.588618,346.75366,2020
Cáceres,2020,3,11.760156,6.0807304,78.1022,479.87207,2020
Cáceres,2020,4,13.443204,9.166967,112.48433,487.7335,2020
Cáceres,2020,5,19.392498,11.30799,48.454617,742.8473,2020
Cáceres,2020,6,22.074419,9.119202,3.9708412,820.1254,2020
Cáceres,2020,7,29.428276,9.562127,3.6711948,888.4089,2020
Cáceres,2020,8,26.200594,9.687664,8.936761,791.2627,2020
Cádiz,2019,9,23.344402,15.709787,24.976858,594.3928,2020
Cádiz,2019,10,19.403532,12.670945,18.257195,488.45367,2020
Cádiz,2019,11,13.914686,10.035165,89.55963,278.11688,2020
Cádiz,2019,12,13.000968,9.434365,91.508484,266.5473,2020
Cádiz,2020,1,10.876075,7.7293115,52.55692,301.32895,2020
Cádiz,2020,2,14.075871,9.391968,3.2670937,427.7983,2020
Cádiz,2020,3,14.115872,8.703952,108.285355,528.26324,2020
Cádiz,2020,4,15.1428995,11.011635,68.68432,586.3138,2020
Cádiz,2020,5,19.884062,12.747196,52.923454,801.58325,2020
Cádiz,2020,6,21.872484,13.534374,9.674599,846.5567,2020
Cádiz,2020,7,27.006979,16.451002,0.48821935,886.6126,2020
Cádiz,2020,8,26.138433,15.740106,2.332677,804.6896,2020
Córdoba,2019,9,23.362144,11.658503,31.967937,566.8532,2020
Córdoba,2019,10,18.798681,9.00913,24.978687,458.41965,2020
Córdoba,2019,11,11.2992525,7.1441536,68.980644,227.05412,2020
Córdoba,2019,12,10.399811,6.8786125,95.77596,233.40866,2020
Córdoba,2020,1,8.280594,4.6152825,39.174915,269.50845,2020
Córdoba,2020,2,12.515262,7.113643,3.513377,398.08487,2020
Córdoba,2020,3,12.966901,6.17073,70.25402,506.4269,2020
Córdoba,2020,4,14.1932955,9.309897,82.452675,499.92126,2020
Córdoba,2020,5,20.617153,10.468888,40.774605,778.83075,2020
Córdoba,2020,6,23.834179,9.071511,5.7765427,860.1306,2020
Córdoba,2020,7,30.196701,11.41109,1.1595783,887.7096,2020
Córdoba,2020,8,27.786592,10.196162,13.931895,806.2023,2020
Gipuzkoa,2019,9,17.232952,13.337089,50.626846,475.8619,2020
Gipuzkoa,2019,10,14.948861,11.253815,159.72133,302.593,2020
Gipuzkoa,2019,11,8.943623,6.3673844,287.62677,152.91498,2020
Gipuzkoa,2019,12,8.502483,5.5787215,154.60133,162.52412,2020
Gipuzkoa,2020,1,6.923892,3.8811674,70.143524,191.50795,2020
Gipuzkoa,2020,2,9.606154,6.255257,56.39294,257.97855,2020
Gipuzkoa,2020,3,8.705786,5.532823,159.35149,406.26212,2020
Gipuzkoa,2020,4,12.693801,9.040613,120.20632,476.7503,2020
Gipuzkoa,2020,5,15.874331,11.971655,95.25984,661.7624,2020
Gipuzkoa,2020,6,15.766044,12.80271,114.90278,590.3832,2020
Gipuzkoa,2020,7,18.487036,14.656269,31.638369,694.726,2020
Gipuzkoa,2020,8,19.716461,15.035354,71.49611,579.58307,2020
Girona,2019,9,18.960781,13.532263,136.72864,476.4147,2020
Girona,2019,10,15.598285,12.109683,209.20905,352.57208,2020
Girona,2019,11,8.5499525,4.7656255,49.537895,252.55565,2020
Girona,2019,12,8.218642,5.1108565,98.79169,204.53851,2020
Girona,2020,1,6.3701096,3.0898724,221.94035,219.57971,2020
Girona,2020,2,9.088891,5.39554,21.791285,319.78683,2020
Girona,2020,3,9.008121,5.122159,83.303764,418.15506,2020
Girona,2020,4,11.939329,8.614974,165.57846,484.3262,2020
Girona,2020,5,16.952816,12.196665,75.779015,688.49304,2020
Girona,2020,6,17.885399,13.992756,170.34338,601.9713,2020
Girona,2020,7,22.326113,16.810146,85.836,725.44635,2020
Girona,2020,8,22.559137,16.79979,98.22383,647.3489,2020
Granada,2019,9,19.414396,10.898066,63.4197,554.4955,2020
Granada,2019,10,15.858609,5.987546,25.835514,495.06174,2020
Granada,2019,11,7.9259014,4.199087,75.49528,271.78168,2020
Granada,2019,12,7.7356687,3.1914604,76.07412,260.11246,2020
Granada,2020,1,5.762787,1.3388854,46.4499,293.2218,2020
Granada,2020,2,10.112533,2.8666246,2.5248032,431.87198,2020
Granada,2020,3,9.621116,3.4828696,81.41291,495.52963,2020
Granada,2020,4,10.910065,6.622391,90.21138,549.71875,2020
Granada,2020,5,16.96194,7.838944,56.24374,797.41003,2020
Granada,2020,6,20.511797,7.2154503,11.017091,863.71423,2020
Granada,2020,7,25.95043,10.53856,12.6355295,859.5081,2020
Granada,2020,8,25.12181,8.516689,10.545156,797.7258,2020
Guadalajara,2019,9,17.511627,7.4836454,56.96784,552.0437,2020
Guadalajara,2019,10,13.636281,6.4756637,41.345924,397.2713,2020
Guadalajara,2019,11,6.0212393,3.0236785,88.00469,198.16579,2020
Guadalajara,2019,12,5.547668,2.2346122,78.69144,192.62787,2020
Guadalajara,2020,1,3.5150318,0.29286566,38.029755,219.6864,2020
Guadalajara,2020,2,7.3136296,2.4703982,6.1638618,340.1108,2020
Guadalajara,2020,3,7.440892,2.4595292,121.90958,427.17834,2020
Guadalajara,2020,4,10.0248375,6.057599,113.198944,495.83652,2020
Guadalajara,2020,5,15.775803,7.638156,71.56053,746.48206,2020
Guadalajara,2020,6,18.221317,7.274344,38.754955,760.5069,2020
Guadalajara,2020,7,23.97224,7.940686,16.39869,844.7348,2020
Guadalajara,2020,8,22.476894,7.4061375,17.567427,766.04504,2020
Huelva,2019,9,24.267374,12.516661,11.200287,608.5584,2020
Huelva,2019,10,19.461897,10.904262,18.346905,459.83392,2020
Huelva,2019,11,13.538576,9.006744,44.283245,262.3586,2020
Huelva,2019,12,12.586353,8.7186775,97.652176,243.90909,2020
Huelva,2020,1,10.311695,6.7213063,47.701496,275.26584,2020
Huelva,2020,2,13.832015,8.734809,1.7774761,396.20773,2020
Huelva,2020,3,14.081977,7.814249,69.724556,509.44012,2020
Huelva,2020,4,15.182075,10.749608,90.25282,528.3608,2020
Huelva,2020,5,20.933352,12.587706,40.79679,783.76013,2020
Huelva,2020,6,22.88011,11.166544,5.5568666,830.4262,2020
Huelva,2020,7,28.904844,14.056286,2.2303402,897.87964,2020
Huelva,2020,8,26.955832,12.273797,0.44161382,818.42194,2020
Huesca,2019,9,18.304596,9.00471,31.945318,559.04865,2020
Huesca,2019,10,13.636298,8.048812,105.06353,372.95328,2020
Huesca,2019,11,5.5014224,2.2916102,120.95404,231.55644,2020
Huesca,2019,12,5.467601,2.525653,121.81457,196.9934,2020
Huesca,2020,1,3.788874,0.5102259,73.680244,231.61778,2020
Huesca,2020,2,7.228269,2.788935,9.020705,347.9945,2020
Huesca,2020,3,7.3050175,2.7897756,124.35136,437.71585,2020
Huesca,2020,4,10.850327,6.4975824,109.47748,510.2326,2020
Huesca,2020,5,16.012417,9.874187,126.84285,712.26556,2020
Huesca,2020,6,16.98314,10.707947,108.69733,712.50507,2020
Huesca,2020,7,22.637877,12.101169,26.48823,823.162,2020
Huesca,2020,8,22.275501,10.94014,39.039806,719.04663,2020
Illes Balears,2019,9,23.632404,18.250658,40.699867,545.4802,2020
Illes Balears,2019,10,20.687296,15.540585,80.76202,419.7818,2020
Illes Balears,2019,11,14.793878,9.589531,74.00779,268.71957,2020
Illes Balears,2019,12,13.734806,10.251629,61.64771,235.72139,2020
Illes Balears,2020,1,12.130808,9.160303,84.441765,261.3267,2020
Illes Balears,2020,2,13.253719,9.648284,1.0135933,374.5461,2020
Illes Balears,2020,3,13.62307,8.751675,39.841812,521.1462,2020
Illes Balears,2020,4,15.790153,11.954863,91.053276,624.00323,2020
Illes Balears,2020,5,20.05454,14.145298,17.192898,798.68384,2020
Illes Balears,2020,6,22.434792,16.324871,27.962542,791.08075,2020
Illes Balears,2020,7,25.917788,18.315754,4.1015015,816.1975,2020
Illes Balears,2020,8,26.560144,19.71117,8.356145,716.5712,2020
Jaén,2019,9,21.681171,11.049872,53.92801,543.1055,2020
Jaén,2019,10,17.522007,7.3529105,30.706318,469.05862,2020
Jaén,2019,11,9.207476,5.836564,116.33116,213.04395,2020
Jaén,2019,12,8.795026,5.0478454,101.1312,237.81882,2020
Jaén,2020,1,6.538398,2.8028634,39.580116,275.26874,2020
Jaén,2020,2,11.039237,5.135732,5.3257895,403.6769,2020
Jaén,2020,3,11.195951,4.7627034,74.084236,484.92557,2020
Jaén,2020,4,12.962351,7.878095,86.02247,518.80884,2020
Jaén,2020,5,19.185263,8.998366,51.37634,774.2173,2020
Jaén,2020,6,22.747086,7.813637,14.020946,851.1176,2020
Jaén,2020,7,28.939896,9.795122,10.783727,857.8765,2020
Jaén,2020,8,27.166512,8.021792,16.803009,799.1888,2020
La Rioja,2019,9,16.089714,9.430047,44.639507,524.095,2020
La Rioja,2019,10,13.28653,7.7313914,76.307846,358.0107,2020
La Rioja,2019,11,6.489955,3.4011817,105.12273,188.85995,2020
La Rioja,2019,12,6.2262454,2.3033001,67.30353,181.34042,2020
La Rioja,2020,1,4.09563,0.9471365,49.675198,209.16022,2020
La Rioja,2020,2,7.3841295,3.2147334,14.157688,293.63254,2020
La Rioja,2020,3,6.7658715,2.7853088,113.02691,434.9985,2020
La Rioja,2020,4,10.3787775,6.803657,153.66205,474.70267,2020
La Rioja,2020,5,14.977748,8.96755,70.865555,704.3161,2020
La Rioja,2020,6,15.558521,10.219916,108.45949,664.56805,2020
La Rioja,2020,7,19.42877,11.993166,33.533405,800.4818,2020
La Rioja,2020,8,19.867115,11.033619,38.553734,681.95447,2020
Las Palmas,2019,9,21.975906,17.488909,1.9442129,672.4177,2020
Las Palmas,2019,10,21.50325,16.07346,6.2266665,564.268,2020
Las Palmas,2019,11,19.0474,14.076453,8.533689,420.03598,2020
Las Palmas,2019,12,17.494461,11.873765,15.970584,400.35526,2020
Las Palmas,2020,1,16.244087,8.972282,5.7170873,435.00967,2020
Las Palmas,2020,2,18.064966,11.499716,1.1172425,523.0105,2020
Las Palmas,2020,3,17.019697,11.58866,18.4652,641.7835,2020
Las Palmas,2020,4,18.178362,12.752967,12.83836,720.6387,2020
Las Palmas,2020,5,19.927052,14.198138,4.871887,830.0132,2020
Las Palmas,2020,6,21.457184,16.218542,5.3078794,791.9568,2020
Las Palmas,2020,7,22.398603,17.37117,2.8944428,826.65704,2020
Las Palmas,2020,8,22.937216,17.529116,2.6109307,771.81604,2020
León,2019,9,15.555905,8.489652,43.22299,515.2461,2020
León,2019,10,11.740114,7.073083,104.142296,327.20526,2020
León,2019,11,5.0479236,3.1084802,175.15422,167.2278,2020
León,2019,12,4.603226,1.9000859,194.95448,150.82906,2020
León,2020,1,3.4533057,0.7210265,52.428333,183.26895,2020
León,2020,2,6.5681562,2.80276,23.425894,292.62256,2020
León,2020,3,6.599975,2.0733159,86.86931,465.99747,2020
León,2020,4,9.341502,5.8325577,133.00307,457.62198,2020
León,2020,5,14.252858,8.39469,71.05025,697.6914,2020
León,2020,6,14.563714,8.632965,58.055664,642.02655,2020
León,2020,7,20.70432,10.855878,13.068086,836.1463,2020
León,2020,8,18.48584,10.348353,49.358067,658.48334,2020
Lleida,2019,9,17.72145,10.036259,45.9658,539.42004,2020
Lleida,2019,10,13.563964,8.184436,106.327194,373.18347,2020
Lleida,2019,11,5.16549,1.5603486,67.88271,253.45132,2020
Lleida,2019,12,5.202332,2.013875,93.49162,203.71541,2020
Lleida,2020,1,3.4878623,-0.19846757,79.96375,234.32147,2020
Lleida,2020,2,6.9043555,2.4427054,6.522305,352.95898,2020
Lleida,2020,3,7.0334954,2.335099,89.71701,445.9139,2020
Lleida,2020,4,10.2814045,6.04074,117.2309,510.93674,2020
Lleida,2020,5,15.46265,9.695183,103.03828,708.4833,2020
Lleida,2020,6,16.693193,11.061105,143.98059,679.26764,2020
Lleida,2020,7,21.678278,13.181276,51.550407,801.0006,2020
Lleida,2020,8,21.467495,12.387071,81.41061,700.93097,2020
Lugo,2019,9,16.261118,12.024534,43.192112,470.1955,2020
Lugo,2019,10,13.046775,10.160989,179.42337,277.6772,2020
Lugo,2019,11,8.25341,6.7358255,326.92273,127.943954,2020
Lugo,2019,12,7.296687,5.1595964,261.01187,143.93521,2020
Lugo,2020,1,6.4113913,3.9437826,108.48853,179.18448,2020
Lugo,2020,2,8.832685,5.94188,53.8433,264.6606,2020
Lugo,2020,3,8.274235,5.462841,138.18398,425.82016,2020
Lugo,2020,4,10.926728,8.205889,124.81169,419.29108,2020
Lugo,2020,5,15.0901,11.280673,74.106606,698.3119,2020
Lugo,2020,6,14.8046465,11.580776,75.49737,587.7301,2020
Lugo,2020,7,19.109283,13.803577,6.5939426,829.0683,2020
Lugo,2020,8,17.987568,13.878984,92.44064,585.703,2020
Madrid,2019,9,19.632833,8.78566,61.837055,559.16583,2020
Madrid,2019,10,15.1195545,7.898874,42.12035,411.12454,2020
Madrid,2019,11,7.936982,4.426018,67.47844,206.36314,2020
Madrid,2019,12,7.0096183,3.5778399,97.35938,194.90382,2020
Madrid,2020,1,4.92141,1.4533982,38.267063,223.27707,2020
Madrid,2020,2,8.681355,3.9138615,3.8558505,339.4514,2020
Madrid,2020,3,9.431628,3.58004,87.62365,451.06415,2020
Madrid,2020,4,11.69383,7.19947,102.41127,514.66003,2020
Madrid,2020,5,17.765617,8.482698,43.824306,764.4826,2020
Madrid,2020,6,20.78266,7.252196,22.555933,803.17773,2020
Madrid,2020,7,26.840717,8.316654,10.042488,861.7681,2020
Madrid,2020,8,24.539478,8.055015,16.417868,772.1054,2020
Murcia,2019,9,21.166063,16.203163,172.11815,507.81363,2020
Murcia,2019,10,17.543837,11.119922,41.172462,458.84225,2020
Murcia,2019,11,11.567162,5.093872,19.945843,320.68835,2020
Murcia,2019,12,10.245855,6.14585,62.45351,249.63683,2020
Murcia,2020,1,7.6340795,3.866936,70.607956,294.34763,2020
Murcia,2020,2,11.549456,6.087019,2.690599,404.22214,2020
Murcia,2020,3,12.030095,5.730768,98.82201,463.75058,2020
Murcia,2020,4,13.329226,8.64549,58.406445,578.87976,2020
Murcia,2020,5,18.92642,10.481649,45.771103,792.6996,2020
Murcia,2020,6,22.189882,11.627036,24.543703,827.5136,2020
Murcia,2020,7,25.815832,14.910927,4.320904,839.7436,2020
Murcia,2020,8,26.14709,13.895275,7.2328687,768.538,2020
Málaga,2019,9,21.548656,14.917114,51.736195,576.6654,2020
Málaga,2019,10,17.971962,10.635061,16.958298,495.13318,2020
Málaga,2019,11,11.811151,7.6682615,79.25897,276.50092,2020
Málaga,2019,12,11.03457,7.447672,90.2123,259.8695,2020
Málaga,2020,1,9.170007,6.07289,66.34776,289.80444,2020
Málaga,2020,2,12.383915,7.823535,2.3410323,431.16766,2020
Málaga,2020,3,12.389289,7.1659136,110.012314,515.44403,2020
Málaga,2020,4,13.135503,9.553331,79.87398,555.62897,2020
Málaga,2020,5,18.286436,11.69802,50.862995,796.9058,2020
Málaga,2020,6,21.422054,11.463738,8.233312,860.0602,2020
Málaga,2020,7,25.890614,15.846357,0.49145758,884.47906,2020
Málaga,2020,8,25.641132,14.200207,7.1780915,803.2582,2020
Navarra,2019,9,17.688906,11.276882,28.82436,514.95593,2020
Navarra,2019,10,14.344719,9.56229,108.10645,337.51984,2020
Navarra,2019,11,7.450238,4.744091,166.14778,174.51004,2020
Navarra,2019,12,6.9437056,4.1787457,109.67365,178.69305,2020
Navarra,2020,1,5.0711384,2.391493,61.0445,208.25414,2020
Navarra,2020,2,8.228888,4.695297,23.72192,281.807,2020
Navarra,2020,3,7.8809023,4.1965933,133.6762,413.73138,2020
Navarra,2020,4,11.890096,7.762284,107.93657,491.42508,2020
Navarra,2020,5,16.209633,10.657648,86.11994,694.1857,2020
Navarra,2020,6,16.66792,11.39753,80.18122,644.4877,2020
Navarra,2020,7,20.551193,13.044569,16.002142,774.8199,2020
Navarra,2020,8,21.17861,12.56831,30.524418,657.7226,2020
Ourense,2019,9,16.59482,10.517005,42.81149,510.50974,2020
Ourense,2019,10,12.377295,9.188979,167.32565,301.48447,2020
Ourense,2019,11,7.1619687,5.860609,275.30933,139.7385,2020
Ourense,2019,12,6.278031,4.026273,281.61496,152.50615,2020
Ourense,2020,1,5.2424264,2.7459095,102.562645,184.81325,2020
Ourense,2020,2,8.113274,5.0009003,36.813168,283.16245,2020
Ourense,2020,3,8.048255,4.3649545,138.19583,443.47275,2020
Ourense,2020,4,10.179448,7.213498,132.44319,422.52988,2020
Ourense,2020,5,15.386721,10.570502,79.14477,707.1357,2020
Ourense,2020,6,15.005815,10.649678,51.951523,645.507,2020
Ourense,2020,7,21.589407,12.95729,7.9410415,866.8487,2020
Ourense,2020,8,18.583118,12.43955,41.1675,650.8366,2020
Palencia,2019,9,16.112816,8.889051,37.754086,530.3779,2020
Palencia,2019,10,13.000182,7.512384,83.14311,339.85236,2020
Palencia,2019,11,6.1027875,3.577449,101.75909,167.61542,2020
Palencia,2019,12,5.0636263,2.5639365,104.884834,148.8008,2020
Palencia,2020,1,3.3174915,1.1785152,37.418934,180.21114,2020
Palencia,2020,2,7.09681,3.5892007,14.258848,278.5508,2020
Palencia,2020,3,7.3343205,2.4245622,52.114197,473.52856,2020
Palencia,2020,4,10.402099,6.7548184,142.08621,481.1779,2020
Palencia,2020,5,14.792005,8.593189,72.01407,710.45026,2020
Palencia,2020,6,15.9456625,8.985032,57.454628,665.10956,2020
Palencia,2020,7,20.782913,10.746833,18.186043,838.56036,2020
Palencia,2020,8,19.870089,10.405069,41.906937,671.1891,2020
Pontevedra,2019,9,17.678864,12.9461975,55.84187,492.78186,2020
Pontevedra,2019,10,13.865794,11.50707,201.06172,285.37283,2020
Pontevedra,2019,11,9.963817,8.289093,368.4496,141.78835,2020
Pontevedra,2019,12,8.605458,6.5967507,280.4577,153.69243,2020
Pontevedra,2020,1,7.75296,5.476959,178.13867,179.9569,2020
Pontevedra,2020,2,10.078603,7.7218323,64.92049,271.45346,2020
Pontevedra,2020,3,9.804718,6.7141824,155.39812,445.45193,2020
Pontevedra,2020,4,11.850861,9.335765,167.33446,435.608,2020
Pontevedra,2020,5,16.092072,12.438873,79.77835,717.1609,2020
Pontevedra,2020,6,15.849071,12.554555,59.013428,642.741,2020
Pontevedra,2020,7,21.048126,14.659862,2.3204267,856.61285,2020
Pontevedra,2020,8,18.870432,14.828766,74.727875,623.14825,2020
Salamanca,2019,9,18.314596,8.659132,25.161215,573.32825,2020
Salamanca,2019,10,14.066895,8.181791,77.649765,381.7045,2020
Salamanca,2019,11,7.604907,5.33276,103.82806,167.33789,2020
Salamanca,2019,12,6.574178,3.9231656,140.29613,178.96188,2020
Salamanca,2020,1,4.5635996,2.0055292,39.175175,208.3327,2020
Salamanca,2020,2,8.576654,4.616323,5.7049117,335.666,2020
Salamanca,2020,3,8.775762,3.958175,70.01488,462.96548,2020
Salamanca,2020,4,10.882882,7.2258797,119.09749,475.1845,2020
Salamanca,2020,5,16.518122,9.394515,55.36899,740.52124,2020
Salamanca,2020,6,18.346106,8.546264,18.083504,776.6788,2020
Salamanca,2020,7,25.160667,9.118746,10.52417,884.96643,2020
Salamanca,2020,8,22.347313,9.000832,11.602848,763.025,2020
Santa Cruz de Tenerife,2019,9,20.649323,16.237051,3.609907,696.7661,2020
Santa Cruz de Tenerife,2019,10,19.615143,14.4496155,20.656902,561.2349,2020
Santa Cruz de Tenerife,2019,11,17.205881,13.006989,20.254564,423.67575,2020
Santa Cruz de Tenerife,2019,12,15.731191,10.655833,20.180023,404.5132,2020
Santa Cruz de Tenerife,2020,1,14.515289,8.16153,6.843967,441.96402,2020
Santa Cruz de Tenerife,2020,2,16.281076,9.8229065,3.1303508,530.2887,2020
Santa Cruz de Tenerife,2020,3,14.818512,9.9860735,35.545303,648.29047,2020
Santa Cruz de Tenerife,2020,4,15.893788,11.625234,20.020327,725.17413,2020
Santa Cruz de Tenerife,2020,5,17.92919,12.281158,9.766726,846.53094,2020
Santa Cruz de Tenerife,2020,6,19.401846,15.27123,20.694275,794.6919,2020
Santa Cruz de Tenerife,2020,7,21.422434,15.472728,2.9606702,836.6716,2020
Santa Cruz de Tenerife,2020,8,21.89924,15.969147,3.6715133,796.9583,2020
Segovia,2019,9,17.338287,7.3564053,32.153473,565.7898,2020
Segovia,2019,10,13.374446,6.936766,77.64515,383.52438,2020
Segovia,2019,11,6.0385857,3.6830525,129.82964,176.11789,2020
Segovia,2019,12,5.6737623,2.3335717,96.82298,182.15729,2020
Segovia,2020,1,3.5998135,0.4046165,39.545265,214.29268,2020
Segovia,2020,2,7.317818,2.7692983,8.087059,324.49768,2020
Segovia,2020,3,7.443114,2.4579291,87.480415,451.30695,2020
Segovia,2020,4,10.173737,6.333867,119.98521,495.45175,2020
Segovia,2020,5,15.639891,8.16072,60.16967,748.13965,2020
Segovia,2020,6,17.233963,7.9083815,41.65054,758.18524,2020
Segovia,2020,7,23.579319,8.62893,13.991404,864.12317,2020
Segovia,2020,8,21.491543,7.942844,22.49381,754.0134,2020
Sevilla,2019,9,24.428371,13.3485,28.708097,587.8636,2020
Sevilla,2019,10,19.931137,10.621663,14.627801,468.7506,2020
Sevilla,2019,11,13.422059,8.487272,49.564148,252.542,2020
Sevilla,2019,12,12.1991415,8.362224,81.376816,246.59468,2020
Sevilla,2020,1,9.977816,6.2696667,47.20482,278.2731,2020
Sevilla,2020,2,13.94966,8.499004,2.1466517,404.78543,2020
Sevilla,2020,3,14.383643,7.39357,72.62017,516.7267,2020
Sevilla,2020,4,15.459608,10.394598,82.07223,533.1137,2020
Sevilla,2020,5,21.492006,11.593491,35.93833,791.09515,2020
Sevilla,2020,6,23.982603,11.116584,4.898878,854.9652,2020
Sevilla,2020,7,29.754858,14.178514,2.0690036,892.113,2020
Sevilla,2020,8,28.01089,12.63974,3.0618756,813.3509,2020
Soria,2019,9,16.269508,7.273003,40.553562,557.1761,2020
Soria,2019,10,12.928534,6.4424624,54.677116,378.5199,2020
Soria,2019,11,5.425056,2.7201276,93.533905,188.69641,2020
Soria,2019,12,5.178842,1.7511805,65.69292,191.07518,2020
Soria,2020,1,3.2292166,0.08933245,37.361294,216.22363,2020
Soria,2020,2,6.975105,2.2653236,7.1899414,318.1504,2020
Soria,2020,3,6.612727,1.8529315,99.20091,434.68362,2020
Soria,2020,4,9.761918,5.9286623,126.15299,489.9282,2020
Soria,2020,5,15.189027,7.5688376,59.603928,733.90643,2020
Soria,2020,6,16.34697,8.226989,73.66901,711.81616,2020
Soria,2020,7,21.796097,9.098022,21.59255,845.5677,2020
Soria,2020,8,20.966837,7.964422,20.693407,747.2388,2020
Tarragona,2019,9,21.2323,14.105052,52.91905,544.36444,2020
Tarragona,2019,10,17.641169,11.911321,119.522835,387.8469,2020
Tarragona,2019,11,10.861454,5.375455,25.211977,278.51212,2020
Tarragona,2019,12,9.718581,6.0693026,96.272385,209.81882,2020
Tarragona,2020,1,7.2079744,4.3266773,141.84607,233.28853,2020
Tarragona,2020,2,10.909302,6.417106,2.593955,361.64563,2020
Tarragona,2020,3,11.078638,5.6878853,82.957855,444.46457,2020
Tarragona,2020,4,13.210784,9.548062,137.6581,517.27155,2020
Tarragona,2020,5,18.400415,13.089299,79.801254,738.6818,2020
Tarragona,2020,6,20.320559,14.317272,55.98545,727.9998,2020
Tarragona,2020,7,24.820656,15.94104,10.348691,822.03644,2020
Tarragona,2020,8,25.143808,16.497541,45.127007,713.7887,2020
Teruel,2019,9,17.391933,8.5817,36.37934,539.60876,2020
Teruel,2019,10,13.920401,6.4357195,43.139374,409.3144,2020
Teruel,2019,11,6.7210665,2.0883226,44.407837,258.96414,2020
Teruel,2019,12,6.1671095,1.8813866,65.63991,215.03093,2020
Teruel,2020,1,3.5546622,-0.18761306,91.665474,244.74203,2020
Teruel,2020,2,7.8596077,1.7469373,3.0994394,377.8095,2020
Teruel,2020,3,7.513206,2.3121428,100.80914,434.48517,2020
Teruel,2020,4,10.020607,5.8975754,117.594055,507.1754,2020
Teruel,2020,5,15.580131,8.391251,77.0917,737.95654,2020
Teruel,2020,6,17.639057,8.873494,57.894794,747.25366,2020
Teruel,2020,7,22.5713,10.046687,21.35133,827.15466,2020
Teruel,2020,8,22.32927,9.448533,17.000792,746.93854,2020
Toledo,2019,9,20.987825,9.8841095,58.20846,558.4126,2020
Toledo,2019,10,16.42173,8.620049,37.75854,430.1972,2020
Toledo,2019,11,9.308235,5.6455603,54.96391,217.00946,2020
Toledo,2019,12,8.142201,5.084895,98.749954,203.26024,2020
Toledo,2020,1,6.0318937,2.6549666,39.730743,237.8162,2020
Toledo,2020,2,9.855275,5.3937345,3.941515,356.00528,2020
Toledo,2020,3,10.674968,4.6355305,71.61436,475.52295,2020
Toledo,2020,4,12.762477,8.115043,94.81216,518.93634,2020
Toledo,2020,5,18.892054,9.3391285,46.89405,767.9378,2020
Toledo,2020,6,22.377531,7.1430216,10.792053,835.55554,2020
Toledo,2020,7,28.421288,8.888761,7.906495,864.9405,2020
Toledo,2020,8,25.909184,8.532291,20.191603,788.0457,2020
Valencia,2019,9,20.574127,14.88359,125.75755,475.6824,2020
Valencia,2019,10,17.279608,10.360529,44.94581,428.28928,2020
Valencia,2019,11,11.34287,4.263363,18.16109,301.94174,2020
Valencia,2019,12,9.809318,5.521574,72.65586,229.83513,2020
Valencia,2020,1,7.3022685,3.347811,114.78286,260.8192,2020
Valencia,2020,2,11.464485,5.510827,2.2574995,390.85257,2020
Valencia,2020,3,11.133106,5.5599737,151.80057,423.08484,2020
Valencia,2020,4,12.747722,8.616123,73.72164,543.1876,2020
Valencia,2020,5,18.131237,11.173129,53.512463,758.2566,2020
Valencia,2020,6,21.257679,12.30776,44.67612,798.2697,2020
Valencia,2020,7,24.876772,15.711444,13.438671,802.343,2020
Valencia,2020,8,25.436653,14.910797,16.310444,745.30536,2020
Valladolid,2019,9,17.958382,8.634452,28.09342,566.3707,2020
Valladolid,2019,10,14.344769,7.8812337,73.63012,370.14343,2020
Valladolid,2019,11,7.590396,4.6081295,79.749084,173.41273,2020
Valladolid,2019,12,5.8920207,3.510562,79.16141,158.07594,2020
Valladolid,2020,1,3.7986257,1.5408797,26.325018,189.35674,2020
Valladolid,2020,2,8.119937,4.146526,7.0056562,307.90244,2020
Valladolid,2020,3,8.847787,3.0142684,56.299343,480.66257,2020
Valladolid,2020,4,11.566758,7.3125415,106.427376,504.50723,2020
Valladolid,2020,5,16.789125,8.762515,55.22148,740.21893,2020
Valladolid,2020,6,18.417566,8.42074,38.551098,737.51166,2020
Valladolid,2020,7,24.209026,9.364854,15.307499,882.2896,2020
Valladolid,2020,8,22.291502,9.197729,23.722961,736.3017,2020
Zamora,2019,9,17.78264,8.662053,25.73697,560.1747,2020
Zamora,2019,10,13.873077,7.952423,74.719505,358.99362,2020
Zamora,2019,11,7.3761816,4.602674,77.28695,176.20859,2020
Zamora,2019,12,5.95898,3.5174344,137.51888,157.86917,2020
Zamora,2020,1,4.022544,1.7189375,31.588484,183.13034,2020
Zamora,2020,2,8.188943,4.2289996,6.8438754,308.71112,2020
Zamora,2020,3,8.7016735,3.127472,67.53338,477.38824,2020
Zamora,2020,4,11.038569,6.917197,105.95472,484.10587,2020
Zamora,2020,5,16.396322,8.785989,64.91908,733.2524,2020
Zamora,2020,6,17.703207,8.608446,37.601,730.02844,2020
Zamora,2020,7,24.355045,9.428428,6.8376536,886.97034,2020
Zamora,2020,8,21.618055,9.354714,18.974295,729.0804,2020
Zaragoza,2019,9,19.596838,9.991857,36.240784,562.7568,2020
Zaragoza,2019,10,15.724477,8.864395,55.256145,391.2771,2020
Zaragoza,2019,11,8.8144655,4.267149,67.05607,232.7341,2020
Zaragoza,2019,12,7.5319066,3.99661,53.742355,205.30519,2020
Zaragoza,2020,1,5.352941,2.1401284,64.60627,228.84435,2020
Zaragoza,2020,2,9.439179,4.175061,3.7685788,347.20203,2020
Zaragoza,2020,3,9.529039,3.8835468,97.69026,432.84827,2020
Zaragoza,2020,4,12.658518,7.8741603,103.90749,506.11142,2020
Zaragoza,2020,5,18.261534,10.095045,70.91907,740.38055,2020
Zaragoza,2020,6,19.68304,10.594931,52.00352,729.7583,2020
Zaragoza,2020,7,24.53148,11.381896,12.884519,847.5981,2020
Zaragoza,2020,8,24.362032,10.923566,11.821793,744.77594,2020
Álava,2019,9,16.576654,11.250081,32.55679,481.761,2020
Álava,2019,10,13.837225,9.16512,105.80001,324.7064,2020
Álava,2019,11,7.5301247,4.6950917,155.6923,171.3348,2020
Álava,2019,12,6.641682,3.936561,86.03371,168.588,2020
Álava,2020,1,4.89342,2.396881,53.102993,194.0068,2020
Álava,2020,2,8.000497,4.8156686,29.58365,272.42798,2020
Álava,2020,3,7.4843984,4.176221,111.17961,417.83716,2020
Álava,2020,4,11.25663,7.8335767,103.369835,461.24756,2020
Álava,2020,5,14.988851,10.387791,64.33406,673.353,2020
Álava,2020,6,15.364296,11.331207,80.13037,605.2297,2020
Álava,2020,7,18.667475,13.216864,12.494811,725.4691,2020
Álava,2020,8,19.547804,12.806822,42.56859,601.86774,2020
Ávila,2019,9,17.269346,7.5295706,35.59649,568.7069,2020
Ávila,2019,10,13.200692,6.63431,71.32397,408.3646,2020
Ávila,2019,11,5.9867306,3.5355618,92.150406,189.64458,2020
Ávila,2019,12,5.9388323,2.0261903,145.5134,193.60976,2020
Ávila,2020,1,3.8840122,0.23134787,43.96694,227.47931,2020
Ávila,2020,2,7.576831,2.5617406,5.1650953,350.75818,2020
Ávila,2020,3,7.2260594,2.4902575,95.79046,466.83444,2020
Ávila,2020,4,9.574998,6.0759687,138.77356,485.1205,2020
Ávila,2020,5,15.382362,7.9230046,56.790688,754.7536,2020
Ávila,2020,6,17.60854,6.9906697,24.301466,782.0298,2020
Ávila,2020,7,24.139122,7.524561,13.078682,867.3842,2020
Ávila,2020,8,21.872677,7.101804,9.638416,771.9857,2020
A Coruña,2020,9,17.67856,13.859007,68.62995,503.4525,2021
A Coruña,2020,10,13.396387,10.571236,154.19096,278.234,2021
A Coruña,2020,11,11.919425,9.445233,77.45084,198.17632,2021
A Coruña,2020,12,9.174599,7.0807486,286.60623,126.8176,2021
A Coruña,2021,1,7.3545775,5.358198,174.9671,164.01674,2021
A Coruña,2021,2,10.176131,7.3627725,239.1017,230.73203,2021
A Coruña,2021,3,9.803358,6.094988,32.091084,467.7369,2021
A Coruña,2021,4,11.583302,7.76994,93.54257,565.7083,2021
A Coruña,2021,5,12.582617,9.1980095,105.22823,671.765,2021
A Coruña,2021,6,15.680814,12.484769,84.26595,670.62244,2021
A Coruña,2021,7,17.189865,13.928764,36.459736,672.7155,2021
A Coruña,2021,8,18.445572,14.640634,23.472702,652.79144,2021
Albacete,2020,9,19.983654,9.006174,14.692417,576.85895,2021
Albacete,2020,10,13.985591,4.5382795,17.71861,464.98428,2021
Albacete,2020,11,10.96538,6.626969,58.7976,278.4282,2021
Albacete,2020,12,6.0644073,2.165828,40.673042,245.69756,2021
Albacete,2021,1,3.6045458,0.198735,74.11883,258.51157,2021
Albacete,2021,2,8.754984,3.7516255,29.008015,340.9646,2021
Albacete,2021,3,8.838207,2.289809,34.396637,545.5621,2021
Albacete,2021,4,11.398974,5.294355,71.94019,550.00055,2021
Albacete,2021,5,16.842648,6.6961975,44.42511,785.51544,2021
Albacete,2021,6,20.863678,10.238954,63.555992,789.75287,2021
Albacete,2021,7,25.837389,8.468931,3.2267241,888.10333,2021
Albacete,2021,8,25.659786,10.890045,29.850098,735.08875,2021
Alicante,2020,9,22.078753,13.526386,11.785626,573.36725,2021
Alicante,2020,10,17.356276,8.024216,8.065957,472.82028,2021
Alicante,2020,11,14.310018,10.39939,49.071102,282.10297,2021
Alicante,2020,12,10.022005,3.5771468,9.783084,270.02682,2021
Alicante,2021,1,8.5212555,2.7348874,58.500023,288.59598,2021
Alicante,2021,2,12.16158,5.7994475,8.125168,354.6997,2021
Alicante,2021,3,11.376694,6.411281,67.35134,526.78784,2021
Alicante,2021,4,13.368728,8.6507015,77.90165,564.8645,2021
Alicante,2021,5,18.235388,10.264385,55.371838,789.953,2021
Alicante,2021,6,22.153938,14.444394,36.779068,782.29803,2021
Alicante,2021,7,25.806519,15.483593,10.96724,846.2465,2021
Alicante,2021,8,26.301292,17.180614,14.840349,720.0346,2021
Almería,2020,9,20.803825,12.130598,11.542333,585.8717,2021
Almería,2020,10,16.141113,6.848865,11.932499,492.40106,2021
Almería,2020,11,13.073594,8.366302,53.17499,319.21487,2021
Almería,2020,12,8.960738,3.5395331,8.154159,277.15408,2021
Almería,2021,1,7.5130353,2.1103678,72.2233,304.47653,2021
Almería,2021,2,10.887479,4.19337,8.056614,385.93945,2021
Almería,2021,3,10.554636,4.666628,57.44681,571.0235,2021
Almería,2021,4,12.888099,7.392657,72.865234,591.9166,2021
Almería,2021,5,17.631939,8.646915,49.25871,810.2701,2021
Almería,2021,6,21.28469,11.544313,33.720562,833.6179,2021
Almería,2021,7,25.642664,12.044087,5.591069,873.8571,2021
Almería,2021,8,25.689697,14.003691,7.1578007,758.5397,2021
Asturias,2020,9,15.709199,12.402562,95.54724,489.84207,2021
Asturias,2020,10,11.230458,8.0505905,188.50316,304.3842,2021
Asturias,2020,11,9.877401,6.9863644,49.413795,216.97845,2021
Asturias,2020,12,6.1142535,3.5824387,223.43826,137.34148,2021
Asturias,2021,1,4.1773543,1.5141896,150.1313,182.78152,2021
Asturias,2021,2,7.725244,4.220463,157.8776,226.38362,2021
Asturias,2021,3,7.5341883,3.9693463,46.221405,452.9479,2021
Asturias,2021,4,9.018045,5.5349674,86.999756,529.5394,2021
Asturias,2021,5,11.203454,7.758919,111.30137,632.21576,2021
Asturias,2021,6,14.430254,11.979641,170.52023,606.7121,2021
Asturias,2021,7,16.315132,13.24907,60.19686,709.8136,2021
Asturias,2021,8,17.09831,13.850439,35.923557,658.1623,2021
Badajoz,2020,9,23.293156,9.485539,20.863552,578.798,2021
Badajoz,2020,10,16.28245,7.253553,64.09588,431.2618,2021
Badajoz,2020,11,13.492723,9.812007,87.73012,256.421,2021
Badajoz,2020,12,9.05028,6.061292,48.16799,200.3817,2021
Badajoz,2021,1,6.663012,3.5986807,53.543888,236.00931,2021
Badajoz,2021,2,10.98921,7.106214,78.860886,299.60468,2021
Badajoz,2021,3,12.613408,4.299626,15.266588,585.9329,2021
Badajoz,2021,4,15.202249,8.318041,53.796062,549.1735,2021
Badajoz,2021,5,18.890089,7.399218,13.585726,801.2841,2021
Badajoz,2021,6,23.143507,9.296068,22.273558,807.8595,2021
Badajoz,2021,7,26.67276,9.251487,0.18082014,905.63715,2021
Badajoz,2021,8,27.460978,10.204673,4.811337,800.28796,2021
Barcelona,2020,9,18.094532,13.394917,78.04784,492.46484,2021
Barcelona,2020,10,12.708692,8.435176,88.41655,378.0405,2021
Barcelona,2020,11,10.457911,7.743279,69.422615,232.76895,2021
Barcelona,2020,12,5.6196094,2.1499457,21.552485,213.43086,2021
Barcelona,2021,1,3.874426,0.50818336,43.192757,234.74596,2021
Barcelona,2021,2,8.317377,5.357853,50.151585,293.9893,2021
Barcelona,2021,3,8.7319765,4.3910966,43.724968,496.71222,2021
Barcelona,2021,4,10.2295065,5.7334046,85.6135,532.4611,2021
Barcelona,2021,5,14.534358,9.626873,69.84819,685.556,2021
Barcelona,2021,6,20.039574,13.799779,50.67902,714.7957,2021
Barcelona,2021,7,22.382023,15.05835,38.1362,763.1387,2021
Barcelona,2021,8,22.152576,16.29804,61.391342,614.8929,2021
Bizkaia,2020,9,17.825455,13.320357,108.64861,485.11026,2021
Bizkaia,2020,10,13.248678,9.445953,174.14433,275.81952,2021
Bizkaia,2020,11,12.109069,8.239088,34.96158,226.66353,2021
Bizkaia,2020,12,8.461226,4.8003087,205.70732,145.76529,2021
Bizkaia,2021,1,6.4300647,3.449801,146.56148,151.51787,2021
Bizkaia,2021,2,10.559147,6.149576,129.21426,220.04706,2021
Bizkaia,2021,3,9.284528,4.844088,61.818436,412.9939,2021
Bizkaia,2021,4,10.511051,5.5981703,68.518196,535.02386,2021
Bizkaia,2021,5,12.808288,9.119166,83.512985,578.82587,2021
Bizkaia,2021,6,16.411413,13.697243,163.59889,584.2809,2021
Bizkaia,2021,7,17.495308,14.42607,59.749657,640.5315,2021
Bizkaia,2021,8,18.030504,14.784498,40.72287,589.99005,2021
Burgos,2020,9,16.447046,8.270407,51.13332,514.09515,2021
Burgos,2020,10,10.160604,5.85625,100.93622,306.3556,2021
Burgos,2020,11,8.381856,5.1224256,26.629873,227.1419,2021
Burgos,2020,12,4.3167725,1.8737994,94.07795,151.68648,2021
Burgos,2021,1,2.1913912,0.031434502,77.54432,178.50867,2021
Burgos,2021,2,6.85515,3.2743385,97.38919,247.33473,2021
Burgos,2021,3,6.4474435,1.6341188,27.89273,457.00586,2021
Burgos,2021,4,8.351568,3.3710625,75.23452,547.37714,2021
Burgos,2021,5,12.029834,6.1001496,51.15199,664.1686,2021
Burgos,2021,6,16.06014,10.333393,92.72677,691.19916,2021
Burgos,2021,7,18.775774,9.797369,23.403719,776.57965,2021
Burgos,2021,8,19.384644,10.002701,13.951307,715.57227,2021
Cantabria,2020,9,16.210989,11.987773,88.83692,486.18564,2021
Cantabria,2020,10,11.450468,8.042544,162.23282,297.85367,2021
Cantabria,2020,11,10.239531,6.773932,37.129513,225.49107,2021
Cantabria,2020,12,6.154565,3.281367,166.54366,156.75926,2021
Cantabria,2021,1,4.159745,1.7323081,101.20774,176.87932,2021
Cantabria,2021,2,8.4155245,4.4114943,120.28908,234.41306,2021
Cantabria,2021,3,7.6910973,3.7116094,61.391953,419.0259,2021
Cantabria,2021,4,9.026804,4.8903646,80.60569,513.7734,2021
Cantabria,2021,5,11.536583,8.03114,98.039894,578.981,2021
Cantabria,2021,6,15.191732,12.252719,129.98311,595.3217,2021
Cantabria,2021,7,16.636553,13.267279,85.23976,650.36365,2021
Cantabria,2021,8,17.00848,13.68408,42.356445,583.4321,2021
Castellón,2020,9,19.472263,11.72967,32.423134,545.46136,2021
Castellón,2020,10,14.593817,6.59087,20.363005,435.24814,2021
Castellón,2020,11,11.566115,8.306756,134.44772,251.07733,2021
Castellón,2020,12,7.5513263,1.7955146,14.708475,249.54643,2021
Castellón,2021,1,5.966595,0.5246767,54.817947,267.8289,2021
Castellón,2021,2,9.58141,4.8157988,25.354975,326.57986,2021
Castellón,2021,3,9.253097,3.6198056,37.095802,521.5156,2021
Castellón,2021,4,10.874314,5.781468,106.32392,534.3471,2021
Castellón,2021,5,15.901751,9.29622,36.02801,720.85724,2021
Castellón,2021,6,20.282528,13.248839,54.212994,722.71924,2021
Castellón,2021,7,22.980154,14.894114,56.743965,804.5561,2021
Castellón,2021,8,23.052158,16.446604,68.731544,659.35187,2021
Ciudad Real,2020,9,21.7429,7.640942,25.410187,577.83594,2021
Ciudad Real,2020,10,14.694943,5.228773,30.930126,445.394,2021
Ciudad Real,2020,11,11.717007,7.400556,72.52401,262.58386,2021
Ciudad Real,2020,12,6.8094916,3.725631,54.87036,219.6741,2021
Ciudad Real,2021,1,4.4398193,1.4341716,88.15927,230.33281,2021
Ciudad Real,2021,2,9.523909,4.8110976,49.20934,342.16675,2021
Ciudad Real,2021,3,10.779385,2.0588338,16.583405,579.54144,2021
Ciudad Real,2021,4,13.318386,5.982963,74.03996,560.74945,2021
Ciudad Real,2021,5,18.28788,6.0469937,14.469753,799.1585,2021
Ciudad Real,2021,6,23.140545,7.471386,22.059551,810.2102,2021
Ciudad Real,2021,7,27.442484,6.2517667,0.7715723,907.04333,2021
Ciudad Real,2021,8,27.684265,7.622327,14.281849,785.8011,2021
Cuenca,2020,9,18.718605,7.762222,30.34449,566.2314,2021
Cuenca,2020,10,11.89669,4.4390006,34.72341,426.5445,2021
Cuenca,2020,11,9.398282,5.7529125,69.323586,248.35318,2021
Cuenca,2020,12,4.660861,1.4921278,60.64018,221.00032,2021
Cuenca,2021,1,2.0147798,-0.70838594,91.13343,232.0515,2021
Cuenca,2021,2,7.278855,3.4403806,62.62343,318.73026,2021
Cuenca,2021,3,7.8099885,0.8023987,18.79379,540.56934,2021
Cuenca,2021,4,10.132572,4.335294,84.78237,549.7271,2021
Cuenca,2021,5,15.210538,6.325316,37.31417,758.6337,2021
Cuenca,2021,6,19.786318,9.299034,59.855724,775.9547,2021
Cuenca,2021,7,24.217937,7.4333324,4.1113305,894.5846,2021
Cuenca,2021,8,24.369444,9.946887,27.521193,749.3551,2021
Cáceres,2020,9,22.27054,9.21972,55.216442,575.3636,2021
Cáceres,2020,10,15.025374,7.674515,124.6448,405.60913,2021
Cáceres,2020,11,12.493703,9.091013,123.59162,232.7899,2021
Cáceres,2020,12,8.01252,5.129086,60.291763,194.3857,2021
Cáceres,2021,1,5.780975,2.5320306,67.47766,232.91594,2021
Cáceres,2021,2,10.137629,6.4327936,120.53216,285.07028,2021
Cáceres,2021,3,11.612003,3.8913631,9.99723,580.8717,2021
Cáceres,2021,4,14.158864,7.8316803,90.62631,549.2725,2021
Cáceres,2021,5,17.639683,7.856005,19.197826,760.73627,2021
Cáceres,2021,6,22.309439,9.674272,37.15241,793.73016,2021
Cáceres,2021,7,25.80663,9.253497,1.1082013,888.97107,2021
Cáceres,2021,8,26.952917,9.353458,3.6349502,799.20154,2021
Cádiz,2020,9,23.241188,14.614628,27.734932,608.1727,2021
Cádiz,2020,10,18.131422,11.001576,40.933002,483.16193,2021
Cádiz,2020,11,15.939162,12.364305,109.29778,305.3581,2021
Cádiz,2020,12,11.962171,8.88214,51.773224,243.07693,2021
Cádiz,2021,1,10.256924,7.153308,160.03325,278.84418,2021
Cádiz,2021,2,12.948681,9.485364,59.12422,348.68808,2021
Cádiz,2021,3,13.866982,8.067182,46.627407,588.58826,2021
Cádiz,2021,4,16.01029,11.381765,48.96652,611.9739,2021
Cádiz,2021,5,19.767948,10.834869,10.638759,816.8431,2021
Cádiz,2021,6,22.122398,13.812605,11.954706,843.44794,2021
Cádiz,2021,7,25.292765,14.730822,0.20347908,891.25665,2021
Cádiz,2021,8,25.984348,16.80254,1.2293144,793.09,2021
Córdoba,2020,9,23.16919,10.667835,35.219875,575.27844,2021
Córdoba,2020,10,16.701778,6.825669,35.93914,463.31033,2021
Córdoba,2020,11,13.669161,9.283237,83.03871,273.65808,2021
Córdoba,2020,12,8.860658,5.6148148,46.337044,223.17336,2021
Córdoba,2021,1,6.8850927,3.5193071,93.66642,241.89796,2021
Córdoba,2021,2,11.006256,6.8530197,51.88296,343.63208,2021
Córdoba,2021,3,12.693456,4.2278104,24.842688,594.39105,2021
Córdoba,2021,4,15.31935,8.037478,53.799934,564.7862,2021
Córdoba,2021,5,19.814474,7.5245876,15.568567,817.38153,2021
Córdoba,2021,6,23.776737,9.765121,15.213206,836.54785,2021
Córdoba,2021,7,27.981781,9.6248455,0.36778668,909.955,2021
Córdoba,2021,8,28.381054,11.173806,5.5363894,796.84515,2021
Gipuzkoa,2020,9,17.51642,12.897769,116.253654,483.97238,2021
Gipuzkoa,2020,10,12.509719,9.139756,187.64302,274.11868,2021
Gipuzkoa,2020,11,11.215152,7.802199,42.80723,224.82819,2021
Gipuzkoa,2020,12,7.2276473,4.520039,236.6338,140.723,2021
Gipuzkoa,2021,1,5.2932324,3.0315802,154.9446,151.2672,2021
Gipuzkoa,2021,2,9.71959,6.0479817,131.37682,222.40405,2021
Gipuzkoa,2021,3,8.74891,4.3628345,65.76403,420.23483,2021
Gipuzkoa,2021,4,10.033889,4.8619914,61.290096,542.36444,2021
Gipuzkoa,2021,5,12.562631,8.884319,105.38613,583.8538,2021
Gipuzkoa,2021,6,16.33012,13.715928,199.48087,576.6648,2021
Gipuzkoa,2021,7,17.220589,14.39313,58.93395,618.5076,2021
Gipuzkoa,2021,8,17.768085,14.622378,39.820152,590.5932,2021
Girona,2020,9,18.099005,13.1384115,77.13975,479.1574,2021
Girona,2020,10,12.644383,8.777696,119.64366,356.6495,2021
Girona,2020,11,10.681621,7.5454545,98.57568,235.236,2021
Girona,2020,12,6.000753,2.3821967,33.596535,201.20262,2021
Girona,2021,1,3.9461815,0.25743678,49.961388,227.00252,2021
Girona,2021,2,8.601094,5.679748,51.78966,282.23712,2021
Girona,2021,3,8.747014,4.3174515,41.833755,483.86813,2021
Girona,2021,4,10.337546,4.883353,74.885506,549.1955,2021
Girona,2021,5,14.131063,9.878702,129.56389,622.253,2021
Girona,2021,6,20.148577,14.196705,56.071987,700.0846,2021
Girona,2021,7,22.034603,15.23199,62.425716,727.08344,2021
Girona,2021,8,21.567087,15.942747,71.46823,595.9609,2021
Granada,2020,9,19.699718,9.012032,17.584368,587.04474,2021
Granada,2020,10,14.040957,3.8998353,28.037346,494.92667,2021
Granada,2020,11,11.21462,5.5715003,60.164303,310.40167,2021
Granada,2020,12,6.0826945,2.4746559,42.32304,251.02208,2021
Granada,2021,1,4.8513346,0.6128509,94.50931,282.14142,2021
Granada,2021,2,8.487375,2.7606544,36.254814,377.1755,2021
Granada,2021,3,9.109906,1.967258,42.925587,580.9056,2021
Granada,2021,4,11.671187,5.102148,73.89833,584.0481,2021
Granada,2021,5,16.299997,6.180421,48.029816,811.17847,2021
Granada,2021,6,20.397003,8.352271,35.672394,839.4306,2021
Granada,2021,7,25.546543,7.4358015,2.746468,898.9963,2021
Granada,2021,8,25.42308,9.39869,10.685998,767.45844,2021
Guadalajara,2020,9,17.572327,6.398104,40.68877,550.67883,2021
Guadalajara,2020,10,10.478959,4.3067436,60.515934,380.94992,2021
Guadalajara,2020,11,8.196894,4.9177313,65.123,230.40604,2021
Guadalajara,2020,12,3.848351,0.9330389,55.981678,188.14795,2021
Guadalajara,2021,1,1.0848001,-1.6157969,74.95546,217.27943,2021
Guadalajara,2021,2,6.4527836,2.6701572,62.1903,305.531,2021
Guadalajara,2021,3,6.879982,0.15425915,17.855982,532.40546,2021
Guadalajara,2021,4,9.301465,3.031516,100.176445,552.53326,2021
Guadalajara,2021,5,13.663952,5.7093005,47.758114,727.7724,2021
Guadalajara,2021,6,18.37475,8.51692,65.77931,760.6807,2021
Guadalajara,2021,7,22.538277,6.656284,13.064226,875.4043,2021
Guadalajara,2021,8,23.064337,8.058061,18.75681,760.15045,2021
Huelva,2020,9,23.757175,12.762284,13.733858,590.6378,2021
Huelva,2020,10,18.020397,9.076737,69.58681,463.36273,2021
Huelva,2020,11,15.074709,11.511627,107.40353,281.34564,2021
Huelva,2020,12,11.097039,7.6872206,39.748783,221.45386,2021
Huelva,2021,1,8.89506,5.335846,55.955063,265.3676,2021
Huelva,2021,2,12.3122015,8.909351,70.77977,312.5853,2021
Huelva,2021,3,14.207916,6.4382725,30.182264,595.7392,2021
Huelva,2021,4,16.473616,10.470631,40.67332,571.9769,2021
Huelva,2021,5,19.967136,8.925108,11.198714,822.4078,2021
Huelva,2021,6,23.000734,11.580963,15.609061,823.19714,2021
Huelva,2021,7,26.692911,11.805178,0.033120077,908.513,2021
Huelva,2021,8,27.091686,13.452545,1.1605386,796.86566,2021
Huesca,2020,9,17.475986,8.602184,56.490967,545.65485,2021
Huesca,2020,10,10.532988,5.350123,76.7136,378.12228,2021
Huesca,2020,11,8.3626375,4.9476995,77.83664,244.1387,2021
Huesca,2020,12,3.2003505,0.12095741,86.75386,200.51889,2021
Huesca,2021,1,1.4832433,-1.6856081,88.56762,229.20909,2021
Huesca,2021,2,6.5974054,3.1205716,69.1782,283.4083,2021
Huesca,2021,3,7.225594,0.93651277,22.156567,534.1466,2021
Huesca,2021,4,9.2367525,2.6305568,86.22696,561.55023,2021
Huesca,2021,5,13.468489,5.6672587,53.49997,709.39056,2021
Huesca,2021,6,18.604086,10.417575,95.37079,728.44196,2021
Huesca,2021,7,21.518414,10.814267,35.682472,788.01904,2021
Huesca,2021,8,21.785824,11.145627,33.289425,713.83777,2021
Illes Balears,2020,9,22.932913,16.96054,83.30267,538.56616,2021
Illes Balears,2020,10,18.5827,12.522807,37.80688,436.213,2021
Illes Balears,2020,11,16.739588,12.570608,17.44919,268.32367,2021
Illes Balears,2020,12,12.844323,7.6944656,36.836628,230.09193,2021
Illes Balears,2021,1,10.938816,6.353873,62.17034,270.60956,2021
Illes Balears,2021,2,13.076251,8.821913,7.0026016,356.07645,2021
Illes Balears,2021,3,12.865751,7.8834705,29.232271,533.2742,2021
Illes Balears,2021,4,14.425639,9.474802,32.894188,618.74725,2021
Illes Balears,2021,5,18.285963,12.477493,47.734932,774.0593,2021
Illes Balears,2021,6,23.407557,17.393742,16.664886,789.3717,2021
Illes Balears,2021,7,25.805113,18.607178,11.618499,836.6974,2021
Illes Balears,2021,8,26.177229,19.126057,3.8587132,715.1348,2021
Jaén,2020,9,21.907475,8.892056,24.248175,576.53534,2021
Jaén,2020,10,15.320708,5.100569,27.582443,467.89658,2021
Jaén,2020,11,12.3399515,6.674496,57.03177,290.44467,2021
Jaén,2020,12,7.0601535,3.8233733,84.66137,223.53854,2021
Jaén,2021,1,5.4256463,1.8260858,119.34439,239.95314,2021
Jaén,2021,2,9.583108,4.7719607,57.429485,353.9039,2021
Jaén,2021,3,10.909673,2.6396291,21.407896,591.117,2021
Jaén,2021,4,13.639744,6.239481,66.777596,562.8557,2021
Jaén,2021,5,18.482037,6.664094,26.492529,803.9992,2021
Jaén,2021,6,22.872835,8.23961,29.21044,824.96136,2021
Jaén,2021,7,27.768251,7.1295257,1.188811,906.5839,2021
Jaén,2021,8,27.827908,8.813324,14.316518,777.1789,2021
La Rioja,2020,9,16.599743,8.155895,41.169395,525.45184,2021
La Rioja,2020,10,10.33532,5.666769,72.85367,312.74792,2021
La Rioja,2020,11,8.31038,5.0841556,41.835026,227.3362,2021
La Rioja,2020,12,4.4302907,1.4231919,81.906624,169.48991,2021
La Rioja,2021,1,2.3688612,-0.33364397,75.54097,195.15872,2021
La Rioja,2021,2,6.8450856,3.1463552,81.59777,265.82205,2021
La Rioja,2021,3,6.3251977,1.5639484,45.184746,461.978,2021
La Rioja,2021,4,8.199034,3.0523424,84.17099,532.5029,2021
La Rioja,2021,5,12.253251,6.2714305,70.8741,669.59436,2021
La Rioja,2021,6,16.335207,11.0076275,124.12975,701.43414,2021
La Rioja,2021,7,18.664967,10.853893,23.725002,756.5443,2021
La Rioja,2021,8,19.285984,10.95277,24.336296,717.6381,2021
Las Palmas,2020,9,23.054031,17.86851,2.352848,650.61,2021
Las Palmas,2020,10,21.328213,15.866286,14.759793,551.51874,2021
Las Palmas,2020,11,19.873701,13.913919,23.146643,413.32925,2021
Las Palmas,2020,12,17.53739,12.1706915,11.063802,365.80643,2021
Las Palmas,2021,1,16.699436,11.558181,23.622116,408.17618,2021
Las Palmas,2021,2,16.527483,11.059864,18.509247,486.38565,2021
Las Palmas,2021,3,17.239565,11.214341,5.4871545,666.0303,2021
Las Palmas,2021,4,18.419765,13.122313,13.4221525,726.355,2021
Las Palmas,2021,5,19.00682,13.380665,3.7294605,787.79083,2021
Las Palmas,2021,6,20.101702,14.315351,3.6236331,779.5336,2021
Las Palmas,2021,7,21.482061,16.644659,3.691242,820.52576,2021
Las Palmas,2021,8,22.48458,17.047684,2.73913,781.9003,2021
León,2020,9,15.906553,8.229922,70.730515,515.3888,2021
León,2020,10,9.234072,5.572116,127.44922,323.41443,2021
León,2020,11,7.62989,5.159562,62.742588,205.31091,2021
León,2020,12,3.1900203,1.2559894,136.88191,145.77121,2021
León,2021,1,1.4861914,-0.9862489,92.06366,199.21565,2021
León,2021,2,4.94668,2.377028,138.25958,223.32253,2021
León,2021,3,6.257107,1.290512,22.527292,486.58746,2021
León,2021,4,8.472442,2.988198,76.45306,534.39923,2021
León,2021,5,10.916243,5.18808,55.876694,660.7126,2021
León,2021,6,15.340364,9.163851,101.702255,696.0956,2021
León,2021,7,17.991922,9.299452,16.861475,798.32623,2021
León,2021,8,19.268538,9.424513,12.7914095,727.1977,2021
Lleida,2020,9,16.327744,9.8603,50.327503,522.3463,2021
Lleida,2020,10,10.470406,5.107079,54.62095,383.90134,2021
Lleida,2020,11,8.043149,4.5939407,78.149216,245.46204,2021
Lleida,2020,12,2.933779,-0.39026988,42.745144,208.61612,2021
Lleida,2021,1,1.109949,-2.299464,60.601906,231.3822,2021
Lleida,2021,2,6.344393,2.7264745,53.24817,298.41232,2021
Lleida,2021,3,6.8862205,0.8961396,30.338978,528.86755,2021
Lleida,2021,4,8.599147,2.6924033,76.877785,558.577,2021
Lleida,2021,5,13.216094,6.0764785,62.55821,718.0694,2021
Lleida,2021,6,18.384453,10.544297,75.34007,724.9388,2021
Lleida,2021,7,21.022303,11.421164,52.995148,782.27496,2021
Lleida,2021,8,20.823597,12.639177,49.948532,682.05927,2021
Lugo,2020,9,16.563236,12.2748995,90.75547,498.35757,2021
Lugo,2020,10,11.410711,8.7886305,161.23526,282.28357,2021
Lugo,2020,11,10.098018,7.5293903,64.283844,206.26932,2021
Lugo,2020,12,6.636647,4.970997,249.06558,118.60925,2021
Lugo,2021,1,4.799265,2.9260306,180.95393,165.1378,2021
Lugo,2021,2,8.125608,5.2341475,219.2706,218.81342,2021
Lugo,2021,3,8.098319,4.466943,36.234238,463.42593,2021
Lugo,2021,4,10.156482,6.1135817,83.93192,550.99146,2021
Lugo,2021,5,11.544527,7.8699203,96.75944,643.2738,2021
Lugo,2021,6,15.128793,11.6795635,105.34073,649.8226,2021
Lugo,2021,7,16.950058,12.922155,30.682915,693.5124,2021
Lugo,2021,8,18.090094,13.535544,25.470688,664.1842,2021
Madrid,2020,9,19.60017,7.629427,43.22374,570.3326,2021
Madrid,2020,10,12.296194,5.464362,76.52684,396.3631,2021
Madrid,2020,11,9.703994,6.53557,77.50013,227.592,2021
Madrid,2020,12,5.3613963,2.3311512,53.08656,194.29521,2021
Madrid,2021,1,2.315237,-0.6379019,67.741135,227.95798,2021
Madrid,2021,2,7.8755093,4.1005335,55.31355,305.38412,2021
Madrid,2021,3,8.887747,1.4077412,13.099772,540.83746,2021
Madrid,2021,4,11.234854,4.930477,94.778076,555.96375,2021
Madrid,2021,5,15.998669,6.3262715,24.725504,759.8558,2021
Madrid,2021,6,20.697237,8.504738,39.902122,786.9503,2021
Madrid,2021,7,24.580229,7.1101847,8.667383,886.1117,2021
Madrid,2021,8,25.315514,8.247243,11.228226,784.93616,2021
Murcia,2020,9,21.486635,12.434793,5.702975,575.6016,2021
Murcia,2020,10,16.355606,6.954716,9.980263,480.26462,2021
Murcia,2020,11,13.373997,9.1751795,55.527584,298.25406,2021
Murcia,2020,12,8.809071,3.1928725,10.980064,272.58484,2021
Murcia,2021,1,7.14361,1.8995839,64.00382,293.58334,2021
Murcia,2021,2,11.14415,5.075436,7.8261313,351.76172,2021
Murcia,2021,3,10.841275,5.052461,49.613445,546.4556,2021
Murcia,2021,4,13.289586,7.830535,65.28935,547.72095,2021
Murcia,2021,5,18.086472,9.270329,56.934113,794.19617,2021
Murcia,2021,6,21.834312,13.126064,45.00898,805.79785,2021
Murcia,2021,7,25.94754,13.581799,6.668269,860.1187,2021
Murcia,2021,8,26.349184,15.044238,7.5947237,740.5972,2021
Málaga,2020,9,21.164291,13.38357,38.110527,600.017,2021
Málaga,2020,10,16.25425,8.857795,34.099,487.62854,2021
Málaga,2020,11,14.022576,10.451361,95.7316,299.59808,2021
Málaga,2020,12,9.945912,6.692629,42.889572,248.24104,2021
Málaga,2021,1,8.537873,4.990748,136.70354,284.18503,2021
Málaga,2021,2,11.150894,7.6122727,43.967545,364.1501,2021
Málaga,2021,3,12.004621,6.478464,50.18784,582.69525,2021
Málaga,2021,4,13.9812765,9.605691,74.52943,570.9724,2021
Málaga,2021,5,17.935408,9.856487,19.083422,812.4095,2021
Málaga,2021,6,21.33513,12.067916,9.905982,843.9368,2021
Málaga,2021,7,25.314445,12.794478,0.29273665,894.9084,2021
Málaga,2021,8,25.711237,14.857136,3.8226678,785.042,2021
Navarra,2020,9,17.883106,10.191449,62.88948,518.16327,2021
Navarra,2020,10,11.461906,7.3970747,108.18896,304.2297,2021
Navarra,2020,11,9.520636,6.373679,42.40732,227.9587,2021
Navarra,2020,12,5.287228,2.7174547,140.50998,158.36789,2021
Navarra,2021,1,3.6174831,1.2157708,94.08186,177.59558,2021
Navarra,2021,2,8.316449,4.847666,89.88324,247.53957,2021
Navarra,2021,3,7.9103427,2.8898432,31.283062,459.34744,2021
Navarra,2021,4,9.556204,3.4834416,53.02239,546.3082,2021
Navarra,2021,5,13.191365,7.131509,59.62633,636.0773,2021
Navarra,2021,6,17.649946,12.3617,128.28358,662.2474,2021
Navarra,2021,7,19.195532,12.786791,34.255177,691.1312,2021
Navarra,2021,8,19.622795,13.007519,24.33237,669.3576,2021
Ourense,2020,9,17.197323,10.110576,74.526794,518.1254,2021
Ourense,2020,10,10.531696,7.7883935,147.45517,296.50882,2021
Ourense,2020,11,9.234624,6.794398,91.2369,206.0548,2021
Ourense,2020,12,5.2757964,3.8267941,206.64647,132.25879,2021
Ourense,2021,1,3.711637,1.5517621,151.3336,187.26802,2021
Ourense,2021,2,6.8735676,4.5295825,241.67793,210.42667,2021
Ourense,2021,3,7.922473,3.415714,23.64404,489.39127,2021
Ourense,2021,4,10.341418,5.5386806,111.159004,538.229,2021
Ourense,2021,5,11.586804,7.1725874,80.162155,665.3655,2021
Ourense,2021,6,15.972806,10.650674,85.18188,722.9188,2021
Ourense,2021,7,17.788448,11.5717325,17.719336,764.2332,2021
Ourense,2021,8,19.345646,12.162766,17.023281,721.22565,2021
Palencia,2020,9,16.549152,8.357237,56.33063,520.87634,2021
Palencia,2020,10,10.195094,5.782242,103.00659,326.3691,2021
Palencia,2020,11,8.1730175,5.2811694,35.414097,217.6938,2021
Palencia,2020,12,4.004536,1.6793573,71.518524,149.28506,2021
Palencia,2021,1,1.924768,-0.43457136,55.16645,187.7883,2021
Palencia,2021,2,6.375616,3.1964884,98.82657,240.99884,2021
Palencia,2021,3,6.7517543,1.4273247,16.004585,487.69913,2021
Palencia,2021,4,8.813563,2.9837732,58.987667,561.0031,2021
Palencia,2021,5,12.418057,5.4501915,43.405483,680.50085,2021
Palencia,2021,6,16.550322,9.449168,69.481476,714.8191,2021
Palencia,2021,7,19.55765,8.7775345,17.69712,805.93713,2021
Palencia,2021,8,20.022327,9.283369,9.029603,736.1699,2021
Pontevedra,2020,9,17.896149,12.995351,79.02703,513.46375,2021
Pontevedra,2020,10,12.738759,10.118927,169.56775,289.46786,2021
Pontevedra,2020,11,11.333282,8.884796,107.15475,201.32451,2021
Pontevedra,2020,12,8.258453,6.414907,286.08066,132.8651,2021
Pontevedra,2021,1,6.157786,4.222483,201.1264,180.28986,2021
Pontevedra,2021,2,9.710887,7.114695,296.58154,230.5108,2021
Pontevedra,2021,3,9.631012,5.731842,30.114218,484.85364,2021
Pontevedra,2021,4,11.901357,8.025014,126.03019,559.1132,2021
Pontevedra,2021,5,12.71931,9.193756,121.85452,683.56104,2021
Pontevedra,2021,6,16.602936,12.528676,74.1994,722.6302,2021
Pontevedra,2021,7,17.749338,13.665558,32.237347,721.48,2021
Pontevedra,2021,8,19.001944,14.334218,21.319948,687.04913,2021
Salamanca,2020,9,18.811205,7.6404414,50.51574,562.3333,2021
Salamanca,2020,10,11.743964,6.2020473,114.95565,375.97653,2021
Salamanca,2020,11,9.852194,6.769344,79.001884,228.54869,2021
Salamanca,2020,12,5.2411466,2.976201,68.314964,175.47485,2021
Salamanca,2021,1,3.26709,0.387657,53.479946,219.61986,2021
Salamanca,2021,2,7.708382,4.2634883,122.411674,268.81848,2021
Salamanca,2021,3,8.407048,2.0136905,8.281384,559.482,2021
Salamanca,2021,4,11.061485,4.919092,88.7665,559.17175,2021
Salamanca,2021,5,14.068639,6.138808,28.68772,723.9186,2021
Salamanca,2021,6,18.719528,8.98235,62.893238,789.7512,2021
Salamanca,2021,7,21.8422,8.489443,3.9735787,881.6546,2021
Salamanca,2021,8,23.143604,8.619236,4.7648773,788.3225,2021
Santa Cruz de Tenerife,2020,9,21.575104,16.44107,6.434086,636.7108,2021
Santa Cruz de Tenerife,2020,10,19.584055,14.968658,30.148417,551.3628,2021
Santa Cruz de Tenerife,2020,11,17.523996,12.083649,35.450024,413.332,2021
Santa Cruz de Tenerife,2020,12,15.335765,11.221263,42.4736,371.87463,2021
Santa Cruz de Tenerife,2021,1,14.687327,10.427399,64.44145,413.07254,2021
Santa Cruz de Tenerife,2021,2,14.468577,9.659088,33.243443,494.5861,2021
Santa Cruz de Tenerife,2021,3,14.962067,9.92097,16.375734,671.5796,2021
Santa Cruz de Tenerife,2021,4,16.270578,11.960521,19.101175,745.5854,2021
Santa Cruz de Tenerife,2021,5,17.453604,12.253734,7.3519273,816.3615,2021
Santa Cruz de Tenerife,2021,6,18.710114,13.433177,6.8605905,808.61847,2021
Santa Cruz de Tenerife,2021,7,20.834787,15.171458,5.276009,837.47736,2021
Santa Cruz de Tenerife,2021,8,21.449127,15.579254,4.1207724,805.9041,2021
Segovia,2020,9,17.401995,6.478681,34.48103,551.87006,2021
Segovia,2020,10,10.35602,4.7597127,78.59491,366.73203,2021
Segovia,2020,11,8.60972,5.103861,39.94933,234.66316,2021
Segovia,2020,12,3.9953983,1.6175971,101.28196,170.57758,2021
Segovia,2021,1,1.5766971,-1.0031883,82.38718,212.15895,2021
Segovia,2021,2,6.627864,2.8803566,74.81405,288.32407,2021
Segovia,2021,3,6.846061,0.6128813,17.162197,538.7667,2021
Segovia,2021,4,9.422131,3.4605632,90.60286,569.45105,2021
Segovia,2021,5,13.249652,5.2531466,39.85016,726.91364,2021
Segovia,2021,6,17.892641,8.556613,74.10481,774.86554,2021
Segovia,2021,7,21.316147,7.2031236,14.265021,866.1812,2021
Segovia,2021,8,22.670332,7.0237827,6.9253917,780.7407,2021
Sevilla,2020,9,24.246277,12.470577,27.868456,594.4901,2021
Sevilla,2020,10,18.352097,8.337349,40.8242,468.74652,2021
Sevilla,2020,11,15.231938,11.099477,105.05591,284.49777,2021
Sevilla,2020,12,10.766349,7.218944,32.327976,226.31506,2021
Sevilla,2021,1,8.793373,5.2511015,96.09833,262.40607,2021
Sevilla,2021,2,12.414198,8.43604,46.194828,333.73645,2021
Sevilla,2021,3,14.054552,6.098335,34.97105,593.3221,2021
Sevilla,2021,4,16.712948,9.992599,48.28883,584.18604,2021
Sevilla,2021,5,20.832249,9.007804,9.87361,819.5387,2021
Sevilla,2021,6,23.87409,11.874692,9.989818,836.7332,2021
Sevilla,2021,7,27.683899,12.30537,0.0984163,904.0275,2021
Sevilla,2021,8,27.933567,14.369387,1.2068536,800.14954,2021
Soria,2020,9,16.616976,6.3178997,37.13243,539.8579,2021
Soria,2020,10,9.789733,4.421625,61.076134,346.22925,2021
Soria,2020,11,7.692163,4.491736,45.022644,224.78012,2021
Soria,2020,12,3.5085049,0.82515943,67.579445,169.61444,2021
Soria,2021,1,0.9347529,-1.4705163,71.1774,203.96317,2021
Soria,2021,2,6.049482,2.465155,67.861374,287.6811,2021
Soria,2021,3,6.086073,0.17354812,24.178223,515.9676,2021
Soria,2021,4,8.3766775,2.1697874,93.55873,558.77985,2021
Soria,2021,5,12.375362,5.1962147,55.572792,700.5044,2021
Soria,2021,6,17.02654,9.024609,89.04996,747.0099,2021
Soria,2021,7,20.545639,7.567938,14.330826,832.8158,2021
Soria,2021,8,21.454357,7.7199693,15.409508,761.3951,2021
Tarragona,2020,9,20.808378,13.361555,29.496395,541.65234,2021
Tarragona,2020,10,15.572104,7.9182997,21.623182,415.65994,2021
Tarragona,2020,11,12.613244,9.427349,68.2735,238.89592,2021
Tarragona,2020,12,8.211873,3.3100793,17.861662,230.7157,2021
Tarragona,2021,1,6.302674,2.0269537,58.229053,255.38046,2021
Tarragona,2021,2,10.333141,6.5513797,28.425238,297.08148,2021
Tarragona,2021,3,10.649737,4.3864255,22.979939,526.01746,2021
Tarragona,2021,4,12.185096,6.165374,68.458115,544.798,2021
Tarragona,2021,5,17.007,9.086823,29.986628,746.0797,2021
Tarragona,2021,6,22.25855,13.559189,30.61705,733.864,2021
Tarragona,2021,7,24.215368,15.387004,31.413446,786.59076,2021
Tarragona,2021,8,24.238543,16.34658,37.1398,659.7921,2021
Teruel,2020,9,17.289928,7.2649593,19.511715,554.5054,2021
Teruel,2020,10,11.176792,3.7330015,25.58137,416.65945,2021
Teruel,2020,11,8.407016,4.6959887,83.06176,247.09415,2021
Teruel,2020,12,4.1622286,0.10600214,31.992464,229.43224,2021
Teruel,2021,1,2.150729,-1.5791087,66.46676,248.1036,2021
Teruel,2021,2,6.9353786,2.3367703,30.034868,332.87912,2021
Teruel,2021,3,6.6975536,0.14853634,21.169004,525.75116,2021
Teruel,2021,4,8.726992,2.6549578,104.178925,549.7558,2021
Teruel,2021,5,13.738272,5.7874784,42.453835,725.73785,2021
Teruel,2021,6,18.294445,9.741164,67.45382,744.0148,2021
Teruel,2021,7,21.945023,9.159919,23.936165,845.69073,2021
Teruel,2021,8,21.902552,10.811208,42.492424,703.17474,2021
Toledo,2020,9,20.985666,8.249529,34.76605,578.1325,2021
Toledo,2020,10,13.967291,5.9184637,57.981197,425.3816,2021
Toledo,2020,11,10.971949,7.716432,85.913475,236.09943,2021
Toledo,2020,12,6.6595173,3.6462,42.667458,211.3405,2021
Toledo,2021,1,3.796771,0.72672117,73.277306,239.94054,2021
Toledo,2021,2,9.137249,5.0926485,59.64521,323.51035,2021
Toledo,2021,3,10.290125,2.298136,8.387218,562.39404,2021
Toledo,2021,4,12.656748,6.157684,83.52473,561.6056,2021
Toledo,2021,5,17.589914,6.7619486,16.177486,790.114,2021
Toledo,2021,6,22.401213,8.243999,26.781544,790.6264,2021
Toledo,2021,7,26.311985,7.1808076,2.1139617,901.99963,2021
Toledo,2021,8,26.949497,8.234196,12.072987,791.0484,2021
Valencia,2020,9,20.810652,11.894094,18.999165,563.3795,2021
Valencia,2020,10,15.633191,6.5856104,19.108704,454.58936,2021
Valencia,2020,11,12.2817,8.904948,109.57316,259.10492,2021
Valencia,2020,12,8.189171,2.5814672,11.906412,261.08063,2021
Valencia,2021,1,6.232115,1.2960869,58.469772,273.85077,2021
Valencia,2021,2,10.352514,5.237612,17.82742,331.5231,2021
Valencia,2021,3,9.978685,4.4066334,56.38443,519.02905,2021
Valencia,2021,4,11.9180765,6.806688,84.42345,528.35535,2021
Valencia,2021,5,17.41023,9.186575,37.14416,758.1939,2021
Valencia,2021,6,21.172056,13.36015,61.815247,746.78546,2021
Valencia,2021,7,25.101643,13.707,19.903574,845.5406,2021
Valencia,2021,8,24.77634,16.15576,35.790085,680.5489,2021
Valladolid,2020,9,18.474184,7.655737,41.960434,547.17975,2021
Valladolid,2020,10,11.533489,5.916634,89.817154,358.6787,2021
Valladolid,2020,11,9.259896,6.098164,33.233974,225.19722,2021
Valladolid,2020,12,5.1257076,2.5345542,58.966568,162.43834,2021
Valladolid,2021,1,2.8509827,0.18838501,44.030674,199.22711,2021
Valladolid,2021,2,7.841461,3.9701455,84.85107,265.28427,2021
Valladolid,2021,3,8.1871195,1.619604,9.048443,528.9106,2021
Valladolid,2021,4,10.559412,3.8516264,75.98118,585.90454,2021
Valladolid,2021,5,14.411285,5.73091,32.86013,724.6321,2021
Valladolid,2021,6,18.873932,9.075214,62.20662,776.735,2021
Valladolid,2021,7,22.21979,7.664526,4.8985653,873.0857,2021
Valladolid,2021,8,22.981243,7.872711,2.4131386,787.181,2021
Zamora,2020,9,18.283705,7.859754,56.252422,548.4749,2021
Zamora,2020,10,11.3368225,6.193512,98.117836,354.66672,2021
Zamora,2020,11,9.218816,6.3921204,75.54684,212.35469,2021
Zamora,2020,12,4.979627,2.6050632,63.03711,158.02794,2021
Zamora,2021,1,3.088392,0.258558,45.525246,204.58395,2021
Zamora,2021,2,7.179718,3.9215567,117.40896,241.22215,2021
Zamora,2021,3,8.09467,1.9651184,15.126807,521.66516,2021
Zamora,2021,4,10.493857,3.9213824,88.79584,565.2553,2021
Zamora,2021,5,13.626443,5.664337,29.285498,713.7382,2021
Zamora,2021,6,18.249159,8.77134,71.804634,778.51337,2021
Zamora,2021,7,21.263685,8.256064,3.9895997,874.1971,2021
Zamora,2021,8,22.251095,8.365596,4.6266823,784.9263,2021
Zaragoza,2020,9,19.962093,8.797438,25.460875,561.4847,2021
Zaragoza,2020,10,13.050025,6.284727,37.57941,378.3858,2021
Zaragoza,2020,11,10.058356,6.6684175,69.00613,239.30821,2021
Zaragoza,2020,12,6.084293,2.1994233,48.338024,203.66031,2021
Zaragoza,2021,1,4.410688,0.8062634,64.898964,227.0655,2021
Zaragoza,2021,2,8.936608,4.6830764,40.602673,300.76376,2021
Zaragoza,2021,3,9.355528,1.8341213,9.76612,517.99274,2021
Zaragoza,2021,4,11.23885,3.4479947,57.368332,565.49005,2021
Zaragoza,2021,5,16.027803,6.1452813,27.105799,722.3711,2021
Zaragoza,2021,6,20.831753,10.969838,65.0762,750.0908,2021
Zaragoza,2021,7,23.817297,10.55937,7.7850447,816.4411,2021
Zaragoza,2021,8,23.696068,11.327899,15.893935,737.4985,2021
Álava,2020,9,16.927643,10.448295,63.01166,497.9185,2021
Álava,2020,10,11.032509,7.3924723,115.973694,284.64987,2021
Álava,2020,11,9.181291,6.2582955,32.100613,228.51183,2021
Álava,2020,12,5.423837,2.8259223,135.50935,157.71234,2021
Álava,2021,1,3.6333528,1.4055984,83.875145,169.44876,2021
Álava,2021,2,7.9267526,4.466849,101.247986,236.88953,2021
Álava,2021,3,7.2013245,2.996232,46.822365,414.99243,2021
Álava,2021,4,8.644397,4.0124025,63.4243,519.9256,2021
Álava,2021,5,12.051235,7.5329394,70.29516,610.43024,2021
Álava,2021,6,15.87781,12.31452,134.6112,615.2539,2021
Álava,2021,7,17.29473,12.874262,29.37105,668.992,2021
Álava,2021,8,17.76842,13.169859,22.197561,631.90216,2021
Ávila,2020,9,17.681244,6.372232,55.61541,564.39984,2021
Ávila,2020,10,10.536048,4.3607926,117.27146,404.47424,2021
Ávila,2020,11,8.666295,5.4540806,95.54507,227.35799,2021
Ávila,2020,12,3.7748432,1.2498231,67.45162,193.1176,2021
Ávila,2021,1,1.7466847,-1.7853684,65.949104,237.34949,2021
Ávila,2021,2,6.1908383,2.7077928,106.42344,305.05493,2021
Ávila,2021,3,6.8459973,0.5313114,14.507239,561.1258,2021
Ávila,2021,4,9.396014,3.94165,104.11187,548.17426,2021
Ávila,2021,5,13.289648,5.2251415,38.997772,743.83655,2021
Ávila,2021,6,17.844006,7.7423935,54.994892,776.88403,2021
Ávila,2021,7,21.472174,6.6973305,9.422943,884.10846,2021
Ávila,2021,8,22.712137,6.7363605,13.924848,790.2885,2021
A Coruña,2021,9,17.465353,14.482172,100.99321,445.96353,2022
A Coruña,2021,10,14.6011715,11.889713,114.67737,327.5797,2022
A Coruña,2021,11,9.8526125,7.3575044,68.64102,224.94235,2022
A Coruña,2021,12,10.605948,8.249503,152.51149,154.22473,2022
A Coruña,2022,1,8.130686,5.351971,57.009407,229.44089,2022
A Coruña,2022,2,9.105163,6.455469,48.610252,258.8782,2022
A Coruña,2022,3,9.880221,6.7677927,148.33543,413.86243,2022
A Coruña,2022,4,10.578378,7.446351,91.75117,535.5856,2022
A Coruña,2022,5,15.223886,11.792781,57.817455,674.4738,2022
A Coruña,2022,6,16.023409,13.299422,103.12951,592.13403,2022
A Coruña,2022,7,20.087225,15.563,5.8261614,787.01965,2022
A Coruña,2022,8,19.673729,15.79611,37.13571,646.9609,2022
Albacete,2021,9,20.00449,11.796005,70.75596,542.2551,2022
Albacete,2021,10,15.653932,9.030619,61.722397,423.85675,2022
Albacete,2021,11,7.496437,2.8552055,39.8554,289.98178,2022
Albacete,2021,12,7.879738,4.2000947,28.748018,242.40282,2022
Albacete,2022,1,5.268476,-0.47569326,6.4213924,301.61542,2022
Albacete,2022,2,8.352478,0.58088756,15.935327,363.47513,2022
Albacete,2022,3,8.185956,4.903185,155.18338,353.15088,2022
Albacete,2022,4,10.282288,4.085367,87.47311,599.7372,2022
Albacete,2022,5,18.692652,6.8563585,23.030098,827.67303,2022
Albacete,2022,6,24.238878,7.5962687,17.52111,867.72186,2022
Albacete,2022,7,27.279224,10.10267,12.176598,873.2139,2022
Albacete,2022,8,26.152437,10.234364,13.938899,767.29877,2022
Alicante,2021,9,22.611013,16.617704,85.86325,537.2102,2022
Alicante,2021,10,17.786015,13.42786,111.1661,394.63724,2022
Alicante,2021,11,11.493689,5.840476,53.679268,301.39432,2022
Alicante,2021,12,11.511105,6.379577,10.489242,261.5817,2022
Alicante,2022,1,8.787172,2.7329385,13.144402,299.2381,2022
Alicante,2022,2,11.148847,3.8749256,8.697336,359.71008,2022
Alicante,2022,3,11.248546,8.087011,216.6699,384.9663,2022
Alicante,2022,4,12.932983,7.024374,97.70889,611.2297,2022
Alicante,2022,5,19.479773,11.181707,42.45951,813.2046,2022
Alicante,2022,6,24.73188,13.575065,7.9957204,860.89545,2022
Alicante,2022,7,26.98534,16.477613,6.0413303,835.6869,2022
Alicante,2022,8,27.137548,16.106031,7.5135336,758.40735,2022
Almería,2021,9,21.79901,13.51877,30.006622,583.58673,2022
Almería,2021,10,17.29105,11.082286,22.38516,461.4045,2022
Almería,2021,11,10.415288,4.1215644,33.57865,326.8337,2022
Almería,2021,12,10.412552,4.587765,10.0517845,281.91165,2022
Almería,2022,1,8.004132,1.460721,15.658325,317.1019,2022
Almería,2022,2,10.221423,2.6218197,15.642267,392.62845,2022
Almería,2022,3,10.075888,6.4596195,220.05818,418.30133,2022
Almería,2022,4,11.843255,5.89419,80.4926,645.9195,2022
Almería,2022,5,18.8567,9.053432,41.798244,830.09503,2022
Almería,2022,6,23.959309,9.696816,5.383794,871.04785,2022
Almería,2022,7,25.973797,13.917202,6.611881,866.7535,2022
Almería,2022,8,25.855133,13.476761,5.6153383,793.39435,2022
Asturias,2021,9,15.715084,12.755636,136.55527,403.42484,2022
Asturias,2021,10,12.748758,9.205686,79.61938,355.4404,2022
Asturias,2021,11,6.721911,4.724083,196.6061,193.2491,2022
Asturias,2021,12,7.7616997,5.0017385,173.74829,153.33861,2022
Asturias,2022,1,5.3466053,2.1910133,54.316242,223.19662,2022
Asturias,2022,2,6.6315475,3.3908308,43.022167,280.3969,2022
Asturias,2022,3,7.6059675,4.4114404,132.57294,406.64752,2022
Asturias,2022,4,8.521472,5.3117123,134.55513,557.81525,2022
Asturias,2022,5,13.742319,10.50529,68.55177,681.4175,2022
Asturias,2022,6,15.55498,12.623043,178.56096,628.6182,2022
Asturias,2022,7,18.939034,15.058182,29.104748,757.55585,2022
Asturias,2022,8,18.696165,15.5727415,103.32387,628.88165,2022
Badajoz,2021,9,22.002272,12.2627,69.965004,556.86755,2022
Badajoz,2021,10,19.069645,9.959861,59.130707,452.09967,2022
Badajoz,2021,11,10.44489,4.8782043,19.729267,309.35675,2022
Badajoz,2021,12,10.5129,7.0852966,53.926056,222.31447,2022
Badajoz,2022,1,8.436293,2.9069083,4.7711177,318.88354,2022
Badajoz,2022,2,11.277671,3.864951,14.256201,363.41183,2022
Badajoz,2022,3,11.631125,5.988242,111.556786,421.9841,2022
Badajoz,2022,4,13.344652,6.098611,58.231567,603.48566,2022
Badajoz,2022,5,21.965528,8.144396,4.631112,839.9596,2022
Badajoz,2022,6,24.31465,9.090851,5.181282,810.26215,2022
Badajoz,2022,7,30.442047,8.279894,0.37454444,908.8263,2022
Badajoz,2022,8,28.252855,10.5994215,2.3102796,805.58075,2022
Barcelona,2021,9,19.159271,15.41601,100.568474,457.88037,2022
Barcelona,2021,10,14.208128,11.081431,87.71622,341.2772,2022
Barcelona,2021,11,8.2624655,4.646867,97.82084,234.36296,2022
Barcelona,2021,12,6.582761,3.3442845,14.980014,221.95872,2022
Barcelona,2022,1,4.7087207,0.26743487,23.306206,274.79013,2022
Barcelona,2022,2,7.7681093,3.3882241,18.989698,307.6299,2022
Barcelona,2022,3,8.459059,5.0935664,121.12699,341.16492,2022
Barcelona,2022,4,11.07425,5.6133275,88.00597,590.8434,2022
Barcelona,2022,5,17.580833,10.493592,62.353195,759.8431,2022
Barcelona,2022,6,22.401571,14.73968,40.434772,791.0685,2022
Barcelona,2022,7,24.760326,16.373274,47.95579,794.5124,2022
Barcelona,2022,8,23.778294,17.099785,108.89757,663.233,2022
Bizkaia,2021,9,18.126432,14.743248,114.37623,405.46802,2022
Bizkaia,2021,10,14.10942,10.361423,70.91811,343.77618,2022
Bizkaia,2021,11,8.8585415,6.3569493,253.556,154.51869,2022
Bizkaia,2021,12,9.353482,6.294069,212.54262,158.6768,2022
Bizkaia,2022,1,6.455338,3.3397326,84.95718,214.74709,2022
Bizkaia,2022,2,8.262067,4.980104,40.69356,258.90573,2022
Bizkaia,2022,3,10.030163,5.69358,124.82921,388.2754,2022
Bizkaia,2022,4,10.293649,6.7115493,115.81103,490.9718,2022
Bizkaia,2022,5,15.152438,11.85066,43.011093,654.2621,2022
Bizkaia,2022,6,17.820992,14.4065,85.37888,598.8571,2022
Bizkaia,2022,7,20.21482,15.567438,19.106428,724.4563,2022
Bizkaia,2022,8,20.788725,16.799995,61.85204,591.29565,2022
Burgos,2021,9,16.70484,10.290576,67.57355,453.5192,2022
Burgos,2021,10,12.053533,6.3344207,49.229282,373.66156,2022
Burgos,2021,11,5.1430674,2.680338,100.88847,194.05928,2022
Burgos,2021,12,5.778819,3.2179213,75.331154,159.82196,2022
Burgos,2022,1,2.893144,-0.8395811,28.251066,245.9833,2022
Burgos,2022,2,5.162319,0.8947142,14.37106,296.36414,2022
Burgos,2022,3,6.4307733,2.5651147,94.39779,369.655,2022
Burgos,2022,4,7.8429165,3.258704,83.58264,546.1003,2022
Burgos,2022,5,14.993773,7.9531307,25.763067,724.309,2022
Burgos,2022,6,18.757797,9.127109,37.133766,705.99066,2022
Burgos,2022,7,22.231588,9.716876,7.681145,836.9345,2022
Burgos,2022,8,21.902264,11.044295,20.785635,688.4662,2022
Cantabria,2021,9,16.447939,13.1442,152.24146,389.6463,2022
Cantabria,2021,10,12.75354,9.103837,70.52298,355.23615,2022
Cantabria,2021,11,6.9259205,4.967411,211.89336,173.27242,2022
Cantabria,2021,12,7.714619,4.776249,146.36304,162.76501,2022
Cantabria,2022,1,4.9699545,1.670656,55.97997,226.30402,2022
Cantabria,2022,2,6.616257,3.3504233,33.601475,276.2078,2022
Cantabria,2022,3,8.166021,4.27711,132.1022,390.90985,2022
Cantabria,2022,4,8.866532,5.2924156,106.946976,524.8349,2022
Cantabria,2022,5,14.214917,10.306279,46.769253,666.0875,2022
Cantabria,2022,6,16.662449,12.874114,140.13126,591.59607,2022
Cantabria,2022,7,19.597641,13.942119,21.86793,734.764,2022
Cantabria,2022,8,19.654566,15.447454,79.82716,607.5725,2022
Castellón,2021,9,19.307224,15.507564,175.78941,467.60645,2022
Castellón,2021,10,15.018979,10.76855,51.89078,391.33673,2022
Castellón,2021,11,9.325489,3.782558,62.83007,272.68146,2022
Castellón,2021,12,9.047781,4.0688386,11.506982,246.52982,2022
Castellón,2022,1,6.332806,-0.37596497,4.80516,290.40884,2022
Castellón,2022,2,9.052681,2.1764462,13.55796,341.55295,2022
Castellón,2022,3,8.796584,5.626779,214.79736,349.4914,2022
Castellón,2022,4,11.2382765,5.4608183,100.25904,590.6322,2022
Castellón,2022,5,17.476902,10.906252,67.36704,789.0215,2022
Castellón,2022,6,22.560047,14.333938,34.10388,815.92426,2022
Castellón,2022,7,24.708347,16.221235,42.631332,800.31055,2022
Castellón,2022,8,24.86479,15.244871,49.128265,719.97174,2022
Ciudad Real,2021,9,21.619259,10.190659,30.721073,559.5573,2022
Ciudad Real,2021,10,17.460312,7.4402432,79.00202,448.95102,2022
Ciudad Real,2021,11,8.1381645,3.5446818,42.01036,288.52786,2022
Ciudad Real,2021,12,8.280922,5.111977,48.012066,224.67972,2022
Ciudad Real,2022,1,5.9889607,0.5782087,9.127993,317.75925,2022
Ciudad Real,2022,2,9.54749,1.963243,18.355555,366.58945,2022
Ciudad Real,2022,3,9.592278,4.890468,114.74772,390.26807,2022
Ciudad Real,2022,4,11.418232,4.7627206,86.62562,601.40466,2022
Ciudad Real,2022,5,20.457418,6.4973164,11.039723,843.88477,2022
Ciudad Real,2022,6,24.967796,6.2036724,3.633897,857.3215,2022
Ciudad Real,2022,7,30.051323,6.0228634,3.2041228,908.1212,2022
Ciudad Real,2022,8,28.027111,8.85035,11.957775,786.6561,2022
Cuenca,2021,9,18.688448,10.38374,56.31844,525.653,2022
Cuenca,2021,10,14.300923,6.78705,103.790764,418.61554,2022
Cuenca,2021,11,6.2783136,1.8980912,52.58563,278.72592,2022
Cuenca,2021,12,6.2834196,3.30173,47.275555,209.69765,2022
Cuenca,2022,1,3.7168858,-2.0423598,6.2782984,295.57788,2022
Cuenca,2022,2,7.1271377,-0.1522867,14.582281,346.22052,2022
Cuenca,2022,3,7.3031416,3.1353216,111.14345,359.4477,2022
Cuenca,2022,4,9.430403,3.1027448,84.08973,579.5221,2022
Cuenca,2022,5,17.963404,5.8513756,18.074251,828.3902,2022
Cuenca,2022,6,23.377287,6.0954313,11.281158,864.1285,2022
Cuenca,2022,7,27.013773,8.481046,13.3258505,883.816,2022
Cuenca,2022,8,25.29585,9.157092,20.63881,755.0785,2022
Cáceres,2021,9,20.95456,12.123164,98.04735,533.9666,2022
Cáceres,2021,10,17.674404,10.033761,105.60876,432.51233,2022
Cáceres,2021,11,9.553198,4.449793,20.415785,302.18094,2022
Cáceres,2021,12,9.6725235,6.4680552,86.71547,200.79391,2022
Cáceres,2022,1,7.3227105,2.088622,6.5862885,307.62952,2022
Cáceres,2022,2,10.042741,3.8385463,13.85414,348.77652,2022
Cáceres,2022,3,10.67682,5.559905,131.2536,404.07834,2022
Cáceres,2022,4,12.627543,5.7937117,65.5981,596.5451,2022
Cáceres,2022,5,20.888168,8.845219,6.157769,807.9438,2022
Cáceres,2022,6,23.46825,9.328051,9.809254,783.4181,2022
Cáceres,2022,7,29.824745,8.797846,1.1535118,898.87683,2022
Cáceres,2022,8,27.926043,10.19298,4.9392967,792.0784,2022
Cádiz,2021,9,22.892336,16.279488,36.75656,586.12384,2022
Cádiz,2021,10,20.24469,13.11175,24.172222,478.77832,2022
Cádiz,2021,11,13.391813,7.882498,33.18732,337.33737,2022
Cádiz,2021,12,13.170746,9.109772,91.33739,258.93533,2022
Cádiz,2022,1,11.572821,6.559802,14.854422,336.2035,2022
Cádiz,2022,2,13.298472,7.3465886,10.696417,395.7599,2022
Cádiz,2022,3,12.957731,8.873863,202.77202,442.95264,2022
Cádiz,2022,4,14.702735,9.607688,69.70585,653.36694,2022
Cádiz,2022,5,20.541079,11.806092,12.283628,842.71515,2022
Cádiz,2022,6,23.440603,12.960644,0.8174908,855.8786,2022
Cádiz,2022,7,27.443298,14.388323,0.13177007,893.1459,2022
Cádiz,2022,8,25.894554,16.781046,3.1876516,773.0212,2022
Córdoba,2021,9,22.901485,12.296714,37.92467,568.5487,2022
Córdoba,2021,10,19.526821,9.4508505,52.319153,459.86234,2022
Córdoba,2021,11,10.302113,4.671288,34.710217,311.52786,2022
Córdoba,2021,12,10.219132,6.4445095,55.58801,238.9957,2022
Córdoba,2022,1,8.2143755,2.6481786,8.400645,327.41446,2022
Córdoba,2022,2,11.657811,3.9040658,16.393585,368.86423,2022
Córdoba,2022,3,11.574559,6.3274755,126.37815,427.93448,2022
Córdoba,2022,4,13.420632,6.2578464,66.81964,613.6636,2022
Córdoba,2022,5,21.919573,8.142926,10.4201,843.7736,2022
Córdoba,2022,6,25.504646,8.591224,2.0922515,862.455,2022
Córdoba,2022,7,30.522348,9.1045475,0.35626045,907.8122,2022
Córdoba,2022,8,28.580149,11.872572,5.6508713,807.02374,2022
Gipuzkoa,2021,9,17.940516,14.6186495,116.06031,403.04395,2022
Gipuzkoa,2021,10,13.425113,9.750019,85.78973,341.59354,2022
Gipuzkoa,2021,11,7.834958,5.919719,226.25526,152.80678,2022
Gipuzkoa,2021,12,8.286707,5.7468457,240.78647,155.17455,2022
Gipuzkoa,2022,1,5.426933,2.6404002,113.31656,214.74257,2022
Gipuzkoa,2022,2,7.751573,4.5476713,46.54864,257.6559,2022
Gipuzkoa,2022,3,9.481665,5.3516483,130.59207,378.55106,2022
Gipuzkoa,2022,4,9.682725,6.3908887,141.64449,485.87985,2022
Gipuzkoa,2022,5,15.264047,11.69582,49.89933,645.5997,2022
Gipuzkoa,2022,6,17.870491,14.57193,103.809525,596.68896,2022
Gipuzkoa,2022,7,20.015379,15.425889,26.823317,719.56335,2022
Gipuzkoa,2022,8,20.706074,16.662617,88.16241,587.58374,2022
Girona,2021,9,19.207659,15.255535,98.447044,445.39337,2022
Girona,2021,10,14.37887,10.022509,55.81819,355.0054,2022
Girona,2021,11,8.422824,4.351267,139.41896,217.98912,2022
Girona,2021,12,6.7564,3.3679686,33.492508,213.56633,2022
Girona,2022,1,4.9189496,-0.21279807,23.97452,270.8734,2022
Girona,2022,2,7.892971,3.3247836,21.252935,312.26202,2022
Girona,2022,3,8.493512,5.398122,147.97557,340.24374,2022
Girona,2022,4,11.151912,5.9998126,102.16563,578.5441,2022
Girona,2022,5,17.490587,10.942695,69.93638,736.0607,2022
Girona,2022,6,22.246302,15.46891,41.725777,767.0685,2022
Girona,2022,7,24.753025,16.297611,32.25701,773.7958,2022
Girona,2022,8,23.710537,17.395515,92.4173,643.3877,2022
Granada,2021,9,20.390783,9.557484,24.992819,593.40485,2022
Granada,2021,10,16.042845,7.6803584,28.68656,473.4754,2022
Granada,2021,11,7.3055873,2.1681213,42.55071,317.86224,2022
Granada,2021,12,7.699335,3.0606256,32.89087,274.15305,2022
Granada,2022,1,5.816019,-0.57968897,13.995887,323.8201,2022
Granada,2022,2,8.757579,0.81138647,25.70133,384.38226,2022
Granada,2022,3,8.063108,4.190542,178.43513,418.62988,2022
Granada,2022,4,9.923341,3.9344258,88.12786,637.6244,2022
Granada,2022,5,17.93914,6.294234,34.433407,831.4687,2022
Granada,2022,6,23.111992,6.2498837,7.4265075,880.3315,2022
Granada,2022,7,26.472805,9.046834,7.9315085,884.0106,2022
Granada,2022,8,25.279673,9.565544,12.378529,799.1683,2022
Guadalajara,2021,9,17.387865,9.37439,52.14729,497.38016,2022
Guadalajara,2021,10,13.1626215,4.688172,64.04038,417.9667,2022
Guadalajara,2021,11,5.0910826,1.0445516,63.752697,257.8077,2022
Guadalajara,2021,12,5.323701,2.4136748,39.99426,183.76038,2022
Guadalajara,2022,1,2.9227445,-3.0090997,8.9942255,290.67715,2022
Guadalajara,2022,2,5.991702,-1.203255,11.682189,338.40012,2022
Guadalajara,2022,3,6.266837,2.1970203,134.58495,350.85385,2022
Guadalajara,2022,4,8.57965,2.114789,79.77966,578.58966,2022
Guadalajara,2022,5,16.800945,5.588005,22.303625,803.98395,2022
Guadalajara,2022,6,21.800798,5.598482,11.738551,843.8075,2022
Guadalajara,2022,7,25.959232,6.8096194,12.065751,879.9145,2022
Guadalajara,2022,8,24.167141,8.079339,18.637323,740.02655,2022
Huelva,2021,9,22.855808,14.453315,69.8813,583.121,2022
Huelva,2021,10,20.586016,12.093226,41.895042,476.01596,2022
Huelva,2021,11,12.643087,6.1872396,14.120719,330.083,2022
Huelva,2021,12,12.530839,8.509994,79.2151,245.15533,2022
Huelva,2022,1,10.791825,5.23372,5.686581,336.0353,2022
Huelva,2022,2,13.068568,5.8944774,13.384273,380.24188,2022
Huelva,2022,3,12.871284,7.9233046,140.58041,450.33496,2022
Huelva,2022,4,14.776144,7.956902,49.243347,634.8596,2022
Huelva,2022,5,21.845781,10.752707,6.8339224,836.1637,2022
Huelva,2022,6,24.080719,11.2086115,3.9937873,831.64246,2022
Huelva,2022,7,29.256199,11.665717,0.22149785,904.1555,2022
Huelva,2022,8,26.5179,13.908788,1.967357,798.4008,2022
Huesca,2021,9,17.249846,11.9680195,108.52952,471.01105,2022
Huesca,2021,10,12.188389,6.5948067,59.910164,396.5456,2022
Huesca,2021,11,5.719623,1.4758021,71.40271,263.43793,2022
Huesca,2021,12,4.5710382,1.5186567,87.05497,200.22144,2022
Huesca,2022,1,2.8396885,-2.2845225,38.190506,283.793,2022
Huesca,2022,2,6.209397,0.7887803,18.558014,324.37726,2022
Huesca,2022,3,6.852745,2.5383468,89.78017,389.58704,2022
Huesca,2022,4,9.479278,3.200017,113.55038,605.2696,2022
Huesca,2022,5,17.315592,7.055643,41.572,780.0848,2022
Huesca,2022,6,22.265821,9.525916,64.13816,788.966,2022
Huesca,2022,7,24.26714,12.177498,60.158474,835.1489,2022
Huesca,2022,8,23.572554,12.090655,59.78645,718.97687,2022
Illes Balears,2021,9,24.209597,19.524675,80.47122,509.18787,2022
Illes Balears,2021,10,19.190918,14.039068,58.67406,391.22278,2022
Illes Balears,2021,11,14.146144,9.822282,163.4746,220.26442,2022
Illes Balears,2021,12,12.843807,9.125579,26.543798,242.34927,2022
Illes Balears,2022,1,10.63833,6.2922525,15.790992,284.6716,2022
Illes Balears,2022,2,11.894388,7.2874947,8.104172,357.85324,2022
Illes Balears,2022,3,12.850688,9.317359,75.49868,431.40216,2022
Illes Balears,2022,4,14.349956,9.1158695,52.909912,629.22107,2022
Illes Balears,2022,5,19.967937,13.988003,34.46209,799.9827,2022
Illes Balears,2022,6,25.019106,18.010406,4.004733,818.9792,2022
Illes Balears,2022,7,27.637793,19.344482,1.4481828,848.0201,2022
Illes Balears,2022,8,27.829016,20.544304,33.156403,719.51447,2022
Jaén,2021,9,22.16434,10.136414,31.122768,576.92676,2022
Jaén,2021,10,17.894457,7.6951723,65.48583,465.7732,2022
Jaén,2021,11,8.511707,3.8528872,73.2696,288.3094,2022
Jaén,2021,12,8.442751,4.921635,66.468544,245.748,2022
Jaén,2022,1,6.1772017,0.71825695,13.587947,322.18616,2022
Jaén,2022,2,9.676592,2.1885297,24.012838,380.97687,2022
Jaén,2022,3,9.878233,5.197319,133.28442,402.09073,2022
Jaén,2022,4,11.725228,4.9935575,85.414246,612.9835,2022
Jaén,2022,5,20.262909,7.0226717,18.647232,834.9289,2022
Jaén,2022,6,24.956232,6.7997584,4.784627,875.19293,2022
Jaén,2022,7,29.631767,7.2960405,4.396525,897.10657,2022
Jaén,2022,8,27.955204,9.4721,10.62808,794.35,2022
La Rioja,2021,9,16.538069,11.031008,90.2083,450.73248,2022
La Rioja,2021,10,11.954949,6.1113305,41.884293,371.80865,2022
La Rioja,2021,11,5.0156837,2.5658076,125.374214,194.10928,2022
La Rioja,2021,12,5.5848317,2.5417128,69.11931,169.21925,2022
La Rioja,2022,1,3.0130544,-1.1550645,29.455742,251.4267,2022
La Rioja,2022,2,5.3169346,0.85627866,16.346445,296.10526,2022
La Rioja,2022,3,6.1515384,2.8191693,116.505424,355.31766,2022
La Rioja,2022,4,7.8349257,3.452658,101.62703,550.2893,2022
La Rioja,2022,5,14.990951,8.447005,41.657288,712.8599,2022
La Rioja,2022,6,19.284595,9.9671,41.27672,731.24524,2022
La Rioja,2022,7,21.805065,10.786661,20.865566,831.69617,2022
La Rioja,2022,8,21.827564,11.977241,37.41593,687.0231,2022
Las Palmas,2021,9,22.819656,17.88213,3.6099033,666.3869,2022
Las Palmas,2021,10,21.432037,15.895018,2.6075907,562.061,2022
Las Palmas,2021,11,18.591602,12.801807,14.49145,417.38577,2022
Las Palmas,2021,12,17.594147,12.493612,3.0376506,405.7626,2022
Las Palmas,2022,1,16.718607,10.044291,21.47415,430.9407,2022
Las Palmas,2022,2,17.529089,10.536093,11.493965,490.63687,2022
Las Palmas,2022,3,16.549585,10.790565,14.947219,638.0938,2022
Las Palmas,2022,4,17.600714,11.347154,11.503766,728.4044,2022
Las Palmas,2022,5,19.737432,14.361892,2.3826835,831.42114,2022
Las Palmas,2022,6,20.58,15.078611,4.6893296,782.3054,2022
Las Palmas,2022,7,22.675858,16.903498,2.7261455,818.1849,2022
Las Palmas,2022,8,22.607086,17.484528,4.476118,758.385,2022
León,2021,9,14.811714,9.753224,94.37989,425.99042,2022
León,2021,10,11.614067,6.2224164,61.736736,369.4003,2022
León,2021,11,4.8144574,1.8329064,69.30381,230.54208,2022
León,2021,12,5.2084384,2.8663423,103.405945,147.86734,2022
León,2022,1,3.0085053,-1.2205491,23.452065,245.26157,2022
León,2022,2,5.0927453,0.36270988,18.492453,298.10126,2022
León,2022,3,5.584234,2.0372887,106.20858,376.445,2022
León,2022,4,7.367382,2.310715,78.56101,571.24493,2022
León,2022,5,14.914986,7.0010614,36.24126,716.22174,2022
León,2022,6,16.850504,8.932338,72.68189,692.0348,2022
León,2022,7,21.882555,10.001499,13.467809,829.88586,2022
León,2022,8,21.224962,10.600947,27.022074,697.365,2022
Lleida,2021,9,17.014078,12.398495,94.59575,464.16904,2022
Lleida,2021,10,11.866825,7.2177563,76.311104,384.48593,2022
Lleida,2021,11,5.445735,1.3900832,64.827065,252.83556,2022
Lleida,2021,12,4.1244636,0.63944477,47.87305,212.41078,2022
Lleida,2022,1,2.5132403,-3.393592,31.212843,283.31375,2022
Lleida,2022,2,5.8114305,0.26630747,19.85984,320.74786,2022
Lleida,2022,3,6.492512,2.375111,90.568306,389.08115,2022
Lleida,2022,4,9.117025,2.9341533,92.77394,611.9298,2022
Lleida,2022,5,16.650003,7.188282,53.71359,768.76385,2022
Lleida,2022,6,21.589928,10.542857,56.094627,788.9344,2022
Lleida,2022,7,23.514334,13.059119,68.32616,817.6639,2022
Lleida,2022,8,22.362946,13.550631,90.33216,684.79767,2022
Lugo,2021,9,16.308266,12.735889,93.33306,424.55887,2022
Lugo,2021,10,13.135593,9.70725,102.95277,332.32678,2022
Lugo,2021,11,7.260158,5.3063536,81.78275,214.1388,2022
Lugo,2021,12,8.200698,6.1275964,157.94785,147.2532,2022
Lugo,2022,1,5.6512055,2.8761797,50.36292,227.64455,2022
Lugo,2022,2,7.0823336,4.3341656,40.9171,257.19116,2022
Lugo,2022,3,8.00323,4.941051,122.20553,399.94308,2022
Lugo,2022,4,9.136295,5.7870355,90.318535,528.7651,2022
Lugo,2022,5,14.731286,10.755845,64.589005,677.00885,2022
Lugo,2022,6,15.690473,12.579013,124.95707,615.36304,2022
Lugo,2022,7,20.199059,14.762782,11.235954,800.2904,2022
Lugo,2022,8,19.748344,15.040464,45.05955,669.8892,2022
Madrid,2021,9,19.02724,10.532376,60.533573,520.59,2022
Madrid,2021,10,14.956654,6.969481,74.18401,423.19638,2022
Madrid,2021,11,6.6959734,2.2902477,42.423412,271.78223,2022
Madrid,2021,12,6.697584,3.7121649,46.676693,187.7449,2022
Madrid,2022,1,4.212541,-1.212101,9.050206,288.63123,2022
Madrid,2022,2,7.7267714,0.5739813,12.605397,337.55377,2022
Madrid,2022,3,8.135006,3.6118202,150.97696,365.10104,2022
Madrid,2022,4,10.2784,3.5674372,61.98197,594.4734,2022
Madrid,2022,5,18.795092,6.8501554,17.364325,817.3863,2022
Madrid,2022,6,23.12783,6.589632,7.03252,843.4127,2022
Madrid,2022,7,28.136944,6.6944494,2.315111,905.08,2022
Madrid,2022,8,26.011225,8.986346,18.70756,765.8765,2022
Murcia,2021,9,22.178585,15.020818,58.53058,552.4989,2022
Murcia,2021,10,17.66146,12.179775,28.507029,419.43076,2022
Murcia,2021,11,10.673554,4.352735,42.562954,310.30753,2022
Murcia,2021,12,10.485731,5.422133,12.87202,260.4195,2022
Murcia,2022,1,7.881001,1.536495,10.650907,302.66843,2022
Murcia,2022,2,10.464399,2.6828194,10.580493,368.09955,2022
Murcia,2022,3,10.597413,7.18886,226.06548,372.25488,2022
Murcia,2022,4,12.264356,6.281867,87.36069,622.34357,2022
Murcia,2022,5,19.289894,10.033917,37.843967,824.69525,2022
Murcia,2022,6,24.54011,11.86985,7.7668576,865.24384,2022
Murcia,2022,7,26.77751,15.066839,6.3028965,851.143,2022
Murcia,2022,8,26.6961,14.3681345,5.1740303,773.64966,2022
Málaga,2021,9,21.92217,14.362139,28.105612,585.84607,2022
Málaga,2021,10,18.267666,11.704193,17.353764,479.71014,2022
Málaga,2021,11,11.256048,5.5783043,25.846373,339.58813,2022
Málaga,2021,12,11.195268,7.2143035,58.770916,264.56076,2022
Málaga,2022,1,9.463829,4.8852024,18.650038,314.49796,2022
Málaga,2022,2,11.344343,6.048589,16.012548,377.5711,2022
Málaga,2022,3,11.057679,7.2359686,220.6436,421.84198,2022
Málaga,2022,4,12.958782,7.8973556,71.19371,628.9272,2022
Málaga,2022,5,19.090885,10.634102,27.550867,839.68915,2022
Málaga,2022,6,23.203672,10.928535,0.92779917,876.0415,2022
Málaga,2022,7,26.528639,13.894369,0.41717815,893.77747,2022
Málaga,2022,8,25.79215,14.772064,2.587303,802.696,2022
Navarra,2021,9,17.831264,13.063941,95.044525,432.65182,2022
Navarra,2021,10,12.865429,7.9347396,57.36884,361.4363,2022
Navarra,2021,11,6.6083913,4.1102514,126.77716,186.75552,2022
Navarra,2021,12,6.1998005,4.029778,143.1511,163.34459,2022
Navarra,2022,1,3.783583,0.67755866,61.956814,242.00493,2022
Navarra,2022,2,6.61798,2.9216657,19.714321,281.22516,2022
Navarra,2022,3,7.95433,4.1417794,91.61092,359.55124,2022
Navarra,2022,4,9.316407,5.015045,98.04893,538.0759,2022
Navarra,2022,5,16.520409,9.581224,30.020685,702.4844,2022
Navarra,2022,6,20.336931,12.143219,67.711815,691.4772,2022
Navarra,2022,7,22.113316,13.346428,29.92249,794.6054,2022
Navarra,2022,8,22.558863,14.380288,60.441406,661.009,2022
Ourense,2021,9,15.715556,11.679652,99.61748,433.41534,2022
Ourense,2021,10,13.032846,8.701764,102.64526,352.91132,2022
Ourense,2021,11,6.4084454,3.8777978,35.149994,250.69092,2022
Ourense,2021,12,6.9947233,5.1479197,130.11403,144.50488,2022
Ourense,2022,1,4.8211727,1.1838298,30.275517,249.36417,2022
Ourense,2022,2,6.4658494,2.9205103,26.882318,279.23312,2022
Ourense,2022,3,7.3240223,3.9617112,121.42407,383.1967,2022
Ourense,2022,4,8.7180195,4.5763273,78.79435,549.255,2022
Ourense,2022,5,15.518368,9.532627,61.481915,713.9645,2022
Ourense,2022,6,16.096628,11.623713,101.49124,659.5243,2022
Ourense,2022,7,22.199947,13.194841,14.103304,854.61975,2022
Ourense,2022,8,21.305786,13.489621,27.117441,726.63434,2022
Palencia,2021,9,16.452627,10.044978,84.530815,450.2295,2022
Palencia,2021,10,12.040896,6.612627,44.74389,376.77985,2022
Palencia,2021,11,5.166462,2.3371215,70.74045,217.38547,2022
Palencia,2021,12,5.7607656,3.2166889,56.25481,156.4574,2022
Palencia,2022,1,2.9304848,-1.0166657,19.3903,245.8117,2022
Palencia,2022,2,5.270529,0.69310325,11.76888,312.6205,2022
Palencia,2022,3,6.5027666,2.494927,99.154945,373.30438,2022
Palencia,2022,4,8.06787,2.8151517,74.41899,573.4317,2022
Palencia,2022,5,15.633804,7.26908,21.930916,742.2618,2022
Palencia,2022,6,18.855309,8.62371,40.545895,715.91565,2022
Palencia,2022,7,22.71128,9.202953,4.610223,857.6767,2022
Palencia,2022,8,22.239218,10.603053,17.88883,714.4302,2022
Pontevedra,2021,9,17.22049,13.994659,112.33066,452.3779,2022
Pontevedra,2021,10,14.411611,11.451732,146.25783,334.42303,2022
Pontevedra,2021,11,8.851634,6.208893,32.92653,248.6909,2022
Pontevedra,2021,12,9.655914,7.5831604,178.42906,155.39467,2022
Pontevedra,2022,1,7.153839,4.2078757,50.484333,242.28764,2022
Pontevedra,2022,2,8.554637,5.8181458,39.79646,271.337,2022
Pontevedra,2022,3,9.595326,6.2094216,161.98262,410.7811,2022
Pontevedra,2022,4,10.434357,6.9986877,106.758,565.4542,2022
Pontevedra,2022,5,15.983022,11.996205,71.457085,703.47064,2022
Pontevedra,2022,6,16.307688,13.419505,113.091805,632.1779,2022
Pontevedra,2022,7,21.610464,15.642446,5.2111,839.09125,2022
Pontevedra,2022,8,20.666983,15.8073225,25.484842,697.23065,2022
Salamanca,2021,9,17.533133,10.534503,96.40856,505.89468,2022
Salamanca,2021,10,14.279656,7.8121567,73.42058,409.7353,2022
Salamanca,2021,11,6.134828,2.7418995,39.9036,264.55954,2022
Salamanca,2021,12,6.9157,4.5227475,59.19744,177.33856,2022
Salamanca,2022,1,4.3959155,0.025530363,9.365604,284.2528,2022
Salamanca,2022,2,7.226238,1.2951754,7.680235,337.61166,2022
Salamanca,2022,3,7.847862,3.6026459,112.565636,391.30844,2022
Salamanca,2022,4,9.728885,3.5791936,68.426575,582.156,2022
Salamanca,2022,5,17.715454,7.3200903,14.932493,772.34534,2022
Salamanca,2022,6,20.038242,8.49158,22.332258,759.0676,2022
Salamanca,2022,7,26.032515,8.555872,7.9527884,891.71765,2022
Salamanca,2022,8,24.657618,9.362215,13.291077,777.33746,2022
Santa Cruz de Tenerife,2021,9,21.262848,16.64216,8.496825,673.6934,2022
Santa Cruz de Tenerife,2021,10,19.828928,14.300038,7.550816,578.4373,2022
Santa Cruz de Tenerife,2021,11,16.55012,11.700023,42.45986,412.94742,2022
Santa Cruz de Tenerife,2021,12,15.790111,11.436188,19.940916,397.23706,2022
Santa Cruz de Tenerife,2022,1,14.714345,8.947499,31.161842,427.96207,2022
Santa Cruz de Tenerife,2022,2,14.765452,9.6079,26.372412,477.34714,2022
Santa Cruz de Tenerife,2022,3,14.462067,9.587718,37.297195,644.45734,2022
Santa Cruz de Tenerife,2022,4,15.625072,10.278392,20.161896,737.272,2022
Santa Cruz de Tenerife,2022,5,18.102203,13.216868,7.3393307,852.32324,2022
Santa Cruz de Tenerife,2022,6,18.990469,13.937083,6.837771,811.5109,2022
Santa Cruz de Tenerife,2022,7,21.391022,15.023265,4.160783,838.0232,2022
Santa Cruz de Tenerife,2022,8,21.427725,15.753571,7.840475,769.1812,2022
Segovia,2021,9,16.980635,9.21817,48.651997,499.08554,2022
Segovia,2021,10,13.1143465,5.3478346,54.722263,408.594,2022
Segovia,2021,11,4.622878,1.6516997,70.71504,241.50064,2022
Segovia,2021,12,5.5262756,2.8371823,62.077637,175.73424,2022
Segovia,2022,1,3.0529768,-2.1374528,19.90952,276.5559,2022
Segovia,2022,2,5.719288,-0.27144742,11.031314,336.07877,2022
Segovia,2022,3,6.4154615,2.2981968,117.15082,377.797,2022
Segovia,2022,4,8.419046,2.2446659,70.06839,584.8006,2022
Segovia,2022,5,16.553633,6.395866,23.522465,787.5254,2022
Segovia,2022,6,20.44192,6.7685275,19.690235,803.09,2022
Segovia,2022,7,25.533228,6.9563355,3.6195903,897.99866,2022
Segovia,2022,8,23.67822,7.963069,20.08271,759.6609,2022
Sevilla,2021,9,23.436707,14.559802,49.96274,571.4841,2022
Sevilla,2021,10,20.628231,11.423961,30.087433,473.56558,2022
Sevilla,2021,11,12.181715,5.853283,26.793467,328.1522,2022
Sevilla,2021,12,12.276159,7.943729,68.43947,244.70549,2022
Sevilla,2022,1,10.31791,4.830805,7.1480145,328.25824,2022
Sevilla,2022,2,13.184462,5.6194754,10.335313,379.14026,2022
Sevilla,2022,3,12.909398,7.7576666,151.33076,434.35565,2022
Sevilla,2022,4,14.849164,7.997639,53.556637,627.83704,2022
Sevilla,2022,5,22.372793,10.316655,8.670116,840.6315,2022
Sevilla,2022,6,25.246033,11.019265,1.0367426,846.296,2022
Sevilla,2022,7,30.059301,11.680906,0.051324904,905.27136,2022
Sevilla,2022,8,27.603813,14.788101,3.919386,794.9277,2022
Soria,2021,9,16.320324,9.602096,68.4703,480.89993,2022
Soria,2021,10,12.045832,4.3591595,37.752357,400.3861,2022
Soria,2021,11,4.2629976,1.0342981,87.55327,239.81186,2022
Soria,2021,12,4.9892263,2.0216928,43.686073,173.17744,2022
Soria,2022,1,2.573459,-3.0448506,12.107602,280.87714,2022
Soria,2022,2,5.089551,-1.0594392,10.52696,327.66187,2022
Soria,2022,3,5.4266577,1.8553772,120.02229,342.36255,2022
Soria,2022,4,7.7480197,1.8160405,74.69936,583.2147,2022
Soria,2022,5,15.699927,5.9638143,29.170614,774.64764,2022
Soria,2022,6,20.683617,6.046008,15.552196,808.1685,2022
Soria,2022,7,24.18898,7.423818,15.211254,872.4246,2022
Soria,2022,8,23.01474,8.530717,16.313446,731.55914,2022
Tarragona,2021,9,20.933456,16.570292,116.05724,472.25916,2022
Tarragona,2021,10,16.125412,11.5572195,52.724957,391.7333,2022
Tarragona,2021,11,9.937363,4.9519444,66.833176,259.59033,2022
Tarragona,2021,12,9.002676,5.1514072,8.461005,228.72232,2022
Tarragona,2022,1,6.518649,0.94132245,6.398682,292.25296,2022
Tarragona,2022,2,10.158526,3.4441204,5.1269555,325.58728,2022
Tarragona,2022,3,10.242026,6.433595,122.53799,366.27188,2022
Tarragona,2022,4,12.556554,6.395649,101.29238,604.7157,2022
Tarragona,2022,5,18.95265,11.276645,54.433174,792.6398,2022
Tarragona,2022,6,24.028187,14.809638,22.934446,796.4934,2022
Tarragona,2022,7,25.97418,17.08509,58.027004,812.07135,2022
Tarragona,2022,8,26.226692,17.405565,59.890533,711.8804,2022
Teruel,2021,9,16.984804,11.153385,89.94785,483.75864,2022
Teruel,2021,10,12.749998,5.7381363,40.861206,422.47626,2022
Teruel,2021,11,5.2820125,1.4898342,71.56829,260.36694,2022
Teruel,2021,12,5.7995996,1.8845359,21.753162,221.54477,2022
Teruel,2022,1,3.3087296,-3.321887,4.8511977,297.75534,2022
Teruel,2022,2,6.0175653,-0.81894845,9.623395,341.39163,2022
Teruel,2022,3,6.0321875,2.6044436,131.66153,347.3434,2022
Teruel,2022,4,8.363769,2.485733,109.19147,576.1891,2022
Teruel,2022,5,16.065598,6.7498026,51.839756,790.7597,2022
Teruel,2022,6,21.895596,8.17625,29.031008,827.6769,2022
Teruel,2022,7,24.055677,11.232449,51.835445,829.6579,2022
Teruel,2022,8,23.143274,10.411869,39.077187,722.68835,2022
Toledo,2021,9,20.580793,11.179047,55.59546,540.2434,2022
Toledo,2021,10,16.466253,8.137056,91.18213,435.70578,2022
Toledo,2021,11,7.8626738,3.4996066,46.5043,288.49246,2022
Toledo,2021,12,7.818107,5.070709,45.344254,205.61241,2022
Toledo,2022,1,5.2292185,0.3970206,7.5333467,300.78384,2022
Toledo,2022,2,8.857799,2.1574748,13.844809,349.59427,2022
Toledo,2022,3,9.352407,4.7866173,122.620224,378.17865,2022
Toledo,2022,4,11.376617,4.836719,73.65185,599.5235,2022
Toledo,2022,5,20.014277,7.416162,9.983748,831.8602,2022
Toledo,2022,6,24.338757,6.954712,4.73615,842.4414,2022
Toledo,2022,7,29.635643,6.4992576,1.4009432,910.97766,2022
Toledo,2022,8,27.520117,9.075354,16.498938,773.886,2022
Valencia,2021,9,20.474794,15.7657795,147.58261,495.5495,2022
Valencia,2021,10,16.209032,11.942674,93.58422,386.60712,2022
Valencia,2021,11,9.6937065,4.352145,48.20453,290.6907,2022
Valencia,2021,12,9.650814,5.121705,15.434209,246.4807,2022
Valencia,2022,1,6.7316403,0.63379157,8.366538,288.63824,2022
Valencia,2022,2,9.642201,2.3916712,14.513982,351.52084,2022
Valencia,2022,3,9.5107355,6.314666,252.56607,336.11334,2022
Valencia,2022,4,11.638479,5.9226613,113.92232,576.1989,2022
Valencia,2022,5,18.258131,11.115952,47.502293,795.34094,2022
Valencia,2022,6,23.992264,13.454035,22.279469,846.58105,2022
Valencia,2022,7,26.243553,15.460323,22.741299,818.5448,2022
Valencia,2022,8,26.366709,14.625188,18.163939,746.4069,2022
Valladolid,2021,9,17.98335,10.198528,65.92988,493.3248,2022
Valladolid,2021,10,13.513425,6.920474,45.770657,399.2294,2022
Valladolid,2021,11,5.924158,2.7527049,58.65771,229.33066,2022
Valladolid,2021,12,6.5165324,4.0632076,47.379433,163.6659,2022
Valladolid,2022,1,3.5696661,-0.48033836,13.324302,263.85718,2022
Valladolid,2022,2,6.3003345,0.9001659,5.539363,331.59738,2022
Valladolid,2022,3,7.9024076,3.1998153,89.06873,385.5627,2022
Valladolid,2022,4,9.561743,3.3213308,66.62698,590.0909,2022
Valladolid,2022,5,17.84914,6.943889,14.537675,775.60547,2022
Valladolid,2022,6,21.181395,7.6948657,19.12781,769.25024,2022
Valladolid,2022,7,25.917633,7.918898,2.5707011,898.19214,2022
Valladolid,2022,8,24.710735,9.018286,10.480606,761.27826,2022
Zamora,2021,9,16.9794,10.530775,98.19191,477.95578,2022
Zamora,2021,10,13.342054,7.3387756,44.962536,393.56323,2022
Zamora,2021,11,6.1033196,2.568198,43.187008,245.5227,2022
Zamora,2021,12,6.5431037,4.2485833,58.615673,155.8127,2022
Zamora,2022,1,3.8516452,-0.18450491,10.151385,263.59854,2022
Zamora,2022,2,6.5096917,1.0088893,7.383153,321.74234,2022
Zamora,2022,3,7.6327033,3.1316223,90.605415,384.8177,2022
Zamora,2022,4,9.448691,3.0072327,61.672142,580.7108,2022
Zamora,2022,5,17.519108,6.749455,18.40238,753.2101,2022
Zamora,2022,6,19.8058,8.247798,33.03279,749.52423,2022
Zamora,2022,7,25.416256,8.336927,7.0916567,881.7604,2022
Zamora,2022,8,24.236515,9.445587,11.924201,763.623,2022
Zaragoza,2021,9,19.421608,12.855886,74.94796,487.79608,2022
Zaragoza,2021,10,14.503234,7.0125675,31.830256,410.3177,2022
Zaragoza,2021,11,7.676105,3.3798587,82.22664,247.01627,2022
Zaragoza,2021,12,6.9052234,3.8597302,35.729256,195.09135,2022
Zaragoza,2022,1,4.440286,-0.46761566,10.822621,284.28305,2022
Zaragoza,2022,2,8.003207,1.5590008,6.03384,329.96017,2022
Zaragoza,2022,3,8.57313,4.2849917,92.07939,353.2006,2022
Zaragoza,2022,4,11.031798,4.4401717,74.862976,593.2343,2022
Zaragoza,2022,5,19.100012,7.9683414,36.428024,787.4295,2022
Zaragoza,2022,6,24.539932,9.038425,18.454132,811.98456,2022
Zaragoza,2022,7,26.069334,11.69691,43.380478,851.7844,2022
Zaragoza,2022,8,25.74072,12.326169,30.864952,732.03625,2022
Álava,2021,9,17.15725,12.482876,80.00134,415.0169,2022
Álava,2021,10,12.268377,8.200089,67.18215,349.9116,2022
Álava,2021,11,6.26651,4.3615956,165.97559,155.95671,2022
Álava,2021,12,6.156015,4.0681815,134.10526,163.27565,2022
Álava,2022,1,3.465269,1.0388273,51.093933,225.06078,2022
Álava,2022,2,5.833735,2.7760458,22.42498,268.18253,2022
Álava,2022,3,7.366665,3.998817,91.60286,374.14728,2022
Álava,2022,4,8.397011,4.9415445,100.38454,499.25586,2022
Álava,2022,5,14.736855,10.159102,32.4211,654.78656,2022
Álava,2022,6,17.959568,12.582902,52.506184,629.96655,2022
Álava,2022,7,20.443253,13.417346,14.587723,752.2756,2022
Álava,2022,8,21.04177,14.3638935,30.298096,614.7451,2022
Ávila,2021,9,16.512629,9.272105,92.8781,511.79984,2022
Ávila,2021,10,13.290389,6.346533,84.60931,417.71118,2022
Ávila,2021,11,4.5015907,1.3214298,50.923615,267.4252,2022
Ávila,2021,12,5.585805,2.7190998,59.88742,191.66681,2022
Ávila,2022,1,3.3932984,-2.0752928,12.422847,291.10526,2022
Ávila,2022,2,6.133777,-0.06382696,11.330308,342.50986,2022
Ávila,2022,3,6.0596495,2.4347494,146.49606,378.13553,2022
Ávila,2022,4,8.15848,2.3746262,86.0783,597.1194,2022
Ávila,2022,5,16.2541,6.4266286,27.522194,797.18207,2022
Ávila,2022,6,19.693283,6.865899,17.642694,818.4456,2022
Ávila,2022,7,25.383724,6.3315663,4.614882,905.2423,2022
Ávila,2022,8,23.597769,7.447207,24.063314,771.0252,2022
A Coruña,2022,9,17.167112,13.942757,93.82821655273438,446.2287292480469,2023
A Coruña,2022,10,15.84375,13.491119,238.7024688720703,284.93292236328125,2023
A Coruña,2022,11,12.106316,9.405285,193.47967529296875,179.79945373535156,2023
A Coruña,2022,12,10.629148,8.628589,275.91668701171875,136.64820861816406,2023
A Coruña,2023,1,8.421104,5.755041,246.6888427734375,172.74253845214844,2023
A Coruña,2023,2,7.7288656,4.1512346,28.79263687133789,318.1732177734375,2023
A Coruña,2023,3,10.793384,7.7950306,127.02347564697266,393.0944519042969,2023
A Coruña,2023,4,12.834346,9.582896,64.15293884277344,554.3673095703125,2023
A Coruña,2023,5,14.823839,10.924666,40.66799545288086,697.0918579101562,2023
A Coruña,2023,6,18.155182,15.210014,129.8993377685547,682.5288696289062,2023
A Coruña,2023,7,18.10574,14.460081,31.200515747070312,698.20947265625,2023
A Coruña,2023,8,19.563498,15.4402,32.79005432128906,626.6644897460938,2023
Albacete,2022,9,20.747925,9.428793,53.67232131958008,558.7333374023438,2023
Albacete,2022,10,17.69968,9.36457,28.230453491210938,420.06597900390625,2023
Albacete,2022,11,11.549882,5.265469,22.322145462036133,277.12353515625,2023
Albacete,2022,12,9.3247595,5.544848,54.23378372192383,215.3330078125,2023
Albacete,2023,1,5.206614,0.12561567,16.827116012573242,297.06500244140625,2023
Albacete,2023,2,5.5261025,-1.0282071,12.782398223876953,345.4897766113281,2023
Albacete,2023,3,12.062679,0.7323492,6.962314128875732,592.2381591796875,2023
Albacete,2023,4,16.527885,0.39120916,2.669055461883545,744.3383178710938,2023
Albacete,2023,5,16.293467,6.2170897,114.87906646728516,726.8189697265625,2023
Albacete,2023,6,20.774626,12.892331,72.61995697021484,712.9766235351562,2023
Albacete,2023,7,27.344494,11.127725,9.652277946472168,856.402099609375,2023
Albacete,2023,8,26.887941,9.2073,6.041337966918945,804.8480224609375,2023
Alicante,2022,9,23.334047,15.001167,53.67179870605469,542.4934692382812,2023
Alicante,2022,10,19.578398,14.51997,63.674705505371094,426.15521240234375,2023
Alicante,2022,11,15.37887,8.008017,15.432114601135254,304.60931396484375,2023
Alicante,2022,12,12.525757,8.1549635,34.379783630371094,238.63697814941406,2023
Alicante,2023,1,9.169774,1.9418758,9.023919105529785,312.26141357421875,2023
Alicante,2023,2,8.684333,2.4139452,23.25859260559082,347.5049133300781,2023
Alicante,2023,3,14.730668,4.133629,4.677500247955322,605.492431640625,2023
Alicante,2023,4,17.314627,6.38628,3.5005645751953125,726.1380615234375,2023
Alicante,2023,5,17.353638,11.052282,149.84957885742188,718.8026123046875,2023
Alicante,2023,6,22.458395,15.743154,35.79777526855469,765.6638793945312,2023
Alicante,2023,7,27.48696,19.531244,5.899147987365723,805.39111328125,2023
Alicante,2023,8,26.918896,17.212658,15.2024564743042,771.8497314453125,2023
Almería,2022,9,22.229084,11.519247,20.274993896484375,597.7645874023438,2023
Almería,2022,10,19.057226,10.569404,23.828493118286133,455.8048095703125,2023
Almería,2022,11,14.139212,6.7781777,13.093398094177246,328.8469543457031,2023
Almería,2022,12,11.294972,6.560813,31.851316452026367,267.6554260253906,2023
Almería,2023,1,8.138177,1.9079583,9.913256645202637,327.6549987792969,2023
Almería,2023,2,7.7001834,1.7143321,28.517436981201172,365.2864685058594,2023
Almería,2023,3,13.660089,3.4224648,5.9087910652160645,619.6655883789062,2023
Almería,2023,4,17.08974,3.8959444,5.018178939819336,753.0850219726562,2023
Almería,2023,5,16.489065,9.632789,146.29025268554688,730.3275146484375,2023
Almería,2023,6,21.38304,14.0654125,55.410606384277344,772.3138427734375,2023
Almería,2023,7,26.864525,15.680573,7.015059947967529,852.8418579101562,2023
Almería,2023,8,26.369993,13.760725,7.889279365539551,795.1884155273438,2023
Asturias,2022,9,15.379876,11.824794,86.79363250732422,470.03887939453125,2023
Asturias,2022,10,14.805477,11.197522,110.36322784423828,339.25732421875,2023
Asturias,2022,11,9.458449,6.353524,137.78318786621094,200.2355194091797,2023
Asturias,2022,12,8.436562,5.7682066,109.5582046508789,141.753173828125,2023
Asturias,2023,1,5.016436,2.400658,251.18890380859375,184.729736328125,2023
Asturias,2023,2,4.7229342,1.2927371,53.82196807861328,305.185302734375,2023
Asturias,2023,3,9.339472,4.7482357,47.79404830932617,441.1520690917969,2023
Asturias,2023,4,11.274693,7.1820526,58.282894134521484,590.7576293945312,2023
Asturias,2023,5,12.368365,9.209904,104.96308898925781,651.0217895507812,2023
Asturias,2023,6,16.778297,14.13246,182.50411987304688,642.0593872070312,2023
Asturias,2023,7,17.344734,13.99365,58.17045593261719,700.6441650390625,2023
Asturias,2023,8,18.29013,14.713964,71.49563598632812,610.7429809570312,2023
Badajoz,2022,9,22.214264,11.322104,26.7948055267334,574.4807739257812,2023
Badajoz,2022,10,20.72206,10.227797,30.897207260131836,422.43988037109375,2023
Badajoz,2022,11,13.711326,9.099038,42.624534606933594,252.1680145263672,2023
Badajoz,2022,12,11.814885,9.21865,142.40838623046875,190.69972229003906,2023
Badajoz,2023,1,7.7659955,3.71892,22.783416748046875,280.2680969238281,2023
Badajoz,2023,2,9.046583,2.165427,11.182337760925293,385.8132629394531,2023
Badajoz,2023,3,13.645503,5.2864337,15.649847030639648,540.27880859375,2023
Badajoz,2023,4,19.170746,3.3663025,5.206485748291016,751.833984375,2023
Badajoz,2023,5,19.883646,6.2887964,42.452125549316406,770.87744140625,2023
Badajoz,2023,6,24.730177,12.321633,34.9797477722168,766.2489624023438,2023
Badajoz,2023,7,28.044386,9.348393,0.4124271273612976,915.3634643554688,2023
Badajoz,2023,8,28.96558,8.99098,0.27002090215682983,824.5224609375,2023
Barcelona,2022,9,19.012144,14.850546,114.10215759277344,459.733642578125,2023
Barcelona,2022,10,16.948004,13.361408,56.880210876464844,372.07073974609375,2023
Barcelona,2022,11,10.890421,7.1118593,36.222835540771484,253.78347778320312,2023
Barcelona,2022,12,7.73297,5.191375,42.182193756103516,198.93515014648438,2023
Barcelona,2023,1,4.713118,0.40836146,21.345531463623047,256.36016845703125,2023
Barcelona,2023,2,5.7265916,1.0897349,54.0830192565918,328.9816589355469,2023
Barcelona,2023,3,10.696013,5.094566,9.081108093261719,527.18115234375,2023
Barcelona,2023,4,13.261667,5.943621,42.580623626708984,649.0481567382812,2023
Barcelona,2023,5,15.049109,9.894887,116.71908569335938,697.2166137695312,2023
Barcelona,2023,6,20.080273,15.561589,108.01951599121094,676.4697265625,2023
Barcelona,2023,7,23.392569,18.040245,53.071502685546875,736.67236328125,2023
Barcelona,2023,8,23.564953,16.437141,76.1576919555664,679.2073364257812,2023
Bizkaia,2022,9,17.857681,12.733952,77.85399627685547,449.0819396972656,2023
Bizkaia,2022,10,17.95027,12.190651,27.9747371673584,324.71234130859375,2023
Bizkaia,2022,11,12.006051,8.116285,153.30624389648438,191.75083923339844,2023
Bizkaia,2022,12,10.481656,6.64234,84.32112121582031,156.41812133789062,2023
Bizkaia,2023,1,6.935719,3.4350939,198.40138244628906,160.07911682128906,2023
Bizkaia,2023,2,6.6779747,2.714928,58.597957611083984,289.9349670410156,2023
Bizkaia,2023,3,11.2960415,6.082057,56.05779266357422,402.8585205078125,2023
Bizkaia,2023,4,11.8078575,8.485836,68.9725112915039,533.9672241210938,2023
Bizkaia,2023,5,13.981881,10.836041,96.02885437011719,631.4970092773438,2023
Bizkaia,2023,6,18.652447,15.65857,115.18093872070312,635.959228515625,2023
Bizkaia,2023,7,19.046167,15.672447,41.867897033691406,595.8722534179688,2023
Bizkaia,2023,8,19.752234,15.895679,81.7114486694336,580.1119384765625,2023
Burgos,2022,9,16.57107,7.661491,29.4324951171875,500.0016784667969,2023
Burgos,2022,10,15.501972,8.139709,47.017120361328125,364.6280517578125,2023
Burgos,2022,11,8.392494,5.1948586,96.70598602294922,202.96559143066406,2023
Burgos,2022,12,6.922733,4.606859,94.4408950805664,149.86782836914062,2023
Burgos,2023,1,2.8939466,0.33562097,97.14089965820312,189.5864715576172,2023
Burgos,2023,2,2.9127996,-1.337379,32.444271087646484,316.63250732421875,2023
Burgos,2023,3,8.558279,2.460699,22.022932052612305,446.3874206542969,2023
Burgos,2023,4,11.491148,3.2544258,28.043846130371094,609.9589233398438,2023
Burgos,2023,5,12.733635,5.911756,57.00489044189453,676.5384521484375,2023
Burgos,2023,6,17.715984,12.469384,98.36038208007812,683.0870361328125,2023
Burgos,2023,7,20.398603,10.947295,12.076277732849121,788.71826171875,2023
Burgos,2023,8,21.241863,10.499115,14.299479484558105,689.4039306640625,2023
Cantabria,2022,9,15.986894,11.367602,82.89535522460938,447.5633850097656,2023
Cantabria,2022,10,15.910646,10.826098,43.80873107910156,343.6328125,2023
Cantabria,2022,11,9.782309,6.5188494,118.94212341308594,204.42445373535156,2023
Cantabria,2022,12,8.472516,5.618938,87.55928802490234,150.88523864746094,2023
Cantabria,2023,1,4.7345543,2.0561807,205.02767944335938,181.8782958984375,2023
Cantabria,2023,2,4.762719,1.0111922,59.763031005859375,299.49896240234375,2023
Cantabria,2023,3,9.603833,4.8623905,43.47673416137695,423.0829162597656,2023
Cantabria,2023,4,11.093242,7.105985,67.3760986328125,559.2144775390625,2023
Cantabria,2023,5,12.525255,9.117753,112.93006896972656,614.0211181640625,2023
Cantabria,2023,6,17.385473,14.184892,143.89373779296875,628.91845703125,2023
Cantabria,2023,7,17.805552,14.424074,67.39305114746094,574.0230102539062,2023
Cantabria,2023,8,18.665224,14.737059,63.16815185546875,557.5062255859375,2023
Castellón,2022,9,20.229897,13.965557,83.22686004638672,494.2694091796875,2023
Castellón,2022,10,17.303534,13.251958,70.1288070678711,384.96954345703125,2023
Castellón,2022,11,12.459316,6.9733453,64.62616729736328,266.13037109375,2023
Castellón,2022,12,9.693918,6.253729,41.72710418701172,205.07907104492188,2023
Castellón,2023,1,6.498908,-0.3063849,6.60786247253418,295.2683410644531,2023
Castellón,2023,2,5.9887056,-0.19274257,26.689565658569336,346.3369140625,2023
Castellón,2023,3,12.451673,3.2124276,5.733232498168945,561.1063842773438,2023
Castellón,2023,4,14.841741,5.473476,8.407747268676758,694.8955688476562,2023
Castellón,2023,5,15.814823,7.861911,102.9580078125,715.5873413085938,2023
Castellón,2023,6,20.97511,14.399697,61.183841705322266,705.299560546875,2023
Castellón,2023,7,24.656403,18.125776,32.06351089477539,769.6027221679688,2023
Castellón,2023,8,24.673056,15.114074,14.977350234985352,740.4147338867188,2023
Ciudad Real,2022,9,21.594168,9.189855,36.598655700683594,581.44091796875,2023
Ciudad Real,2022,10,19.23613,8.561282,28.274063110351562,424.1991882324219,2023
Ciudad Real,2022,11,11.983925,6.6716304,45.66797637939453,251.7911376953125,2023
Ciudad Real,2022,12,9.873866,6.9824996,129.944091796875,191.9302520751953,2023
Ciudad Real,2023,1,5.7607613,1.7120737,27.79244041442871,275.533203125,2023
Ciudad Real,2023,2,6.7751613,-0.060570676,9.874984741210938,379.1888732910156,2023
Ciudad Real,2023,3,12.394304,2.4526641,13.099760055541992,570.4583740234375,2023
Ciudad Real,2023,4,17.812323,0.5993858,5.662984371185303,744.6952514648438,2023
Ciudad Real,2023,5,18.206223,4.87239,64.67242431640625,746.6588134765625,2023
Ciudad Real,2023,6,23.31174,11.241871,41.72319030761719,754.59716796875,2023
Ciudad Real,2023,7,28.977283,6.580692,2.619825839996338,906.0100708007812,2023
Ciudad Real,2023,8,28.849422,6.090947,1.6203237771987915,821.0089111328125,2023
Cuenca,2022,9,19.0253,8.723732,63.14162826538086,550.1421508789062,2023
Cuenca,2022,10,16.584211,8.614145,41.89373779296875,405.109130859375,2023
Cuenca,2022,11,9.815593,5.2796617,62.02317810058594,241.0793914794922,2023
Cuenca,2022,12,7.634844,5.275384,122.32276153564453,172.9710235595703,2023
Cuenca,2023,1,3.5591178,-0.8152771,37.006446838378906,269.875732421875,2023
Cuenca,2023,2,4.16879,-2.0698838,8.076516151428223,352.07080078125,2023
Cuenca,2023,3,10.105005,0.88709426,11.06190013885498,564.5941162109375,2023
Cuenca,2023,4,14.873868,0.3340202,5.572094440460205,731.7479858398438,2023
Cuenca,2023,5,15.229125,4.1863894,92.61116027832031,738.3541259765625,2023
Cuenca,2023,6,19.76478,12.132912,82.614990234375,717.822021484375,2023
Cuenca,2023,7,26.114487,9.272614,8.395855903625488,881.9625244140625,2023
Cuenca,2023,8,25.828491,7.7734733,3.0074267387390137,803.76171875,2023
Cáceres,2022,9,21.238562,11.156248,49.127498626708984,551.4122924804688,2023
Cáceres,2022,10,19.182962,10.655502,97.41300201416016,395.3230285644531,2023
Cáceres,2022,11,12.367491,9.026694,82.52013397216797,224.5869903564453,2023
Cáceres,2022,12,10.78333,8.798202,244.1145477294922,158.8553924560547,2023
Cáceres,2023,1,6.9440002,2.996395,52.411617279052734,265.4969482421875,2023
Cáceres,2023,2,7.833794,1.5416324,8.88801097869873,384.07611083984375,2023
Cáceres,2023,3,12.176391,5.586804,32.003204345703125,514.7063598632812,2023
Cáceres,2023,4,17.560444,4.5421195,8.064188003540039,726.7532958984375,2023
Cáceres,2023,5,18.875893,6.359728,64.15393829345703,750.4622802734375,2023
Cáceres,2023,6,23.353493,13.180617,48.23231506347656,755.1165771484375,2023
Cáceres,2023,7,27.062113,9.599064,0.20527783036231995,912.1670532226562,2023
Cáceres,2023,8,28.144474,9.342433,0.1294211447238922,818.8260498046875,2023
Cádiz,2022,9,22.73009,15.314946,10.239742279052734,609.1646728515625,2023
Cádiz,2022,10,21.684036,13.93657,11.347813606262207,453.6759948730469,2023
Cádiz,2022,11,16.38606,11.826009,37.40359878540039,314.9770812988281,2023
Cádiz,2022,12,14.261535,11.630765,214.4520721435547,245.18812561035156,2023
Cádiz,2023,1,10.927137,6.9395437,32.1630973815918,317.78277587890625,2023
Cádiz,2023,2,11.89999,6.3154273,23.14743423461914,389.077880859375,2023
Cádiz,2023,3,15.346176,8.492166,21.062971115112305,592.0621948242188,2023
Cádiz,2023,4,19.225103,8.19319,1.5883475542068481,742.23681640625,2023
Cádiz,2023,5,19.93435,11.992578,49.40615463256836,775.0421142578125,2023
Cádiz,2023,6,23.481272,14.826414,34.190711975097656,803.8961181640625,2023
Cádiz,2023,7,26.71255,16.011036,0.17030949890613556,893.5418090820312,2023
Cádiz,2023,8,27.602854,15.121419,0.24588648974895477,816.3560180664062,2023
Córdoba,2022,9,23.25796,11.081563,21.235681533813477,593.9451293945312,2023
Córdoba,2022,10,21.191322,10.114097,22.982614517211914,431.2408447265625,2023
Córdoba,2022,11,14.046358,8.097488,32.65121078491211,274.9684143066406,2023
Córdoba,2022,12,11.685853,8.5623455,139.09259033203125,218.42587280273438,2023
Córdoba,2023,1,7.8640475,3.6174378,25.335145950317383,290.40899658203125,2023
Córdoba,2023,2,9.249965,1.6797633,13.939528465270996,393.6459655761719,2023
Córdoba,2023,3,14.497495,4.5621715,14.999698638916016,580.0617065429688,2023
Córdoba,2023,4,19.717264,3.034667,4.386415958404541,752.0972290039062,2023
Córdoba,2023,5,20.038162,6.900941,69.34074401855469,747.4154052734375,2023
Córdoba,2023,6,24.790325,12.265736,34.429805755615234,778.6158447265625,2023
Córdoba,2023,7,29.627985,9.675145,1.1481356620788574,908.329833984375,2023
Córdoba,2023,8,30.021631,8.784541,0.5349543690681458,825.0866088867188,2023
Gipuzkoa,2022,9,17.346678,12.676355,90.79228973388672,453.53692626953125,2023
Gipuzkoa,2022,10,17.683125,12.292078,55.7302360534668,324.5366516113281,2023
Gipuzkoa,2022,11,11.134208,7.962688,184.022216796875,186.16404724121094,2023
Gipuzkoa,2022,12,9.269196,6.1628833,81.68880462646484,159.21514892578125,2023
Gipuzkoa,2023,1,5.6503215,2.7889931,176.4140167236328,164.77645874023438,2023
Gipuzkoa,2023,2,5.937808,1.8442355,49.84648513793945,292.4394836425781,2023
Gipuzkoa,2023,3,10.734461,5.506922,64.91777801513672,410.20556640625,2023
Gipuzkoa,2023,4,11.40354,8.0302925,86.01065063476562,520.0028686523438,2023
Gipuzkoa,2023,5,13.662772,10.444333,107.4432144165039,627.130615234375,2023
Gipuzkoa,2023,6,18.420807,15.436987,153.45953369140625,624.135986328125,2023
Gipuzkoa,2023,7,18.748909,15.594724,41.88452911376953,602.3837280273438,2023
Gipuzkoa,2023,8,19.501728,15.798492,102.41397094726562,582.38525390625,2023
Girona,2022,9,19.193731,13.757008,103.23140716552734,464.4499206542969,2023
Girona,2022,10,17.277351,13.4867325,34.09016036987305,366.08740234375,2023
Girona,2022,11,11.250552,6.929568,44.50294876098633,241.20440673828125,2023
Girona,2022,12,8.414414,5.6266575,35.31581497192383,194.32786560058594,2023
Girona,2023,1,5.2881026,0.27314985,32.101627349853516,249.8666229248047,2023
Girona,2023,2,6.162506,1.1092914,58.12158966064453,315.8216857910156,2023
Girona,2023,3,10.54824,5.6456723,32.09130096435547,487.154052734375,2023
Girona,2023,4,12.4772625,6.6384,85.28016662597656,601.0776977539062,2023
Girona,2023,5,15.248987,9.195429,104.88456726074219,695.5732421875,2023
Girona,2023,6,20.628735,15.140161,116.65647888183594,684.065673828125,2023
Girona,2023,7,23.399902,17.464031,62.37382888793945,718.3885498046875,2023
Girona,2023,8,22.990711,16.425348,94.85999298095703,656.8176879882812,2023
Granada,2022,9,20.394358,8.3867445,28.870845794677734,607.555908203125,2023
Granada,2022,10,17.745346,6.840032,21.975933074951172,447.89154052734375,2023
Granada,2022,11,11.576832,4.233899,21.350971221923828,318.1546936035156,2023
Granada,2022,12,8.842498,4.705942,104.13533782958984,251.40806579589844,2023
Granada,2023,1,5.2163625,0.622961,28.245075225830078,317.0723876953125,2023
Granada,2023,2,5.8323216,-0.69564253,19.619903564453125,385.2052307128906,2023
Granada,2023,3,11.65503,1.2984413,9.555411338806152,618.8202514648438,2023
Granada,2023,4,16.091928,0.7011087,5.63029670715332,754.6356811523438,2023
Granada,2023,5,15.599309,5.7090364,115.62154388427734,717.5021362304688,2023
Granada,2023,6,20.267086,11.702213,81.26643371582031,762.6664428710938,2023
Granada,2023,7,26.844206,9.0959215,7.640852451324463,874.7658081054688,2023
Granada,2023,8,26.4692,8.173053,5.300196170806885,809.7553100585938,2023
Guadalajara,2022,9,17.776936,7.4017024,50.48179244995117,540.8203735351562,2023
Guadalajara,2022,10,15.518615,7.4234524,57.08736038208008,387.4427185058594,2023
Guadalajara,2022,11,8.437552,4.80514,66.19855499267578,220.2659149169922,2023
Guadalajara,2022,12,6.396264,4.403219,119.82891845703125,156.12400817871094,2023
Guadalajara,2023,1,2.5726604,-1.3795111,44.644447326660156,245.3426971435547,2023
Guadalajara,2023,2,3.1881275,-2.681013,14.331555366516113,347.62750244140625,2023
Guadalajara,2023,3,8.862582,0.80990934,13.721637725830078,537.2914428710938,2023
Guadalajara,2023,4,13.274811,-0.17445602,13.89675235748291,702.3311157226562,2023
Guadalajara,2023,5,13.9679785,3.4080732,58.766937255859375,752.7496337890625,2023
Guadalajara,2023,6,18.811432,11.563287,97.7720718383789,700.2817993164062,2023
Guadalajara,2023,7,24.414923,7.8302712,9.146682739257812,881.8952026367188,2023
Guadalajara,2023,8,24.592554,6.266274,4.341024398803711,783.6271362304688,2023
Huelva,2022,9,22.777721,13.582709,24.097421646118164,592.0928344726562,2023
Huelva,2022,10,21.25605,13.473016,28.467679977416992,437.7937927246094,2023
Huelva,2022,11,15.554315,10.713588,28.263755798339844,286.8664245605469,2023
Huelva,2022,12,13.390815,11.02282,161.77871704101562,218.8251953125,2023
Huelva,2023,1,10.138956,5.4088254,16.621206283569336,308.4565124511719,2023
Huelva,2023,2,11.047028,4.5308957,17.177404403686523,376.84942626953125,2023
Huelva,2023,3,15.20478,7.3609924,10.516854286193848,565.6692504882812,2023
Huelva,2023,4,20.188404,6.175558,2.366011142730713,761.5755615234375,2023
Huelva,2023,5,20.870344,9.271956,40.136085510253906,779.2421264648438,2023
Huelva,2023,6,25.162468,13.703522,29.15565299987793,799.3463745117188,2023
Huelva,2023,7,28.09394,11.8008585,0.14584864675998688,913.3076782226562,2023
Huelva,2023,8,29.16215,11.435192,0.03774641454219818,824.361572265625,2023
Huesca,2022,9,17.678679,10.353502,81.37483215332031,514.4259643554688,2023
Huesca,2022,10,15.500078,10.101165,74.02134704589844,366.4031677246094,2023
Huesca,2022,11,8.586593,4.4874225,70.65731048583984,237.0074462890625,2023
Huesca,2022,12,5.42537,2.9710176,80.18336486816406,183.4617156982422,2023
Huesca,2023,1,1.8143313,-2.2100194,69.68754577636719,256.7151184082031,2023
Huesca,2023,2,3.012081,-2.3494554,44.65959930419922,351.1776123046875,2023
Huesca,2023,3,8.931763,1.8081844,21.798824310302734,527.7587890625,2023
Huesca,2023,4,12.37464,2.7718651,28.785123825073242,656.576904296875,2023
Huesca,2023,5,14.692728,5.0129156,75.04312896728516,743.362548828125,2023
Huesca,2023,6,19.383432,12.214636,114.76746368408203,698.9009399414062,2023
Huesca,2023,7,22.938416,13.273664,61.72371292114258,804.435302734375,2023
Huesca,2023,8,23.336132,11.141861,41.368431091308594,736.5860595703125,2023
Illes Balears,2022,9,24.691248,18.275764,63.76873779296875,540.4737548828125,2023
Illes Balears,2022,10,21.456026,17.814249,56.53013610839844,419.66693115234375,2023
Illes Balears,2022,11,17.348286,12.814811,74.32018280029297,273.3388977050781,2023
Illes Balears,2022,12,14.646717,11.81456,50.37560272216797,229.31260681152344,2023
Illes Balears,2023,1,11.419246,6.410025,30.57447624206543,269.33697509765625,2023
Illes Balears,2023,2,10.513069,6.398198,81.44691467285156,337.63995361328125,2023
Illes Balears,2023,3,14.007972,9.252248,5.940919876098633,575.6082763671875,2023
Illes Balears,2023,4,16.188692,10.2766905,19.08776092529297,709.640869140625,2023
Illes Balears,2023,5,18.442894,12.817383,42.096153259277344,739.9769897460938,2023
Illes Balears,2023,6,23.77714,18.003117,23.713071823120117,772.3442993164062,2023
Illes Balears,2023,7,27.316286,21.07515,2.8178184032440186,814.630615234375,2023
Illes Balears,2023,8,26.477346,19.907778,69.74812316894531,728.89208984375,2023
Jaén,2022,9,22.159044,9.483983,39.79991912841797,591.5721435546875,2023
Jaén,2022,10,19.482523,8.127997,18.71870994567871,434.891845703125,2023
Jaén,2022,11,12.551969,6.128661,45.61729049682617,277.46160888671875,2023
Jaén,2022,12,10.020172,6.470943,115.86143493652344,225.36672973632812,2023
Jaén,2023,1,6.254287,2.0867085,48.568912506103516,289.86859130859375,2023
Jaén,2023,2,7.143149,0.18623295,15.502584457397461,384.6628112792969,2023
Jaén,2023,3,12.837488,3.034985,16.495283126831055,588.3026733398438,2023
Jaén,2023,4,18.046295,1.1700058,4.387902736663818,748.8693237304688,2023
Jaén,2023,5,18.39118,5.351392,68.43134307861328,734.565673828125,2023
Jaén,2023,6,23.257612,11.498637,55.10465621948242,754.6602172851562,2023
Jaén,2023,7,29.377611,7.525639,5.216064929962158,890.3847045898438,2023
Jaén,2023,8,29.157782,6.6460333,2.001030921936035,821.8698120117188,2023
La Rioja,2022,9,16.902515,8.087574,35.71478271484375,500.39154052734375,2023
La Rioja,2022,10,15.576625,8.588588,47.38533401489258,362.87359619140625,2023
La Rioja,2022,11,8.847245,4.9500475,82.60836791992188,213.91494750976562,2023
La Rioja,2022,12,6.6034055,4.0892453,78.79557800292969,165.36312866210938,2023
La Rioja,2023,1,2.8493488,-0.2587867,85.48159790039062,201.6670684814453,2023
La Rioja,2023,2,2.9354177,-1.6898077,41.948673248291016,322.29901123046875,2023
La Rioja,2023,3,9.00543,2.0669158,13.733580589294434,476.3860778808594,2023
La Rioja,2023,4,11.573864,3.6089642,37.12966537475586,604.36328125,2023
La Rioja,2023,5,12.789722,5.9763207,58.30268096923828,680.5484619140625,2023
La Rioja,2023,6,17.684967,12.7499275,163.3289337158203,673.8524169921875,2023
La Rioja,2023,7,19.897726,12.744124,37.17144012451172,784.6015625,2023
La Rioja,2023,8,21.209044,11.250978,22.821186065673828,692.9608154296875,2023
Las Palmas,2022,9,22.408318,18.144773,61.15827941894531,621.7576293945312,2023
Las Palmas,2022,10,21.845137,17.338776,5.773506164550781,582.4578247070312,2023
Las Palmas,2022,11,20.769941,15.554481,2.0735862255096436,466.797119140625,2023
Las Palmas,2022,12,19.101175,13.78351,16.76049041748047,397.54156494140625,2023
Las Palmas,2023,1,17.011538,10.846961,10.555798530578613,408.4364318847656,2023
Las Palmas,2023,2,15.823639,10.193602,21.62062644958496,462.0323791503906,2023
Las Palmas,2023,3,18.833738,13.226163,1.3498260974884033,691.893798828125,2023
Las Palmas,2023,4,19.019003,13.664189,2.8877389430999756,763.3112182617188,2023
Las Palmas,2023,5,19.686253,13.76759,6.959284782409668,827.8442993164062,2023
Las Palmas,2023,6,22.400967,17.162287,9.007177352905273,787.5486450195312,2023
Las Palmas,2023,7,22.929583,17.42055,3.1817989349365234,791.6649169921875,2023
Las Palmas,2023,8,24.151712,18.654322,2.56723690032959,772.3722534179688,2023
León,2022,9,15.350031,8.070884,41.802101135253906,486.10308837890625,2023
León,2022,10,13.570933,8.311454,108.56897735595703,344.21142578125,2023
León,2022,11,6.8823833,4.3385453,106.43302154541016,194.5892333984375,2023
León,2022,12,5.7866664,4.2738156,116.7098388671875,123.25308990478516,2023
León,2023,1,2.285752,-0.19092344,140.62818908691406,207.6334228515625,2023
León,2023,2,2.7077103,-2.0328853,24.420352935791016,330.0213928222656,2023
León,2023,3,7.294734,2.2541704,38.06545639038086,453.5343322753906,2023
León,2023,4,11.22088,3.0784664,26.1463680267334,624.9655151367188,2023
León,2023,5,12.313168,5.1963553,53.099693298339844,701.54541015625,2023
León,2023,6,16.870714,11.511304,106.39017486572266,683.1603393554688,2023
León,2023,7,19.166225,9.914665,14.309357643127441,793.0596923828125,2023
León,2023,8,20.351738,10.19186,13.436750411987305,693.1620483398438,2023
Lleida,2022,9,17.24721,11.277704,84.61646270751953,494.3979187011719,2023
Lleida,2022,10,15.17513,10.239094,65.79888153076172,377.8134460449219,2023
Lleida,2022,11,8.5337105,4.118042,39.98313903808594,253.5315704345703,2023
Lleida,2022,12,5.298847,2.571391,55.11037063598633,194.4551544189453,2023
Lleida,2023,1,1.8801259,-2.5520067,35.092437744140625,254.41773986816406,2023
Lleida,2023,2,3.6253822,-2.5632608,40.558414459228516,346.83599853515625,2023
Lleida,2023,3,8.979112,1.8080899,16.55895233154297,535.4869384765625,2023
Lleida,2023,4,12.06383,2.7947018,33.5453987121582,652.265625,2023
Lleida,2023,5,13.906937,5.8310065,97.39227294921875,704.40185546875,2023
Lleida,2023,6,18.666119,12.607029,128.11325073242188,680.15673828125,2023
Lleida,2023,7,22.36854,14.599424,72.78118133544922,781.1219482421875,2023
Lleida,2023,8,22.497149,12.402833,56.31069564819336,708.7299194335938,2023
Lugo,2022,9,16.142776,11.911336,63.74835205078125,447.9347839355469,2023
Lugo,2022,10,15.085659,11.448098,170.1796112060547,315.8828430175781,2023
Lugo,2022,11,9.790931,7.3657656,191.29115295410156,181.562255859375,2023
Lugo,2022,12,8.70498,6.693952,197.4617462158203,131.8086700439453,2023
Lugo,2023,1,5.5635986,3.4672441,268.00628662109375,174.78631591796875,2023
Lugo,2023,2,5.2052464,1.8201109,30.31334686279297,318.9245910644531,2023
Lugo,2023,3,9.262023,5.783613,95.375,400.6458740234375,2023
Lugo,2023,4,11.867963,7.640483,58.801902770996094,571.9901733398438,2023
Lugo,2023,5,13.497669,9.208884,57.28116226196289,684.0174560546875,2023
Lugo,2023,6,17.416355,13.955763,126.41572570800781,665.2025756835938,2023
Lugo,2023,7,17.95224,13.046106,24.776559829711914,742.4747924804688,2023
Lugo,2023,8,19.335533,13.978163,36.69037628173828,638.24951171875,2023
Madrid,2022,9,19.6108,8.72403,39.33162307739258,560.1201782226562,2023
Madrid,2022,10,16.907694,9.101169,48.669254302978516,399.2110595703125,2023
Madrid,2022,11,9.98656,6.335226,62.15182113647461,227.21083068847656,2023
Madrid,2022,12,7.785753,5.903597,126.09032440185547,151.41551208496094,2023
Madrid,2023,1,4.2548614,0.20470876,34.100677490234375,254.12046813964844,2023
Madrid,2023,2,4.9019995,-1.1539675,8.777952194213867,349.3872985839844,2023
Madrid,2023,3,10.526366,2.0355473,12.317312240600586,551.9802856445312,2023
Madrid,2023,4,15.58134,0.89572215,9.396476745605469,721.3244018554688,2023
Madrid,2023,5,16.385948,4.4869213,60.704063415527344,762.9881591796875,2023
Madrid,2023,6,21.093266,12.076061,68.09437561035156,740.633056640625,2023
Madrid,2023,7,26.417873,7.663309,3.6612279415130615,900.1705322265625,2023
Madrid,2023,8,26.62094,6.791511,1.146288514137268,797.9210815429688,2023
Murcia,2022,9,22.7872,13.184984,46.502403259277344,559.1171264648438,2023
Murcia,2022,10,18.949467,12.759751,30.210350036621094,437.4659118652344,2023
Murcia,2022,11,14.309913,7.170809,15.145880699157715,315.14947509765625,2023
Murcia,2022,12,11.471102,7.0217056,19.78895378112793,250.62709045410156,2023
Murcia,2023,1,8.270051,1.2756339,6.51212739944458,319.26910400390625,2023
Murcia,2023,2,7.884402,1.330665,20.278554916381836,347.4538879394531,2023
Murcia,2023,3,14.172501,3.1552165,4.21571159362793,610.5313110351562,2023
Murcia,2023,4,17.509306,4.4311666,2.45937180519104,740.3709106445312,2023
Murcia,2023,5,17.259764,9.949119,128.03846740722656,724.6514282226562,2023
Murcia,2023,6,22.088293,14.938806,41.731319427490234,742.468017578125,2023
Murcia,2023,7,27.530384,17.510582,6.585670471191406,825.3306274414062,2023
Murcia,2023,8,26.963764,15.080174,11.008016586303711,784.4744262695312,2023
Málaga,2022,9,22.076735,12.576314,12.444684982299805,611.995849609375,2023
Málaga,2022,10,19.79993,11.846454,15.068760871887207,446.0384216308594,2023
Málaga,2022,11,14.58704,9.131399,23.695016860961914,320.8323669433594,2023
Málaga,2022,12,12.24462,9.019603,151.11964416503906,250.11587524414062,2023
Málaga,2023,1,8.974769,4.8419294,25.95250129699707,318.2948303222656,2023
Málaga,2023,2,9.608862,4.1909466,23.192508697509766,386.1270751953125,2023
Málaga,2023,3,13.980979,6.0279613,14.497697830200195,604.6472778320312,2023
Málaga,2023,4,17.79477,6.563502,3.1903810501098633,742.663818359375,2023
Málaga,2023,5,18.09262,10.228624,68.99290466308594,729.1878662109375,2023
Málaga,2023,6,22.209253,13.612464,34.58613967895508,796.9926147460938,2023
Málaga,2023,7,27.386658,13.915429,1.4188528060913086,889.3970336914062,2023
Málaga,2023,8,27.104273,13.911639,1.8708446025848389,815.3950805664062,2023
Navarra,2022,9,17.69308,10.9147625,56.947330474853516,485.6374816894531,2023
Navarra,2022,10,17.161335,10.8458805,43.59550857543945,348.07452392578125,2023
Navarra,2022,11,9.833413,6.4912963,119.73318481445312,201.4071807861328,2023
Navarra,2022,12,7.3437004,4.863956,66.32853698730469,165.85934448242188,2023
Navarra,2023,1,3.7227077,0.76549137,103.01660919189453,200.88357543945312,2023
Navarra,2023,2,4.358475,-0.16971035,30.430469512939453,314.9715576171875,2023
Navarra,2023,3,10.119689,3.4556937,32.9266357421875,457.3091735839844,2023
Navarra,2023,4,11.944396,5.8944817,58.34109878540039,571.0714721679688,2023
Navarra,2023,5,14.148043,7.9663854,59.37222671508789,676.10986328125,2023
Navarra,2023,6,19.066229,13.805918,115.74993896484375,673.6027221679688,2023
Navarra,2023,7,20.535595,14.3001,31.79656410217285,704.50830078125,2023
Navarra,2023,8,21.642014,13.587319,40.935001373291016,657.8397216796875,2023
Ourense,2022,9,16.278551,10.837064,56.29967498779297,463.12548828125,2023
Ourense,2022,10,14.63231,10.3007765,208.644775390625,324.1701965332031,2023
Ourense,2022,11,8.731771,6.672584,199.84632873535156,182.41009521484375,2023
Ourense,2022,12,7.697338,6.165451,241.1500701904297,117.13627624511719,2023
Ourense,2023,1,4.4163103,2.2489598,210.69894409179688,197.42559814453125,2023
Ourense,2023,2,4.580623,-0.008132742,20.36997413635254,342.7901611328125,2023
Ourense,2023,3,8.3675785,4.816747,93.25658416748047,410.2233581542969,2023
Ourense,2023,4,12.08254,6.080657,41.20127868652344,601.8106079101562,2023
Ourense,2023,5,13.651529,7.4795494,83.7542953491211,706.9321899414062,2023
Ourense,2023,6,17.33759,13.271965,124.59291076660156,690.755126953125,2023
Ourense,2023,7,18.615017,11.808292,9.4751615524292,817.9049072265625,2023
Ourense,2023,8,20.150305,12.309544,12.376568794250488,708.5359497070312,2023
Palencia,2022,9,16.608921,7.4494944,22.97081756591797,507.25762939453125,2023
Palencia,2022,10,15.023601,8.332807,75.2698745727539,363.26092529296875,2023
Palencia,2022,11,7.9229817,5.104864,77.86595916748047,203.7293243408203,2023
Palencia,2022,12,6.6307316,4.859418,106.14804077148438,134.67405700683594,2023
Palencia,2023,1,2.7410288,0.18085505,76.26696014404297,203.40892028808594,2023
Palencia,2023,2,2.9991677,-1.4425018,25.779565811157227,325.44232177734375,2023
Palencia,2023,3,8.305441,2.6142979,18.444934844970703,454.6947326660156,2023
Palencia,2023,4,12.021957,2.7799268,21.911327362060547,626.7017211914062,2023
Palencia,2023,5,13.074506,5.603808,46.77796936035156,705.628173828125,2023
Palencia,2023,6,17.906103,12.068769,90.81315612792969,712.0957641601562,2023
Palencia,2023,7,20.886497,9.990307,8.59564208984375,808.8202514648438,2023
Palencia,2023,8,21.802725,10.084329,10.008777618408203,704.8220825195312,2023
Pontevedra,2022,9,17.28421,13.754303,88.65585327148438,458.075927734375,2023
Pontevedra,2022,10,15.749176,13.141022,344.2753601074219,311.35552978515625,2023
Pontevedra,2022,11,11.378937,9.109731,260.54827880859375,187.1607666015625,2023
Pontevedra,2022,12,10.086945,8.358673,361.9427795410156,137.1903533935547,2023
Pontevedra,2023,1,7.32311,4.9388328,275.712646484375,189.46693420410156,2023
Pontevedra,2023,2,6.7953186,2.9516094,21.11869239807129,340.06878662109375,2023
Pontevedra,2023,3,10.222402,7.3930564,156.6280975341797,399.1064758300781,2023
Pontevedra,2023,4,13.020782,9.3766985,70.37897491455078,580.3688354492188,2023
Pontevedra,2023,5,14.88329,10.386302,76.69063568115234,701.6689453125,2023
Pontevedra,2023,6,18.205353,15.1406555,134.65769958496094,694.6201171875,2023
Pontevedra,2023,7,18.377838,14.163768,26.74230194091797,771.7538452148438,2023
Pontevedra,2023,8,20.03132,15.08963,27.232423782348633,676.2359619140625,2023
Salamanca,2022,9,17.95661,9.225674,42.70942306518555,525.3361206054688,2023
Salamanca,2022,10,16.301632,8.9792385,93.1715316772461,375.23974609375,2023
Salamanca,2022,11,9.51019,6.754947,84.7314224243164,208.93621826171875,2023
Salamanca,2022,12,8.251757,6.3920403,156.98985290527344,144.30738830566406,2023
Salamanca,2023,1,4.2080536,1.1949694,66.19874572753906,240.89700317382812,2023
Salamanca,2023,2,4.4635367,-0.4339313,15.156790733337402,362.7390441894531,2023
Salamanca,2023,3,9.360451,3.598644,27.429096221923828,501.306640625,2023
Salamanca,2023,4,13.858751,2.8923159,10.82079792022705,686.9515991210938,2023
Salamanca,2023,5,15.188778,5.548817,82.74639892578125,734.6384887695312,2023
Salamanca,2023,6,19.74924,12.226682,57.52684783935547,752.197509765625,2023
Salamanca,2023,7,22.998405,9.360304,1.8369410037994385,905.6388549804688,2023
Salamanca,2023,8,24.09386,9.056657,1.0664407014846802,802.2655639648438,2023
Santa Cruz de Tenerife,2022,9,20.618967,17.098135,102.67898559570312,604.3410034179688,2023
Santa Cruz de Tenerife,2022,10,19.644602,15.541087,8.60279655456543,571.68603515625,2023
Santa Cruz de Tenerife,2022,11,18.717031,14.115794,5.01316499710083,460.0321350097656,2023
Santa Cruz de Tenerife,2022,12,16.706125,12.367909,65.07791900634766,387.973876953125,2023
Santa Cruz de Tenerife,2023,1,14.397532,9.652415,32.393165588378906,414.3036804199219,2023
Santa Cruz de Tenerife,2023,2,12.881825,8.343414,40.19576644897461,469.29150390625,2023
Santa Cruz de Tenerife,2023,3,17.450998,11.316966,2.864555597305298,699.1437377929688,2023
Santa Cruz de Tenerife,2023,4,17.128326,11.784088,6.913295269012451,770.6995239257812,2023
Santa Cruz de Tenerife,2023,5,17.47167,12.132233,17.051902770996094,834.7125854492188,2023
Santa Cruz de Tenerife,2023,6,20.31363,15.863515,22.27912139892578,811.032470703125,2023
Santa Cruz de Tenerife,2023,7,21.85375,16.200754,4.224351406097412,836.0134887695312,2023
Santa Cruz de Tenerife,2023,8,22.978668,16.826975,4.92655611038208,789.378662109375,2023
Segovia,2022,9,17.374035,6.9963107,30.71586799621582,541.6015014648438,2023
Segovia,2022,10,15.439117,7.499703,51.0624885559082,386.12060546875,2023
Segovia,2022,11,8.454254,5.263516,94.9847640991211,216.5895538330078,2023
Segovia,2022,12,6.6226854,4.330873,116.2103042602539,165.43104553222656,2023
Segovia,2023,1,2.7337053,-0.30605116,72.2460708618164,227.3131866455078,2023
Segovia,2023,2,3.0626397,-1.9089886,16.403915405273438,342.8854064941406,2023
Segovia,2023,3,8.5353985,1.6287376,19.506860733032227,514.1876831054688,2023
Segovia,2023,4,12.579421,1.1243559,14.653348922729492,692.0786743164062,2023
Segovia,2023,5,13.592271,4.511396,59.95871353149414,764.5435791015625,2023
Segovia,2023,6,18.725674,11.546128,81.0410385131836,728.74560546875,2023
Segovia,2023,7,23.070568,8.32423,6.052384853363037,891.4872436523438,2023
Segovia,2023,8,23.598593,7.2988267,2.813336133956909,779.2562866210938,2023
Sevilla,2022,9,23.801365,13.405946,13.654170036315918,604.9557495117188,2023
Sevilla,2022,10,22.068995,12.48273,24.032541275024414,443.4640197753906,2023
Sevilla,2022,11,15.609088,10.23164,23.319990158081055,288.513427734375,2023
Sevilla,2022,12,13.179352,10.343958,126.68792724609375,230.85008239746094,2023
Sevilla,2023,1,9.78947,5.2303534,18.417213439941406,304.3834228515625,2023
Sevilla,2023,2,11.215282,3.5911758,12.016450881958008,394.78143310546875,2023
Sevilla,2023,3,15.966128,6.3657756,10.94615364074707,582.7442626953125,2023
Sevilla,2023,4,20.705475,5.3896565,2.2840282917022705,752.2732543945312,2023
Sevilla,2023,5,21.139482,9.286441,47.9555549621582,764.567626953125,2023
Sevilla,2023,6,25.356052,13.726695,37.12991714477539,794.2630615234375,2023
Sevilla,2023,7,28.926249,12.863589,0.12745517492294312,906.1939086914062,2023
Sevilla,2023,8,29.83365,11.858792,0.3401750922203064,822.4711303710938,2023
Soria,2022,9,17.035082,6.3933516,27.21798324584961,532.2079467773438,2023
Soria,2022,10,15.026073,7.2899647,50.500030517578125,377.475830078125,2023
Soria,2022,11,8.002585,4.4319987,71.82255554199219,213.7257080078125,2023
Soria,2022,12,6.003519,3.793978,94.44931030273438,161.65423583984375,2023
Soria,2023,1,2.1094675,-1.4106119,51.8349494934082,232.13055419921875,2023
Soria,2023,2,2.4910936,-3.0828853,27.351425170898438,344.0672302246094,2023
Soria,2023,3,8.409585,0.73962885,12.808480262756348,500.5624084472656,2023
Soria,2023,4,12.071188,0.3651043,17.474512100219727,659.8389282226562,2023
Soria,2023,5,13.077733,3.5753264,39.88575744628906,756.7030639648438,2023
Soria,2023,6,17.982843,11.458631,109.20674896240234,701.8865966796875,2023
Soria,2023,7,22.101492,9.54877,20.48699188232422,856.3159790039062,2023
Soria,2023,8,23.026627,7.4857354,6.9658379554748535,756.6104125976562,2023
Tarragona,2022,9,21.45001,15.383163,65.08546447753906,483.76458740234375,2023
Tarragona,2022,10,18.874052,15.118321,54.66653060913086,366.35064697265625,2023
Tarragona,2022,11,13.498588,8.132733,24.132736206054688,265.4183044433594,2023
Tarragona,2022,12,9.92912,6.9225855,55.104515075683594,200.03053283691406,2023
Tarragona,2023,1,6.7289085,1.3077465,12.84952163696289,275.0716247558594,2023
Tarragona,2023,2,7.2004833,1.5378162,42.16026306152344,338.8909912109375,2023
Tarragona,2023,3,13.038026,5.062765,4.393171310424805,546.2728271484375,2023
Tarragona,2023,4,15.395874,6.6061563,5.982029438018799,685.7431030273438,2023
Tarragona,2023,5,17.438704,9.360973,66.12921142578125,748.1757202148438,2023
Tarragona,2023,6,22.298412,15.812413,65.62522888183594,722.1984252929688,2023
Tarragona,2023,7,25.55112,18.164204,22.66292953491211,757.8443603515625,2023
Tarragona,2023,8,25.741175,16.227777,21.55093002319336,717.1154174804688,2023
Teruel,2022,9,17.74704,9.038115,57.51601028442383,518.4022827148438,2023
Teruel,2022,10,15.491793,8.783376,60.643184661865234,386.03070068359375,2023
Teruel,2022,11,9.286839,4.3879833,43.04069137573242,245.3444061279297,2023
Teruel,2022,12,6.748516,3.5259488,63.06407928466797,198.734375,2023
Teruel,2023,1,2.8871017,-2.2572453,19.537996292114258,272.9287414550781,2023
Teruel,2023,2,3.185956,-3.0598307,19.113615036010742,352.74908447265625,2023
Teruel,2023,3,9.855936,-0.09257018,5.651490211486816,559.2723388671875,2023
Teruel,2023,4,13.0302515,0.650534,9.279792785644531,696.6871948242188,2023
Teruel,2023,5,13.330474,3.8929229,75.3379898071289,714.4401245117188,2023
Teruel,2023,6,18.43879,11.632035,100.1024169921875,682.9652099609375,2023
Teruel,2023,7,23.515003,12.0541725,23.64922332763672,839.0043334960938,2023
Teruel,2023,8,23.276936,9.796589,11.441546440124512,761.5,2023
Toledo,2022,9,21.038845,9.540739,38.50539779663086,573.3429565429688,2023
Toledo,2022,10,18.458052,9.441284,40.167152404785156,412.8404541015625,2023
Toledo,2022,11,11.4498625,7.392482,53.556278228759766,237.5374298095703,2023
Toledo,2022,12,9.36852,7.139176,142.96742248535156,168.67391967773438,2023
Toledo,2023,1,5.562073,1.5672412,23.86975860595703,266.6385498046875,2023
Toledo,2023,2,6.312472,-0.10080183,6.135890007019043,365.8093566894531,2023
Toledo,2023,3,11.811784,2.9741235,13.969121932983398,562.777099609375,2023
Toledo,2023,4,17.13432,1.4563801,7.440483570098877,741.1632690429688,2023
Toledo,2023,5,17.89454,4.950322,69.65604400634766,748.03271484375,2023
Toledo,2023,6,22.659405,12.172752,50.06288528442383,753.5694580078125,2023
Toledo,2023,7,28.077307,7.4819117,1.329443335533142,909.40576171875,2023
Toledo,2023,8,28.217237,7.030441,1.0112806558609009,812.8037719726562,2023
Valencia,2022,9,21.843237,13.147428,48.53296661376953,523.3803100585938,2023
Valencia,2022,10,18.316782,13.097412,73.33869171142578,404.2257080078125,2023
Valencia,2022,11,13.393331,7.049939,31.80074119567871,275.9873352050781,2023
Valencia,2022,12,10.841882,6.8827677,42.01747512817383,210.7010955810547,2023
Valencia,2023,1,7.2788086,0.41316238,5.782251358032227,304.3193359375,2023
Valencia,2023,2,6.747404,0.3421936,25.24652099609375,333.3018493652344,2023
Valencia,2023,3,13.748627,2.4045367,2.805140495300293,587.948486328125,2023
Valencia,2023,4,16.831738,4.3336306,2.63547420501709,720.7037963867188,2023
Valencia,2023,5,16.79969,8.943169,117.40132141113281,708.300048828125,2023
Valencia,2023,6,21.861336,14.940873,55.58713912963867,723.7428588867188,2023
Valencia,2023,7,26.74605,17.415503,15.196229934692383,793.1380615234375,2023
Valencia,2023,8,26.473688,14.851101,11.520323753356934,768.8710327148438,2023
Valladolid,2022,9,18.33305,7.5822725,17.91324806213379,531.3366088867188,2023
Valladolid,2022,10,16.385895,8.461267,69.05333709716797,377.7497253417969,2023
Valladolid,2022,11,9.26742,6.2094254,72.4565200805664,211.73094177246094,2023
Valladolid,2022,12,7.760917,5.5387936,123.4074478149414,152.77658081054688,2023
Valladolid,2023,1,3.7985368,0.89685893,48.978919982910156,214.42929077148438,2023
Valladolid,2023,2,3.9659507,-0.70408213,16.101993560791016,335.3151550292969,2023
Valladolid,2023,3,9.556949,2.959936,15.139620780944824,493.6039733886719,2023
Valladolid,2023,4,13.854934,1.847498,10.66964340209961,666.6198120117188,2023
Valladolid,2023,5,15.106442,5.4992647,45.48983383178711,765.994873046875,2023
Valladolid,2023,6,19.892687,12.180772,58.365047454833984,759.0595703125,2023
Valladolid,2023,7,23.582893,9.079898,1.6277731657028198,893.833984375,2023
Valladolid,2023,8,24.234194,9.032113,2.788498878479004,773.9048461914062,2023
Zamora,2022,9,17.667233,8.340502,31.386112213134766,512.3831176757812,2023
Zamora,2022,10,15.663744,8.926422,103.8245620727539,359.4469909667969,2023
Zamora,2022,11,8.910134,6.0807014,70.11082458496094,201.0848388671875,2023
Zamora,2022,12,7.603267,5.8374505,138.8094482421875,126.38641357421875,2023
Zamora,2023,1,3.8851101,0.99256676,61.80146408081055,219.285400390625,2023
Zamora,2023,2,4.0193176,-0.82849556,15.708451271057129,343.8406066894531,2023
Zamora,2023,3,9.124368,3.2821002,25.53304672241211,480.1366882324219,2023
Zamora,2023,4,13.566733,2.2857797,10.844254493713379,660.7742919921875,2023
Zamora,2023,5,15.214089,5.1433234,46.948585510253906,765.6361083984375,2023
Zamora,2023,6,19.543,11.808433,69.10697174072266,750.8914184570312,2023
Zamora,2023,7,22.523241,9.129669,2.1012156009674072,884.2301635742188,2023
Zamora,2023,8,23.489899,9.22689,1.8603819608688354,774.1172485351562,2023
Zaragoza,2022,9,20.126259,10.209132,40.45231628417969,533.5526123046875,2023
Zaragoza,2022,10,17.911951,11.042233,42.281654357910156,372.5643310546875,2023
Zaragoza,2022,11,11.089416,6.3125696,43.91554260253906,231.1215057373047,2023
Zaragoza,2022,12,7.977681,5.103502,69.54629516601562,188.64138793945312,2023
Zaragoza,2023,1,4.760874,0.24549833,31.825410842895508,253.68658447265625,2023
Zaragoza,2023,2,5.201787,-0.73128754,23.108203887939453,342.67041015625,2023
Zaragoza,2023,3,12.162351,2.1553586,7.395095348358154,531.4417114257812,2023
Zaragoza,2023,4,15.016832,3.1877253,13.346711158752441,662.15087890625,2023
Zaragoza,2023,5,16.666704,5.589368,29.5385799407959,766.174560546875,2023
Zaragoza,2023,6,21.523294,12.904357,76.50077819824219,719.164306640625,2023
Zaragoza,2023,7,24.792105,13.113585,33.006038665771484,830.1135864257812,2023
Zaragoza,2023,8,25.413649,11.337047,9.404738426208496,748.0271606445312,2023
Álava,2022,9,16.86922,10.072892,46.79484176635742,461.02093505859375,2023
Álava,2022,10,16.28393,9.97986,31.148725509643555,340.1811828613281,2023
Álava,2022,11,9.465456,6.180242,110.73493957519531,201.9675750732422,2023
Álava,2022,12,7.5646343,4.9426503,71.28742218017578,161.83897399902344,2023
Álava,2023,1,3.9333155,1.4163693,131.08175659179688,168.06459045410156,2023
Álava,2023,2,3.7854955,0.3320833,48.92896270751953,296.80169677734375,2023
Álava,2023,3,9.61566,3.8931758,31.83832550048828,432.8793640136719,2023
Álava,2023,4,11.141596,6.3831086,51.61757278442383,548.4639892578125,2023
Álava,2023,5,12.893032,8.470382,70.89263153076172,621.4874877929688,2023
Álava,2023,6,17.90547,14.00133,114.56402587890625,630.5270385742188,2023
Álava,2023,7,18.882277,14.004217,18.170944213867188,658.48876953125,2023
Álava,2023,8,20.092539,13.41993,29.94089126586914,612.8175659179688,2023
Ávila,2022,9,16.85052,7.8811975,62.515899658203125,547.8619995117188,2023
Ávila,2022,10,14.833019,7.682644,86.25910186767578,393.2332458496094,2023
Ávila,2022,11,8.29704,5.0609937,76.1716079711914,225.3713836669922,2023
Ávila,2022,12,6.4723325,4.5908437,156.62950134277344,160.59347534179688,2023
Ávila,2023,1,2.7104254,-0.7111438,62.03959655761719,248.09808349609375,2023
Ávila,2023,2,3.240184,-1.991273,14.397481918334961,359.9448547363281,2023
Ávila,2023,3,8.337105,1.5115448,22.510480880737305,539.2435302734375,2023
Ávila,2023,4,13.003162,0.80133975,11.216606140136719,718.8997802734375,2023
Ávila,2023,5,13.5237875,4.216364,92.42605590820312,737.763916015625,2023
Ávila,2023,6,18.637957,10.773761,73.57977294921875,743.8037719726562,2023
Ávila,2023,7,22.993399,7.2805824,4.848649024963379,908.90087890625,2023
Ávila,2023,8,23.669178,6.7733846,1.8745207786560059,805.2055053710938,2023
