ano,provincia_estandar,NDVI_jan_feb,NDVI_jul,NDVI_mar_apr,NDVI_may_jun,NDVI_nov_dec,EVI_jan_feb,EVI_jul,EVI_mar_apr,EVI_may_jun,EVI_nov_dec,NDMI_jan_feb,NDMI_jul,NDMI_mar_apr,NDMI_may_jun,NDMI_nov_dec
2017,A Coruña,0.8300928036810986,0.7323545531995638,0.5681930869574542,0.4590376947392426,0.787056440707084,0.6228998042107878,0.5255203689329961,0.3850223913660742,0.29497159135589623,0.533278425584476,0.38098648021631554,0.20510695572679757,0.08202465562341647,-0.037079945492951,0.3143978360471369
2017,Albacete,0.20115456543697202,0.17382086522772308,0.2597391793790933,0.20505180239872028,0.16003784882614394,0.1269438432799239,0.1308578572169091,0.18939237772232703,0.1425473077663252,0.09955065181282678,-0.14259523876848973,-0.12114445611957302,-0.07418009968685206,-0.08397571979875558,-0.1914474056368181
2017,Alicante,0.31408304769812206,0.3106013628521965,0.38087784041216366,0.322188656183075,0.3339544954852345,0.23697808288554462,0.2558360413942432,0.3222076738440168,0.2636576440355048,0.2324958390600234,0.0021330850193687937,-0.0135431665026112,0.06633770801647045,0.0058255953409201144,0.0020256937865218276
2017,Almería,0.4085305961240495,0.29873974015186205,0.36524468224106177,0.34186046007692117,0.38671726197162537,0.27157611306920687,0.24035243062570155,0.2831549891200333,0.27534623993208823,0.2558930668166364,0.13469755609286166,0.04495695528653073,0.11135151909493606,0.06836755153173842,0.11144664040485652
2017,Asturias,0.8184913674767371,0.6386971779986955,0.6974266306608309,0.4315418141885108,,0.6144804078536994,0.4473039170723976,0.5459157354211626,0.27922761311848826,,0.3655222152813624,0.129033599408013,0.231565378159789,-0.019285905522814967,
2017,Badajoz,0.3339773384621893,0.19724945452154366,0.2753875595471149,0.22457484241315517,0.30853285386199775,0.2363116429206895,0.13080793332453058,0.16990082740105797,0.14254628127422808,0.15232654034056314,0.03320176165686353,-0.11335548408369388,-0.0898912126190265,-0.09961353721533298,-0.09768792846774232
2017,Barcelona,0.34972001474840814,0.22066742108762238,0.6583310305734491,0.3184146463083111,0.2537864225621137,0.21669839914351524,0.15423140395997775,0.4804352514066945,0.2207199269226515,0.1366882490906037,-0.011789395965746637,-0.10741134065743389,0.25576387185465155,0.0037940998244657687,-0.11336414275815153
2017,Bizkaia,,0.5568373128182285,0.508339748524506,0.46200678999921774,0.7978527388658787,,0.4195878432926545,0.35336107446124704,0.3146036017023756,0.5799883444111318,,0.07730990161160053,0.08359326163661382,0.03396032349399374,0.29811667366037836
2017,Burgos,0.22361312164702524,0.20894904007392304,0.5332208358735593,0.3847511589068873,,0.1396417370423211,0.1287318523883015,0.3925707696883608,0.24413556120980304,,-0.14142139230634593,-0.15239290793306193,0.10546371442935722,-0.02148177358393678,
2017,Cantabria,,0.6500628190474944,0.6623046067843048,0.4903896486629844,0.8305339614327725,,0.4826309523958824,0.49431796364346237,0.3260575280212663,0.6675706876784733,,0.13445490065866228,0.19718819503224286,0.03711147982030891,0.32538416919794205
2017,Castellón,0.2634824776606577,0.337798263007236,0.3926541641476555,0.3495169003487055,0.3378914567569068,0.15805879629034797,0.22841707694117927,0.2598489546603084,0.2324843773479897,0.18939656516215103,-0.09207807346220978,-0.033182907572078674,0.0018562861960074834,-0.03312211472545143,-0.09773539750695641
2017,Ciudad Real,0.22261103335360252,0.16990563599371925,0.26367290669354515,0.18552706352865056,0.18346539773974818,0.1347461769254332,0.12299344549902783,0.1660011792301205,0.134746017863285,0.10530666302889806,-0.1289761553724189,-0.12304689580250187,-0.08988883188995062,-0.11521144108079293,-0.15237694654863337
2017,Cuenca,0.18942402532828423,0.1855578094357446,0.2636566043982461,0.20508124953082885,0.16598226337999833,0.11519691517145204,0.13473343363385987,0.1816339957076819,0.14647925462098102,0.09565829529148293,-0.15036419725281713,-0.12305278339313039,-0.08985152250915594,-0.0840087871945464,-0.18947696652131124
2017,Cáceres,0.3027765367880836,0.380798122812606,0.19727379169486303,0.3066226665455047,0.33987222624520114,0.19728538153934747,0.27155275024471387,0.13471176907344495,0.22070336959335865,0.16592422811573923,-0.04286931447783948,-0.013669132148050933,-0.13672904186488744,-0.060525396009837445,-0.09765401890522515
2017,Cádiz,0.25196200453488404,0.19725999106301542,0.5566467982066585,0.23232145716846234,0.23634906737712266,0.1191303084327787,0.13861938157092293,0.40436972752646855,0.16777278222420602,0.1191100035168431,-0.19143811597273458,-0.10351067467515776,0.1523898713556074,-0.06647598442669726,-0.18364965272258532
2017,Córdoba,0.3867530044967112,0.20901637734410172,0.46681626310305485,0.2675662192600883,0.30855214172294476,0.2246350525811066,0.15036420839965528,0.31837092709174686,0.19335275654574288,0.1601226647929779,-0.01168758339026839,-0.0956936274084347,0.06637885912321918,-0.06056492199043578,-0.08216174154086532
2017,Gipuzkoa,0.8484279680900986,0.6073119270461317,0.5986313314522468,0.5790685917891505,0.7722836694860118,0.6428673019485137,0.46024265516895607,0.4381885578642019,0.44708220500458407,0.5979214942770873,0.40003554291807364,0.13244766505636069,0.15196905436236677,0.1318469897570157,0.29306260575296106
2017,Girona,0.5097687412725119,0.2929765171609374,0.5761789695226227,0.3026198052618353,0.3573336920730868,0.3027006652408097,0.19336328554406065,0.417959966533527,0.20511570688621916,0.20446591404389833,0.12289682829687194,-0.10557646899159819,0.16993463663244748,-0.0604951931993472,-0.0020571518915488626
2017,Granada,0.23631990040985873,0.2519849445298261,0.35349049681986316,0.23820979534290326,0.1580440135890301,0.15434634317978568,0.1933287237242885,0.25584371980198367,0.1777092519548362,0.0995201705111659,-0.06051539050064651,-0.03321389854055525,0.03514234144442109,-0.033203013302663516,-0.15425020346170942
2017,Guadalajara,0.21674236293279475,0.17769480186572137,0.32618535188372344,0.29102840965801,0.16990867663192807,0.12305374939287003,0.12301128258900151,0.2168066299478494,0.20114505758607226,0.09176749103269105,-0.1270102263493821,-0.1465141795228743,-0.0566565273845774,-0.03711958996121631,-0.19142841308931446
2017,Huelva,0.3300282731907938,0.2402011899909927,0.4629400400273569,0.3574030387255282,0.26953939826551127,0.19340422423482628,0.17770931400046855,0.34570992848079307,0.26757005479884427,0.15232013427730293,-0.07233039941100132,-0.06445207916791729,0.08193039785086755,-0.0019271915815852307,-0.12115769183033663
2017,Huesca,0.2987955018309162,0.2792968086434408,0.6230017230512158,0.3495681471457086,0.21285272774226424,0.17773495288976615,0.19720800494794768,0.47264249436742106,0.2226036291857506,0.11911484073012188,-0.05857406266344248,-0.0801259854227814,0.2148410466523615,0.03709543176668811,-0.15432231512877678
2017,Illes Balears,,0.20114167638672384,0.45499300262092657,0.21677875261602486,0.2831869153350078,,0.13867441939270736,0.3164240558250516,0.14256786654338527,0.1913747341814768,,-0.1621411379739784,0.07212418224111898,-0.13482439792539264,-0.09178406793240024
2017,Jaén,0.3711064541233921,0.26758797967426823,0.39259930654905095,0.27145946812190574,0.31834068656474074,0.2305124502316798,0.18945789115961642,0.27139063293999643,0.19334704321780546,0.17386389764499263,0.011731089757797778,-0.07229972664229246,0.01954999356477535,-0.06839247855726353,-0.04106997136062334
2017,La Rioja,0.3065950572166035,0.26372640434514416,0.435507220422652,0.32615595871800324,,0.1660856227190951,0.18162849073709408,0.2988310469100456,0.20897442809139632,,-0.048863896365559864,-0.08788589210772349,0.06441317690066109,-0.0331569943569534,
2017,Las Palmas,0.4046633923471967,0.2096727212519623,0.3343613031931929,0.3259525685474562,0.4001272234461657,0.29083945702888314,0.13445384504438754,0.2561408200431919,0.24251858491330744,0.2686858207145299,0.20041211365644881,-0.03795880621113158,0.12695391720375152,0.06737772631630883,0.165971040371211
2017,León,0.23047442738658422,0.2988462808205606,0.29887890023833974,0.2929502155610744,,0.12301358781935018,0.18356250370226587,0.1894821532986199,0.19136930726561135,,-0.14460360296323196,-0.08206927099437153,-0.08207688963998891,-0.06644361577269214,
2017,Lleida,0.45506645643385835,0.29886370316810695,0.7128954622799623,0.3769658728600683,0.22852954034920117,0.27930392894297906,0.21288196794217626,0.5507826746769956,0.26953795212503334,0.13081790878941163,0.029330369432675942,-0.05666005980713216,0.3066299416667971,0.06642422813901426,-0.1504365189364816
2017,Lugo,0.7988436962275738,0.6345275492371453,0.6454277485708085,0.4491802821112118,0.8031471107847138,0.5877814659482541,0.4395924332121156,0.4801929699622227,0.28910925499794565,0.5410047879938045,0.35714174539778654,0.11337661740271311,0.20764632040567635,-0.019503135974705897,0.34996612764899654
2017,Madrid,0.24605382380649887,0.16205207782319303,0.34958156865687323,0.20507284883013904,0.2206809136790876,0.14646748019409436,0.11516989034288663,0.23628596584942044,0.14643107105973574,0.12303425935485361,-0.10550024843402461,-0.15431000736578157,-0.033194677626542816,-0.080076411992395,-0.14256649377561734
2017,Murcia,0.3809001666772268,0.2870535105213221,0.35735268017547767,0.27928418038713926,0.33402465785008356,0.283242219088361,0.23629347538737105,0.2870203816528092,0.22064567764432827,0.22853556751740872,0.08975347233398405,-0.00975606713099019,0.05273893535635771,0.0019963021705784326,0.0428518462849433
2017,Málaga,0.3144652735021204,0.20709585155684132,0.39658640741014806,0.22849082346996472,0.2441987025650099,0.1581890463182059,0.14254953188798156,0.25587182623555715,0.16213164557969895,0.11514128140188871,-0.08188406011810939,-0.07616693471058965,0.02723933212848887,-0.06451764050478781,-0.13669657579474795
2017,Navarra,0.388646747624772,0.2402394293759082,0.5917306422193926,0.31052111034848195,0.32588556654961287,0.24811677608403385,0.17770801627162675,0.4472815321682487,0.20698101897576043,0.18152122442362845,0.03715384959500493,-0.09961775072038447,0.2070026222073715,-0.0273820906878007,-0.07405743905326397
2017,Ourense,0.3886830194393973,0.46689027767974733,0.4237003423528193,0.5211490412937025,0.5083127141505387,0.21713568470341674,0.3026103027718346,0.267865622908343,0.37131762691542003,0.24143140573580862,-0.11356705886353362,-0.0021030958183153297,-0.07439008920566932,0.05843570311035132,-0.04412962265087774
2017,Palencia,,0.17768593832435706,0.4629157915702078,0.251979169533818,,,0.11908265559367504,0.3300664959962195,0.1660092782369978,,,-0.1679801292139613,0.03523366298423609,-0.12116129546235162,
2017,Pontevedra,0.8302322056576127,0.6543764922217848,0.611831975010925,0.5020983014687082,0.7637924615147724,0.6303498262007434,0.4586909492298473,0.42777759825995015,0.33798157829571496,0.5179650940232946,0.37001132442874646,0.11519163618030179,0.13391712900897673,-0.013373686562894177,0.287421122867587
2017,Salamanca,0.2597346077750271,0.16597301977221285,0.41209867187661126,0.2402064886528526,0.1933367716140962,0.16210495333695837,0.11907801587677143,0.2988637442928743,0.17573118381664593,0.09955247114398318,-0.10745295072182622,-0.16806949103415597,0.017560675550233728,-0.0742818233864425,-0.19151251371740083
2017,Santa Cruz de Tenerife,0.5251885614925849,0.5606154734231867,0.4589509127934279,0.4706567399268695,0.4832650273224044,0.36926519549828934,0.42444883743440215,0.346031553127845,0.3847920347501519,0.4833050367855122,0.22674664812931583,0.26757240224781453,0.17004870631657829,0.1448569382145354,0.31
2017,Segovia,0.24412867769095709,0.16989223714390936,0.4355584086375802,0.21678158827560803,0.19720893262181882,0.16603755822636024,0.12870937250016748,0.33401429376541564,0.1503957318017098,0.12299247964452285,-0.12894829075456163,-0.16804896310047018,0.027419378232748093,-0.12694889536240658,-0.15215222872128278
2017,Sevilla,0.3300694665833716,0.21677607452772807,0.4707147174349248,0.2870978817933771,0.24800338616185297,0.17382144679648293,0.15033857133737072,0.3222523084666414,0.2011449369047336,0.12303680081681954,-0.08984040796530729,-0.10350675964977377,0.06638543918050939,-0.05870198362818267,-0.14456748108386414
2017,Soria,0.2089677947950691,0.2206700529906127,0.3340386007534011,0.27541283209012385,0.1621013828136385,0.12410591584597647,0.1503666929282771,0.22455477346871253,0.18165041111087177,0.09173751453565088,-0.14652242622441491,-0.1289863630305819,-0.05274194422362941,-0.08009450762772045,-0.19923853659780197
2017,Tarragona,0.28706779485475076,0.35353186267486975,0.3339589751271842,0.3183760951995579,0.25973234688840535,0.17774032752338595,0.2480641398684973,0.23632402564838673,0.23240961931416587,0.14643776543339043,-0.027411585089803646,-0.025598851645072574,0.0018829503190511776,-0.005855271585751891,-0.105409575494378
2017,Teruel,0.2284732677311449,0.18553857124582018,0.3339266871050243,0.2519326985545491,0.1660261824930927,0.14255396506685403,0.13473909427188985,0.23636205533463295,0.17574128598572536,0.09565321663684306,-0.12692978325339854,-0.13087777187052246,-0.03322112696801768,-0.07224439960758894,-0.2050701524635163
2017,Toledo,0.2147878193261531,0.17382219302468344,0.28715408489322675,0.18552339808954307,0.1913642552722697,0.1347492607271964,0.12304172530304358,0.19725963941482647,0.1365826711126406,0.11129962896875274,-0.12113678051268092,-0.16020195373227636,-0.07427835818963753,-0.12305393557160796,-0.16015823928417047
2017,Valencia,0.2518621672924038,0.36912787832926475,0.2909309628359223,0.36131779164825945,0.27919454511275965,0.15818788955825921,0.27145636229574766,0.2129259711669412,0.2597575578846594,0.16210657013435048,-0.08009316494855925,0.005787033742105631,-0.033148659360170224,0.02148606611847589,-0.08214100987810397
2017,Valladolid,0.23044130793479004,0.16207639164238924,0.41988124284025097,0.2050713578150614,0.1648101675220564,0.15222296121278628,0.11307249975650387,0.31445322065771575,0.14438258418656064,0.09810545422876445,-0.12896069423213438,-0.1758328751448834,0.019577443015563103,-0.1152804651840658,-0.16873090549020764
2017,Zamora,0.24810022087336114,0.1776788167890561,0.3574406323551916,0.20895704331727002,0.22849046850496096,0.1464690546093029,0.1230087669085888,0.24807985989650544,0.14254398937793622,0.11132235695963288,-0.12111739093728296,-0.15245419981658076,-0.025387694419692623,-0.11133805484966453,-0.1914261383177435
2017,Zaragoza,0.24803219643642194,0.2636011128801347,0.4981123373516854,0.35741319533049126,0.19723431895347313,0.15426295285292843,0.19332015243162448,0.38084619959986066,0.24606753632725287,0.11517903099512712,-0.10552021400675096,-0.07231078562227795,0.1132423352813457,0.02150020788805879,-0.16803252129530727
2017,Álava,,0.2558256834306786,0.7324817143482277,0.5918810853140306,,,0.1620786002801011,0.5566678870785859,0.40824227353454273,,,-0.12893044123277791,0.3184135964565919,0.20900726872410696,
2017,Ávila,0.27158721642223355,0.15811807041430803,0.40836539927026855,0.1933218829319649,0.26730154776818055,0.19334362339790695,0.12092563808633505,0.32232647530832353,0.14646008113410686,0.17010533414757772,-0.07229435636678709,-0.18370767835581542,0.011622632452524389,-0.11133317406847612,-0.08025996692939096
2018,A Coruña,0.8067033399901659,0.6582961142533628,0.5840611749925486,0.43560938873547306,0.5838087353660283,0.591704277274186,0.4551261738529042,0.4120227743042487,0.2793753944417973,0.31061938132095235,0.35730623206761536,0.13481188417790085,0.13877247197342252,-0.0584771566588122,0.06450281023421993
2018,Albacete,0.162073591303345,0.18553954931671746,0.21679435340433087,0.2519283161591272,0.15426396960153843,0.0995474084741335,0.1386430394328071,0.15427752795923733,0.18163666258470784,0.09567092619180449,-0.16796001732631213,-0.10743400562931464,-0.10549749060384384,-0.08009247946391967,-0.1679674320303476
2018,Alicante,0.2987987020466186,0.31060776521045463,0.310595042977467,0.33385956962841834,0.283168702995137,0.2011209909137853,0.255818781060155,0.2401527570793619,0.27539552979296655,0.18938964122242502,-0.011482960316335729,-0.009701718557896855,-0.009816130171301245,0.0019338996000528538,-0.043008356966611545
2018,Almería,0.2950352626390891,0.306692857944715,0.3340000461408942,0.3302297030640377,0.3067482240200674,0.1931791691905468,0.2441493983026326,0.24409828307892747,0.27148422830586905,0.19737133097578946,0.02914160089041975,0.048778576497057385,0.06031765467230212,0.0528147435753787,0.048869836658912126
2018,Asturias,0.3525948666135582,0.5565654522366609,0.7169757782363196,0.5095764732630591,0.7791712074983778,0.13821348776824197,0.43393190235313484,0.5487780348951088,0.3494299627797257,0.527019480016631,-0.14632248256798805,0.14660378498881801,0.27141774740799757,0.080060062253933,0.3010445688537307
2018,Badajoz,0.2714838299036203,0.20899088326361073,0.3456754002253196,0.2910338328013202,0.1894257089887949,0.1503554615397354,0.14433088529900387,0.21678153193842556,0.18942286840613662,0.09960013493210865,-0.12114663680491275,-0.09770410295054392,-0.011769237390495114,-0.06054249371613452,-0.16797564933680934
2018,Barcelona,0.2636563428805232,0.30271096604119485,0.5565514689259842,0.36526228365215596,0.2245387314086759,0.14258159634060463,0.21684546805494237,0.4023254736885679,0.2538940228579976,0.13084728523567826,-0.0800784792688089,-0.056643798769496156,0.16219253391991809,0.005868735053773337,-0.11332763892926105
2018,Bizkaia,0.8539312865427612,0.4740248223743868,0.5916990920881972,0.5767129045817571,0.8726465741940903,0.7122220597882611,0.35420167991043694,0.4115647438343335,0.4200005012628123,0.7249469863998469,0.4119369223936996,0.018379029828261506,0.14742211813547426,0.15112989087774084,0.4308843019383086
2018,Burgos,0.22073783534580524,0.26366018556566656,0.4433669647037811,0.5800589427219692,0.16788112994506973,0.13085643434995992,0.16988087686162046,0.33788219174992895,0.4160386936989014,0.09513967235714178,-0.1425495401486856,-0.09182836111247954,0.060551543921275874,0.1894193831578907,-0.18364201196878224
2018,Cantabria,0.8028611967759199,0.6190045252298093,0.7010985069466676,0.533374520851808,0.732839974848218,0.634520214117454,0.5550210908014505,0.5486303180417281,0.4001724526356001,0.5583929552597603,0.3576278158443145,0.24631658481299584,0.27563699889652016,0.1074325540278753,0.2909150795942179
2018,Castellón,0.2518185461236283,0.3379457624786477,0.29110258647461823,0.34580577805841706,0.2596420280636774,0.14656832252188334,0.2362333495814319,0.1894427121432017,0.23644430016490803,0.1503439636086079,-0.1230854713514578,-0.037032710388199136,-0.08006619060998862,-0.048810280153266626,-0.1151124687075395
2018,Ciudad Real,0.18944394629731853,0.19334010303910365,0.24802772133991802,0.22070240908169025,0.1699038917918084,0.1112668679989809,0.13864203639516323,0.17379969713777024,0.14255514706279918,0.10348879894914798,-0.13676319122740813,-0.10549630747448305,-0.06835974591486865,-0.1113309272675892,-0.14453526348387077
2018,Cuenca,0.16990877621445793,0.20895466241182792,0.24802716926782298,0.28320261145971043,0.1581764805411332,0.0917499078940438,0.1542560356981912,0.1777389639493783,0.19724011268386654,0.09175311543212944,-0.18553477860630058,-0.08399503367966919,-0.07227517552183382,-0.05275426120144487,-0.17382603346821504
2018,Cáceres,0.29883728412351135,0.32216639057855795,0.32231266905813943,0.2793055917248673,0.21681212284806226,0.1738892729703964,0.22458386718978848,0.20891829349124816,0.20508418994260924,0.12299748853877567,-0.12106889241118296,-0.05081692389453306,-0.03527468047184088,-0.06060332901606698,-0.17584285131618815
2018,Cádiz,0.24802812491915346,0.22461597882698017,0.5877144270445669,0.29494003007049324,0.20115047765278965,0.138692823487642,0.16597176209979597,0.4238199138425378,0.20505962767779698,0.10738833819421585,-0.15239180532829652,-0.07617619166519642,0.2066138156165885,-0.019592049744464938,-0.2070406743147016
2018,Córdoba,0.33013419534724014,0.2441803846894247,0.5332480707081263,0.3066336943581563,0.20896148517662744,0.20896046839190854,0.1816449945523535,0.37297361330177503,0.22068945241002727,0.12301190620466237,-0.04292266601644295,-0.05861456275160429,0.15236327362886293,-0.021493193169012388,-0.1367787602888013
2018,Gipuzkoa,0.8454681141992189,0.556093860446531,0.6329137466299946,0.6151137181530686,0.7155959654804381,0.6812311129899106,0.3839390386869871,0.4654939610613109,0.4852187104367256,0.4559303590859631,0.39225074588098696,0.10362778591182686,0.18143471377513626,0.17046374366677894,0.3123189797833661
2018,Girona,0.41211238502708414,0.33010312714695883,0.65427265824281,0.3946252898804307,0.2753916023369523,0.24031541401235634,0.22465775914672628,0.48834025958695726,0.2773656196324578,0.15430174268020835,0.00590803191723854,-0.06437051091054023,0.2753562945273569,0.019402774132977578,-0.07230240530672659
2018,Granada,0.20899001475296258,0.2636246566371734,0.3691093161688688,0.2793116224640323,0.1893931242163933,0.11914170453595423,0.20899824388294472,0.26955857883330525,0.21291040354990187,0.11907242695988197,-0.09765935546964724,-0.013669775965003201,0.0664146589056872,-0.009722901972970656,-0.09777023269679717
2018,Guadalajara,0.18161717884956563,0.22068860181515848,0.3262037851218537,0.3965396741833666,0.17379908590140497,0.09957409430377354,0.15039266377589208,0.23635835818737658,0.2676335944326506,0.09959082153635485,-0.1835974852820848,-0.08008416654966752,-0.029240719601470712,0.03707781883918609,-0.1660426237866383
2018,Huelva,0.32616769543299906,0.29102730466298027,0.44350673832153376,0.3730543908472561,0.19328261570378472,0.20107689728226913,0.20895447067440692,0.3184210528349227,0.2675604353265892,0.11517627407848449,-0.07228766451413425,-0.056675770702486215,0.08007933878873962,0.009831683434684674,-0.16215381692543754
2018,Huesca,0.26757741448609024,0.2636660630935564,0.5918214667919094,0.3808738313847206,0.20116719228997423,0.1582296870671457,0.18943483067389438,0.44336861380326975,0.2636594893217023,0.11912768614802133,-0.09761645676708167,-0.08398713781871998,0.1816244433191008,0.03316548310480491,-0.11913396754096162
2018,Illes Balears,0.4589623691407133,0.19336502283107962,0.4824662991710542,0.2559108813257753,0.2930583739422953,0.2850533628384821,0.1347133607129542,0.3339221432664962,0.16990166309929458,0.16800767073316208,0.05660560676118485,-0.1543182792638704,0.10733293846028001,-0.1113288350382272,-0.0683809750065759
2018,Jaén,0.3299680054578667,0.28712403885560495,0.404302556620233,0.3066487559263585,0.3105690053833016,0.20124666851306042,0.21287648544009855,0.3244351876762625,0.21676111271179097,0.19725078285076364,-0.003925359499345979,-0.0449164485100758,0.06052879365533065,-0.052726005338670924,-0.02926085914039897
2018,La Rioja,0.2675989507706415,0.31832374415652165,0.4393594750989958,0.42372219366054503,0.2441131123262717,0.14254201326717325,0.212916091117971,0.31450385754986854,0.3066235738078319,0.12107989060223665,-0.08202538407547968,-0.021457213304413348,0.08400120616260975,0.09761014816268283,-0.08984186057310907
2018,Las Palmas,0.3183305819549591,0.29893204858974737,0.37323203675571787,0.2872856779042639,0.18722355910061023,0.2120863868370856,0.20889852133964448,0.2989863519905414,0.20885345974210584,0.10893295075089857,0.1618253874655159,0.06447692332705683,0.17731603801851367,0.0717875612737399,-0.025282644182687268
2018,León,0.20510754744526136,0.4569996863051682,0.3183515030086392,0.4003506236841171,0.1816014505582233,0.10736586118418118,0.29293880642784725,0.20894329222007946,0.2714899283320003,0.09961410207500221,-0.167990917288084,0.08203134618378383,-0.050817802923262066,0.027354903197400533,-0.18361960902271074
2018,Lleida,0.2871262099230879,0.2831913360275647,0.5918252596294639,0.3456619664003153,0.22454809564403966,0.16208430969400897,0.20506659484207856,0.4472470215920222,0.23241376157295704,0.13474470073257974,-0.09960797175518722,-0.060540179168984146,0.18553252959379873,-0.0058476880250411195,-0.1191547379205265
2018,Lugo,0.7637454432382158,0.5686948811472975,0.612999052844486,0.48234109693980903,0.6699022146875879,0.5746654128759122,0.3764202163288359,0.43154913492656616,0.33402436254575857,0.41069340222869066,0.326731932903564,0.07217371220454835,0.16629561320417913,0.03309667785918145,0.19967270737473183
2018,Madrid,0.20117184002735128,0.18943585170767563,0.38865959066981876,0.29879720476357796,0.1738024537036636,0.11517023767642333,0.13863689618332276,0.29494984043552536,0.19335220918644316,0.10740947380313066,-0.15234721952918717,-0.10744408119522975,0.03509406882293822,-0.041071852332614886,-0.16022234062355797
2018,Murcia,0.22846047393802735,0.32223643683038394,0.25186928812387266,0.33010605252906944,0.2324081709139976,0.14650080874894897,0.2675917992641436,0.18937553707802712,0.2676023733673546,0.1522660700770875,-0.05847456357044363,0.009798762649115035,-0.029363658008270423,0.013620198543507545,-0.05860173018827329
2018,Málaga,0.34564055094163254,0.23635411555427058,0.4082377917812403,0.2870994563139623,0.22458921376120952,0.20509607329359988,0.16602551927372128,0.28716638230557323,0.19724418282720343,0.12690022113295296,-0.025476383269853686,-0.0566145848268175,0.06631072095381739,-0.03317576496835559,-0.10554054256533697
2018,Navarra,0.27152405643148164,0.2559042528481978,0.6074061213228313,0.40038569154473863,0.22457304679974607,0.15820422434210188,0.1738111966082759,0.4512249581029154,0.27144481274954707,0.10913125588592891,-0.07429485479107678,-0.08985919520123312,0.22069897367948327,0.0664123817939769,-0.10551302296542261
2018,Ourense,0.44320365189372246,0.5292230687381051,0.43969245050459,0.4316967982764651,0.3107252700702031,0.2401895977213344,0.3809569858081767,0.2635902170343202,0.29891476731045113,0.15422857569507092,-0.05919374493886003,0.0839628624561663,0.006066419002569217,-0.025442881911670975,-0.14450482442519336
2018,Palencia,0.2246174023154566,0.23239757254070653,0.47851205362431737,0.5918150976572455,0.15819608898731694,0.12695924373242273,0.1522229388040764,0.3595312776306287,0.42383072830922075,0.09567500017816903,-0.15043987583853471,-0.14649592029707745,0.08785194408532342,0.1894679145423944,-0.21480114067758369
2018,Pontevedra,0.8264591036396858,0.6114172722977265,0.6379525307160487,0.4781661251004164,0.5805843481817258,0.6276753965992407,0.42009575096208746,0.4398068219566507,0.3222962986501407,0.3067054426700772,0.3775635677216024,0.09211757047770078,0.16629201112344813,-0.02553908665339289,0.060465526329870754
2018,Salamanca,0.21678825561588008,0.20896242302509543,0.34956897838980067,0.44724829351350237,0.16207063278019015,0.14463521449562347,0.1464399240701521,0.2479909211451987,0.31440122638577855,0.09957053285956463,-0.11325302444634046,-0.1132354632267663,-0.009819416877237166,0.06052386061168312,-0.19146420463012145
2018,Santa Cruz de Tenerife,0.37324580938403823,0.41208496132665134,0.4547940777653324,0.4357743233177014,0.3535495624352842,0.2599443707168254,0.3218569196422823,0.36164016214362626,0.353396125579254,0.24405109373323297,0.13093244809173873,0.14654635937464097,0.18153986207373096,0.1542349858592533,0.12328685704474585
2018,Segovia,0.2167634716907365,0.22068080271339027,0.36133985934792723,0.4667302372863717,0.18947719676893843,0.13268417736163768,0.16004408544004378,0.2753181975942488,0.3339992109436713,0.11129054085605537,-0.12109229818420676,-0.10557208188820567,-0.005760582339579636,0.08200749878456397,-0.16603398543318806
2018,Sevilla,0.27144437935408056,0.24413553354736586,0.4902829028652384,0.31054489227536236,0.19334569907558466,0.15818983726246508,0.17571719441797864,0.33403408716069105,0.20895260089912462,0.10345683807274937,-0.0898298717169947,-0.06446984886231118,0.1131866065320764,-0.019546029440591525,-0.16799536052677141
2018,Soria,0.19330989947033972,0.25585051115358165,0.3262470692019001,0.43556715950100655,0.18553134421690023,0.10347612730541192,0.16599958257177103,0.23626949143402506,0.2988290054856817,0.10349394259005293,-0.17571920480877343,-0.0800969126750734,-0.033154379389691666,0.05856226445988883,-0.14457381878038866
2018,Tarragona,0.2480824852757153,0.34956753604462126,0.36518562168024565,0.3339346731582622,0.22460117475451322,0.1465176492442122,0.24806701855815264,0.2559600504941001,0.23243742602080997,0.13865337319155238,-0.08201570314350473,-0.02150003473622365,0.013688834388879318,-0.02534862282727524,-0.09770139656793189
2018,Teruel,0.16207216980575928,0.21678382277393357,0.25980139804075925,0.3573750893369218,0.1659689503778736,0.09956657150908507,0.16533799361695137,0.18552876370165342,0.2597355962086397,0.10346845431758718,-0.1815961977957138,-0.09568663205745119,-0.07223351167445226,0.009786364018590876,-0.17775147630566807
2018,Toledo,0.17769997268239643,0.18552531438403017,0.33208601059924947,0.22459978053076238,0.16987827859970117,0.10525157608545496,0.13864149110333,0.25387220455199494,0.15230631932714284,0.10526507462851573,-0.15235330371971048,-0.12302647431646954,-0.011745343354247345,-0.11522285737154599,-0.16014306992223246
2018,Valencia,0.20113418973682273,0.3496022032798418,0.2402018283440832,0.34178395774088194,0.2323845900690897,0.12298812718961388,0.26365921586885543,0.16211836690019205,0.2519760840810998,0.14256952729582326,-0.12908620246629682,-0.0019791669170240345,-0.08005954939295763,-0.009795608577357255,-0.09762989945051652
2018,Valladolid,0.21289832397477074,0.21677748990660722,0.46285092286437546,0.5527437759728329,0.15815039352802893,0.11911993691709077,0.152170989968192,0.35554114030274553,0.40432253666366247,0.09566973928182783,-0.14453474539462277,-0.13677618716280457,0.08984466823495041,0.16798227449012296,-0.19921816804404605
2018,Zamora,0.23631534100606233,0.2246054242972499,0.36914966778422914,0.4394475313223954,0.16988993131450494,0.13473897604516077,0.15224458635869123,0.25976791484224865,0.31051239795862334,0.09955324975178746,-0.12888733799580585,-0.12901515082258336,0.00987472068723947,0.06442419665267202,-0.18353958772613463
2018,Zaragoza,0.21285955056949005,0.26758959928231507,0.505895348325534,0.46286877510198704,0.1894225384813382,0.12692293298282828,0.19336264834799444,0.3886770000540494,0.3457230503018971,0.11912728244759942,-0.12109378557831148,-0.0644559527814048,0.13085983489582492,0.08789491054293637,-0.12894812772981123
2018,Álava,0.26361201432892084,0.33399442921132416,0.548843908670445,0.6464172688938751,0.23630593373250408,0.1464549262668297,0.2011683099818089,0.3963329694646616,0.4609133484023735,0.11521697349819941,-0.0800960612729467,-0.0019724180896353405,0.13868222473090408,0.2870741437746228,-0.09571661994517941
2018,Ávila,0.1894225226296609,0.18940287723162935,0.4002422383253197,0.4316010037253978,0.1659548675726272,0.12095890853513071,0.14646559656784108,0.3105386945068118,0.30277168199162424,0.1073888076756967,-0.10548216399079025,-0.12304152790582736,0.02935088677117093,0.05275846584013889,-0.1738697000114526
2019,A Coruña,0.7009999686150775,0.6895877980060561,0.6270584803648557,0.41603830469366665,0.6700192876546115,0.45503480658904266,0.5019950939740467,0.4432193799291321,0.26764643478063216,0.4196823122589748,0.2244363013545434,0.15831285584376598,0.16023156646948086,-0.05093606112173366,0.1973560992746704
2019,Albacete,0.18552205374145364,0.18554631016442058,0.2363411501635772,0.25583570370180886,0.18553294186357341,0.1151903206439127,0.1425557157651646,0.1659911338630251,0.19334211163684714,0.11128291701251583,-0.154299820552624,-0.08791987899847149,-0.09766366253186377,-0.03514204106142386,-0.1523580817732419
2019,Alicante,0.3105545242531147,0.3183381039411978,0.31054311550103786,0.33006348809606206,0.34183053307646877,0.22072545822084313,0.2557898205815794,0.24420343251311458,0.2753651531145417,0.24801231855853897,-0.011635066514593865,-0.005900933380016712,0.005838209716337429,0.013676831847439048,0.019321583201788565
2019,Almería,0.3106260523922467,0.32586351348549797,0.3338549749399744,0.2986037450719845,0.380900508866329,0.21299753389956777,0.25588868675656923,0.2558160113329645,0.24402011054577263,0.25984652782925616,0.052725868653831685,0.044934050700252914,0.06833096765394654,0.05276493503644937,0.11127711286018131
2019,Asturias,0.7632325056544416,0.6351854093957129,0.630925432442347,0.39273559103921357,0.5214945255902662,0.5564177447351987,0.4942945491919493,0.4509155448847917,0.26770836193356806,0.2949095968811229,0.30611865454381,0.17373167510565193,0.19959203047600033,-0.019537469612847712,0.07648364072503228
2019,Badajoz,0.3066812069791046,0.19332961261729503,0.25975941309754375,0.21678876084528473,0.2754116391958794,0.16990839618126008,0.1308141692196925,0.15423861683719603,0.14253810911994166,0.13255370017277532,-0.08209907132956325,-0.10352691109926551,-0.10555004390444629,-0.09770004692829877,-0.08205097265910385
2019,Barcelona,0.2558443908882904,0.24410152298070986,0.34962971895332606,0.49017472007765217,0.33787738436350084,0.15040986135688664,0.16600630552425516,0.2324079062179693,0.3456983338267128,0.18548236339683577,-0.07614263082330659,-0.0761862083655363,-0.005946808605588717,0.12306921319768833,-0.029338345755502357
2019,Bizkaia,0.7178131192861998,0.5053083114212001,0.5392073126016417,0.4542652985331565,0.8170375365250617,0.5386402949525669,0.34174228895943237,0.36474256172669983,0.32548776297572474,0.6429183101607149,0.25248974809607505,0.033720210328371754,0.13549362817428626,0.04733038387335474,0.3478071122664588
2019,Burgos,0.22459066944245995,0.22066773047541857,0.36910146768852964,0.5527421684556856,0.2226605014410121,0.13084627876991786,0.14646020638874072,0.25979056077145707,0.4159879388311094,0.11323230877580549,-0.1347818259599804,-0.06639453051936689,-0.011744034148549643,0.17582281408533204,-0.13671238198672042
2019,Cantabria,0.7869210637959679,0.537611006188151,0.7285136729146156,0.474519489884075,0.6623358227443686,0.6270181335842393,0.3727495901721723,0.5642182125055711,0.32649716595607253,0.42439712946679,0.35388219261829196,0.05308600404423509,0.31733330518632946,0.04898538348237126,0.19309449735385614
2019,Castellón,0.3183991682826776,0.3066626376866061,0.3261247135288554,0.3377966955945187,0.4278698018213997,0.18560179366835358,0.201071100674156,0.20896791179138366,0.23242956220975514,0.26373564073505495,-0.07214528219297271,-0.06051988973589199,-0.05678671254662391,-0.03318562866581148,0.041054843143374924
2019,Ciudad Real,0.20114614242019427,0.17770731066878176,0.248061536573529,0.20897443815406824,0.20506764902632163,0.11909942335752398,0.12691224486210545,0.16208765383659576,0.1464633734468733,0.1152103043934169,-0.14460912673587314,-0.09764303646166746,-0.09772937373953164,-0.09570811383655813,-0.1523829480003083
2019,Cuenca,0.18553649827926366,0.20115909146791852,0.25974813325611784,0.2558223098191307,0.18552847734607772,0.10738493487734196,0.1503896914366543,0.17775806031073887,0.1933493704737228,0.09957318763079832,-0.1660156488920021,-0.06834999112018539,-0.08986382242914544,-0.009748565196438255,-0.17772619546380275
2019,Cáceres,0.306630621616248,0.2910887763426959,0.20502260120848823,0.23244020546152427,0.2714058746662816,0.18553371667702645,0.2129162699676569,0.1386238216264725,0.16995228394427836,0.13470124456714425,-0.08984422624810826,-0.044911089796873825,-0.13680942490343428,-0.09177748809630387,-0.13676871824476622
2019,Cádiz,0.2441530770860538,0.19723758612772227,0.431563461515433,0.23240155231216542,0.24410874843429106,0.12304411728803723,0.1425336505255606,0.2909197404202222,0.1699073212617053,0.12303747281155498,-0.16791731953988878,-0.08398269608544932,0.027245318403326845,-0.03514569431118064,-0.17587417507156064
2019,Córdoba,0.3378877925795079,0.2441424772069283,0.41596341489923944,0.2597217048132221,0.27146747106479313,0.20508967305967543,0.18549929283811828,0.28709818194476794,0.18552555370497167,0.14439346544861179,-0.04295583883815694,-0.05666402170501588,0.027260097776673386,-0.04104403991835192,-0.08986272481091173
2019,Gipuzkoa,0.8022421891283249,0.5892534228881425,0.5492361036777601,0.4444714535012399,0.7925457297569465,0.6585596582775144,0.465729023638995,0.36119434825221775,0.33047396156440295,0.6391169585781535,0.36085105168773524,0.19502719502719504,0.1243615294639647,0.07348398099146929,0.2977588780546077
2019,Girona,0.34571879598710187,0.2753707887192057,0.4511887604722223,0.41609568344011816,0.4277433545734507,0.20905773559685537,0.18943118388069502,0.3105070952005748,0.2987609422307758,0.2442633634815536,-0.017627841897322024,-0.07622107188476263,0.06845962233579342,0.06442843534981622,0.048806703373196814
2019,Granada,0.2636504343932106,0.2558678818433992,0.3300555434234257,0.27145233145227743,0.27537551427306706,0.1660441776058282,0.20511020307135652,0.24026350014155765,0.2089620618803887,0.1660693874610498,-0.04887648905709389,-0.009774068653182066,0.005850327218215665,0.001933516134740603,-0.050716002497134836
2019,Guadalajara,0.20115843147106194,0.1737953859212767,0.2871074539265153,0.3769955407858974,0.21681623060683514,0.11126852597252271,0.1308211530348318,0.19339218838407454,0.2792847449028024,0.10740094184317645,-0.1660300271684251,-0.05666325337308164,-0.07622186345543767,0.06836641958964634,-0.1660187169983187
2019,Huelva,0.326194802626056,0.22067695347125002,0.4160026586446414,0.29878284366412633,0.26765461764529186,0.18950275797219526,0.16204492018191655,0.2910271731454,0.22071511597585713,0.14246741954051823,-0.08780728108118056,-0.08006667752308172,0.02144874344673931,-0.03324351955617529,-0.10346329239973759
2019,Huesca,0.263671330606699,0.24021080203344716,0.4316262928837151,0.4277594219584655,0.2597782849071861,0.15816672720967254,0.17568047623910746,0.30666640194105316,0.3027418698797088,0.14255030506759786,-0.0840045413899975,-0.04883909680132247,0.05271815107055187,0.09177889813267849,-0.10546354768610898
2019,Illes Balears,0.41598654910380684,0.16990895282247412,0.4043128562890083,0.2324224535238854,0.39646375648966575,0.2715128077798009,0.12303962810319555,0.2715258094372132,0.15426650415913512,0.2401922080802686,0.029343986896650267,-0.14650193458355418,0.017519512866491747,-0.11525997217215214,0.0019053331957783722
2019,Jaén,0.3692085440872456,0.26755574160435397,0.3496293572848185,0.2871332944053321,0.361256591379499,0.22849561898134899,0.20116319782183362,0.2441357506375833,0.20896438192969788,0.2167863453271966,0.0019554130522773986,-0.043003698760524255,-0.01368277150516128,-0.03710125961978478,0.005901870298569213
2019,La Rioja,0.2793213832060074,0.2597823874367225,0.3223106124769893,0.3848381021108631,0.25581882437090747,0.16600788391231242,0.17973678236011958,0.2129445318959218,0.27928137013520304,0.13084103820046578,-0.08201482677277837,-0.06640348189849099,-0.027381517600867936,0.07229395131713726,-0.1133976180791001
2019,Las Palmas,0.3343753328512601,0.3179709894287863,0.3618023351194629,0.31052369915196465,0.4548414314565294,0.27158206426392145,0.21298253810099083,0.286511072018762,0.22910622667604433,0.3259882935711734,0.1859220019615519,0.03731867550074806,0.15414155530235496,0.07647070491911578,0.22836607090323652
2019,León,0.20892529956929687,0.34961385198549244,0.25973004556115437,0.2949283776629039,0.22460274038229303,0.11131053691148249,0.22072947738325963,0.16216438640309241,0.19921395221934898,0.09759351522542906,-0.154326563279514,-0.03517072656702897,-0.10552220211709389,-0.04301617001874701,-0.17578953254333682
2019,Lleida,0.3183711052644267,0.2715110084691784,0.4785151850916664,0.4511723018719869,0.3144205995990824,0.19331081651633175,0.197299361275718,0.33982116697424575,0.32226618284790354,0.1738257098208346,-0.056647562042459965,-0.035285242576809074,0.08206971534660681,0.09572628267531398,-0.07427921642682761
2019,Lugo,0.7596927405895292,0.6386141062325813,0.6345389486198736,0.40425912190933905,0.6197478799536834,0.5445514396104304,0.4707627317816836,0.44007642835092703,0.2871195826020666,0.38483415477235994,0.30269855153459063,0.13110905370037323,0.1915960595624947,-0.009897640583362491,0.16036758565397202
2019,Madrid,0.2324313450980023,0.16211498603104807,0.31445670499787975,0.2558402060701761,0.23243350870575433,0.1308307361407434,0.12691762278474747,0.21677206661661433,0.1855041033308866,0.1209625182040501,-0.13867425515903595,-0.07615448741745354,-0.052664476065526836,-0.035200484859131076,-0.13479364902418675
2019,Murcia,0.27539740907113214,0.32614338190168046,0.31444127315156434,0.28316457624023844,0.3144420037464952,0.1894680656869719,0.2714586924283969,0.24417547889282187,0.224576142627548,0.2226266077888549,-0.019605411222806114,0.017532168128444027,0.021510082284292978,-0.0019815958961790633,0.01953784735999581
2019,Málaga,0.34179708650017343,0.21285586737490342,0.3690808578889228,0.25980875077194415,0.26763751670024105,0.1972385808862489,0.154255148159574,0.24408714237396217,0.18161767593647282,0.1425261199951769,-0.027429637221986096,-0.06444461539562953,0.00590510630103725,-0.033232572240759733,-0.09180068601342627
2019,Navarra,0.33006682465074794,0.2167546807050085,0.4160123498213804,0.3886828819765601,0.31835550758881026,0.2128620868426809,0.16207701184174547,0.2988470081356871,0.27927411123177864,0.16791242637640244,-0.03512170263724327,-0.0821167492474296,0.05078264083985105,0.08199287836349742,-0.06642507256020629
2019,Ourense,0.42390827885766863,0.552912794852328,0.3925386410673307,0.4237154499977931,0.49046980422924424,0.22872422415587113,0.3808049879164418,0.2441828972249239,0.3064586571693076,0.2520136976509946,-0.045337838322977254,0.08771610853243621,-0.06846982791324518,-0.027283687700461176,0.009880932840837842
2019,Palencia,0.22072114545988783,0.19723939855406394,0.3691419928228026,0.4042737742996835,0.16990080730706245,0.13083735364438492,0.1386260413815921,0.26370738577364417,0.29099308978574867,0.0995688927948636,-0.15430112807537683,-0.09768406022382135,-0.019510627318714852,0.05855017908318288,-0.18554298272407152
2019,Pontevedra,0.7869241822122902,0.6190671727644163,0.6305494912896141,0.4630136748043894,0.7871813881088161,0.5805015484103634,0.4353267070940186,0.4390816828934871,0.31434207130135555,0.5526438852077609,0.3032789316528267,0.09176128867567915,0.16261654396697103,-0.033434887586729904,0.310733328824414
2019,Salamanca,0.23623440837828785,0.1777436800738955,0.3730348392613823,0.28708844029880876,0.16597711353558098,0.1464693237852348,0.13864391695428607,0.2714897661717962,0.2167898302300163,0.10735522093587513,-0.13478435920734916,-0.08986687687076064,-0.013701309023514439,-0.027427142325868313,-0.1757868467346175
2019,Santa Cruz de Tenerife,0.432077466103245,0.4042529821336698,0.44326313688550456,0.4400018240372554,0.5370673217450688,0.32838399797988305,0.322252146783725,0.3693751875648721,0.3458285086540776,0.39614537404908107,0.18956525287711679,0.12669054146237782,0.1936571374034656,0.14262320051647787,0.24002027077907964
2019,Segovia,0.21679782326723387,0.18552525800640618,0.3418071415914553,0.3808269500156008,0.20111585191402306,0.13863852980196278,0.14250304844147027,0.2558152089678152,0.2948887654503585,0.11911760892594074,-0.16214318253125434,-0.07421883482750638,-0.05066555508060546,0.03516380196000781,-0.16211196622528293
2019,Sevilla,0.2714564230696559,0.2480155451267837,0.4043076768774158,0.26367861269469384,0.24603467455398007,0.1503528232422469,0.17773843046063467,0.2715270220229181,0.18553862673860672,0.11910275632616438,-0.10547710138911554,-0.06445426075586348,0.01953971388094612,-0.04301296750014387,-0.14463245635117916
2019,Soria,0.1972730955767087,0.1815978911782245,0.28319339905346164,0.4511900445156701,0.20897737915624737,0.11128982590968023,0.14708950914034608,0.1933533746704211,0.3262045130879954,0.10536453380458664,-0.15429611140155094,-0.08988641731867691,-0.08008318078412319,0.09184977980931959,-0.1582358695951405
2019,Tarragona,0.2792653532458292,0.31436566727620996,0.25972813691407737,0.330103647171955,0.353499523037377,0.1737623740389588,0.22065636377547362,0.17772277551201077,0.23627355540961661,0.21677862239177856,-0.056597463536254417,-0.033228796820347385,-0.06446014889822707,-0.01761377589669857,0.003866334019044942
2019,Teruel,0.21288398509052192,0.18168122300807676,0.27541941778467666,0.3339832523449513,0.20506466039733068,0.13085352338298362,0.13474289841252224,0.18943440524512709,0.25194797812257075,0.11910998338702394,-0.1347674231516337,-0.08008699206165949,-0.07616887801586766,0.021417313234466752,-0.15039830415402122
2019,Toledo,0.19725053234118714,0.1659833586503736,0.2636858093682188,0.20897499001614578,0.18551383098965943,0.12301562989320287,0.12300767476091659,0.1855279716216106,0.1503663317446373,0.10530163754474163,-0.1523991547116738,-0.12304158878994069,-0.08984327257943331,-0.10549121953265782,-0.16018480081730463
2019,Valencia,0.22457920469060821,0.35345033958842603,0.23630651877776257,0.3378883081272372,0.2675651694867207,0.1386911296890321,0.2597766938589229,0.16209520982967304,0.2519132236550586,0.16602458399909834,-0.09763341847484647,-0.005850466234703296,-0.08207855450095766,-0.001965753509063411,-0.0683649252602551
2019,Valladolid,0.20116440072515052,0.18553863995186534,0.35354768982611967,0.34179408539449796,0.16208389039894175,0.12300250775444976,0.1386186260414983,0.26366050507036337,0.2558596482049797,0.10346163733266735,-0.1680158051667892,-0.089791412153836,-0.027320792656127958,0.02735795046120331,-0.1836078775404486
2019,Zamora,0.2440955608643302,0.17767959129357913,0.34179361877950737,0.2753896814508602,0.21680903654985023,0.1347338764053263,0.12690751619181212,0.23239056133857525,0.1972611810063498,0.12304123689243648,-0.13674046657485261,-0.12898280218212482,-0.03515499347980407,-0.027353550573147565,-0.12104918142076815
2019,Zaragoza,0.2714509388830776,0.24023577452960648,0.3730409560987709,0.4159986083364274,0.2441365058912888,0.17770566406205932,0.18555389217464247,0.2753928224957848,0.3105269756840038,0.13863359945612622,-0.07427608110749104,-0.04489703283921009,0.011731699059333137,0.08401828651908752,-0.11333196067602087
2019,Álava,0.3103514530771369,0.28322519068449015,0.4394108959260058,0.7012404255604973,0.2441075623745761,0.18553437642401738,0.1660089383010917,0.29487078672797074,0.5332582491375677,0.11704657934876239,-0.07620630125208701,-0.05084475723670212,0.03321149093737382,0.3496739465318729,-0.11526319809511619
2019,Ávila,0.2597648828804059,0.16600806404832358,0.3965710289176375,0.2597554745289382,0.16986515665487759,0.1815743710137907,0.13479240038206575,0.3183550323919183,0.2011525119926231,0.10739328812447657,-0.11134800204647279,-0.09175607852487472,0.0038789599824729393,-0.0430139218117031,-0.1836178162401676
2020,A Coruña,0.6463526544197443,0.7049994523177713,0.5996959016435595,0.4159920430648223,0.6659583692331239,0.42925214820278146,0.5057515431377048,0.4204097024177366,0.26764797907539617,0.4198662149308781,0.22857185580031186,0.1856206534971244,0.14265680396589733,-0.07407810003516904,0.21294319574994441
2020,Albacete,0.20694960840405766,0.1737721084663052,0.25583932365190065,0.2636699059613325,0.19332173813514864,0.13476019231270447,0.12693523640983287,0.17769962785305204,0.18553520821149944,0.11519799821373518,-0.1269518434352092,-0.13480613703960118,-0.06645265240941535,-0.05273079363222482,-0.13674700101715778
2020,Alicante,0.34569675451582194,0.3183773680282687,0.3613621010929531,0.33008888473017906,0.34952359752841267,0.2442302502873905,0.2558114918975635,0.27154800360685977,0.2636703234207349,0.25188254631431356,0.01948651089413348,-0.021577115836144543,0.03510981813549297,-0.009837331912633689,0.013660115124654716
2020,Almería,0.38480381168417566,0.3222576432164459,0.3730893707427307,0.36526555206981043,0.3534306703509159,0.25972286622624197,0.2519484160257763,0.2675384376815038,0.28320935406939707,0.24035896183071975,0.10748219954339747,0.033105819158711636,0.07999416322128403,0.06822500382318666,0.06820466292394768
2020,Asturias,0.6503525558836518,0.7089189340156319,0.5994182965132667,0.40035002822073684,0.7517718802050402,0.4823360425153885,0.533430634770943,0.4093373024137799,0.2673983290003504,0.5256747310853737,0.2519385700471134,0.20911145263350134,0.14452726543128652,-0.021372730454017174,0.2714252770235844
2020,Badajoz,0.34964412653457455,0.19724177152731967,0.26948498117362696,0.22460331734049915,0.1933515329002433,0.1972266126188926,0.13471688483834207,0.1778750998183675,0.14646300559152353,0.09958705173770689,-0.05857778784452196,-0.11133895344548835,-0.08200679718266807,-0.10549638362039242,-0.16795458707244898
2020,Barcelona,0.38479087702822085,0.3222503440745317,0.4277260780906262,0.4512150701351533,0.2676240521365308,0.24025548580724598,0.22851746461861522,0.29097022586924554,0.32607060598590726,0.14646567020163395,0.009740735986332264,-0.052749687461662156,0.06040471851044699,0.09964398235136332,-0.07614232853743302
2020,Bizkaia,0.7901746546923649,0.5612431444241317,0.5781583078509741,0.47585369710568054,0.8611312479214324,0.6268433897887987,0.4014783878277426,0.41181802444103366,0.3402575975728071,0.6815427287703416,0.32701426877920836,0.06473281950873581,0.1938900836819113,0.04135451003895717,0.38060136116158133
2020,Burgos,0.2792843014194542,0.21676917097154177,0.43169342820499346,0.5917976977501054,0.23632943450258853,0.1738340355470298,0.14642694607729376,0.3144146051022378,0.40822968738926574,0.1269484532047085,-0.08986929252826985,-0.09768726455117668,0.042943056323015774,0.23040999650331534,-0.07422545921687754
2020,Cantabria,0.8692449553104947,0.6462726507157126,0.6895571205324242,0.4862882239130339,0.747904925859397,0.6971282232986066,0.4785485063405529,0.5172418085664863,0.3343927961165143,0.5724600714742961,0.41027625021123576,0.146400834546652,0.2439633205943832,0.040767727775105095,0.3380795631654259
2020,Castellón,0.3379684807627629,0.3339874901506919,0.36529661012647563,0.3769156383960482,0.3536001810153248,0.20497204691486873,0.22448694499445915,0.23233985951695066,0.25982947375385435,0.20109579526878596,-0.037022653572819975,-0.048708339537519844,-0.03334329193864213,-0.009824201179298536,-0.02912325531036398
2020,Ciudad Real,0.24803828650828616,0.17379626580977278,0.2988366117295357,0.20507172542658836,0.19722849144384844,0.150381706080073,0.1269186950345544,0.2069978477098666,0.138649106656121,0.12301118776103956,-0.10555985710604228,-0.12893383224694682,-0.027406704167513996,-0.12110660772133472,-0.11328306567277933
2020,Cuenca,0.2050443675778362,0.19722580658831237,0.24806304455994757,0.3144443226178872,0.20116071341964878,0.11910970555070316,0.14646378974372426,0.16604147874673428,0.22071397141020463,0.11521779549172387,-0.13867269096291387,-0.11136104972747009,-0.08207237758475965,-0.0019872841519369753,-0.1210962886570621
2020,Cáceres,0.4354298987423985,0.31052721221743523,0.24416793909080367,0.2871117524574816,0.24412537948311397,0.26764215958987536,0.22066760386573825,0.15419616548527032,0.20898042113803308,0.1308194795060102,-0.003975136593024172,-0.04887510753266317,-0.09762373188184255,-0.0722376551402508,-0.14462841660971862
2020,Cádiz,0.2597425545589865,0.20507653490283861,0.4707865055824662,0.2715284101099047,0.1894464684683698,0.1425624652426312,0.15033152211951767,0.31642175024093044,0.18552730399469383,0.09178325151790613,-0.13678258085949613,-0.11135158448160216,0.07433514334657931,-0.08204428578855123,-0.22272270066979066
2020,Córdoba,0.39253495613973705,0.24026642093820408,0.47461175407616385,0.27930718547131556,0.21670613438180694,0.24804708225988692,0.17382558093794537,0.3275051557704606,0.1972681831649513,0.11520199731840554,0.009791263128384221,-0.08007441645272284,0.097632847853834,-0.060535424674034506,-0.13681202557843955
2020,Gipuzkoa,0.7725313088988027,0.5175418963054064,0.6574955001285678,0.5139296478618937,0.8473562993345338,0.6389188850213063,0.3879261831183317,0.45205070280386,0.39472558696940857,0.6545364410789799,0.33778143385759724,0.07349773276304515,0.22165218405756157,0.0872139273048368,0.3547805526994825
2020,Girona,0.5175744296227959,0.40038987025159023,0.5192151035973654,0.4199006494133228,0.36912987106271494,0.35741312634963507,0.2869910444579363,0.3555165975041913,0.2909790145226298,0.20706794697906475,0.12307050825990407,-0.017598664784717853,0.11324681842804148,0.04094528907539978,-0.002051164441564651
2020,Granada,0.3027210440749966,0.2597580030609499,0.38478160346680385,0.3339844938131289,0.2558341936921148,0.19339079014399238,0.19726666875275414,0.2617315133733571,0.24020051312500532,0.15819710184139882,-0.019490766734918636,-0.04105323919705613,0.06443588167398132,0.00979314716343968,-0.05074960960569059
2020,Guadalajara,0.2480048644473389,0.19722588491779464,0.31056656131378807,0.46292754322677,0.2323673709306504,0.14649974012091738,0.14254783809509514,0.2050647976180421,0.3105770542758836,0.11912003509530276,-0.12305762150063947,-0.10352381489272715,-0.05852037705188336,0.10355435990779406,-0.11914119341579571
2020,Huelva,0.4433575731033524,0.2206887802583905,0.45503145216562885,0.31442728719543867,0.18556617663476396,0.2910993586883857,0.1620428767116902,0.32232791004862815,0.22465274633445456,0.10345525127883358,0.025398726246076194,-0.10741251386275218,0.07233953330824897,-0.052751137205793525,-0.1914617899589871
2020,Huesca,0.3965228314131776,0.2675655023530252,0.5996117538247469,0.3339655318312761,0.2363005780131558,0.25581466452105045,0.19915614656063266,0.4355214331463808,0.22849061484899996,0.13296161321843064,0.0019168781601427392,-0.08007979483854695,0.19336589163972884,0.00974146269884101,-0.10743716104271371
2020,Illes Balears,0.4237877301662806,0.1972992444725025,0.4316259637960869,0.24413903876616413,0.3651066655076333,0.2752077729590664,0.138656945389125,0.3027989434714345,0.1659779980005957,0.23034317323165446,0.05272849607821801,-0.1621258447671184,0.04880795288739898,-0.12698500640215885,-0.005843760212861556
2020,Jaén,0.4004123752099901,0.2871211479453322,0.41013859463746666,0.3144115241296114,0.37309690203357987,0.25971768708019904,0.20509126238031625,0.261732752870485,0.21679284925537887,0.22468830347987948,0.048801830510506995,-0.06445656920346865,0.05850356954036889,-0.056624483396759434,0.03320282349184231
2020,La Rioja,0.31441213410302155,0.2832237973757375,0.3730573842772377,0.4199498424652949,0.26758930391592567,0.1894045568001175,0.20116615340713623,0.2518863952431859,0.29492821875221764,0.1386332012464704,-0.05074915674145607,-0.05275612037715715,0.01946828249537165,0.083940647448507,-0.08204981784584128
2020,Las Palmas,0.3418065886722547,0.3610460665657553,0.3330855636242706,0.39269849931474143,0.2157195572107749,0.2442768742827994,0.23622944692187975,0.25570573459351725,0.29926401046788964,0.13062888333964948,0.14669344134650755,0.07220432399821133,0.11619230448227291,0.12316894958111135,-0.0026519116573666818
2020,León,0.279254757210912,0.3065649965690277,0.27923177544326566,0.3300701404412647,0.2480537283139744,0.146468979424021,0.20110687924325377,0.17383973557608615,0.22069676566765473,0.11908886759646765,-0.1211136359738955,-0.050854403710684386,-0.0820920358042936,-0.0215057809414973,-0.1367305470683403
2020,Lleida,0.5019851410071863,0.32616056058279524,0.6660332744665528,0.42384126655292914,0.2598057591722419,0.3183654426114682,0.23635325251241163,0.4941235957364768,0.29885956398494135,0.15035039716727802,0.06640028722774347,-0.05278345419520544,0.2597711126497331,0.08010052177134255,-0.09181744936683581
2020,Lugo,0.6656317905945154,0.6192090048202162,0.6500168187928432,0.4121766637536807,0.7911976246119221,0.5021960466828428,0.4394699669078503,0.46264121376277934,0.27937971061779954,0.5762657139648569,0.2636204256419284,0.11133399973089848,0.1971639965955763,-0.03698943550352874,0.32450675600210177
2020,Madrid,0.326195202604225,0.1776943325475239,0.3613033445487535,0.2557911327594243,0.330095906525009,0.20113211093885064,0.130842617852131,0.25582434614813204,0.16206249913358697,0.18941721381073254,-0.04102120584026609,-0.11524429818667575,-0.0019499513550508849,-0.06840607848565229,-0.019508416871463388
2020,Murcia,0.31834473452623613,0.29884759292517216,0.35348812211278524,0.31832593192429176,0.32618686047865236,0.22072353848314435,0.24029611172584686,0.2597706608330772,0.2441256362453038,0.23240711117527615,0.019493794545805725,-0.025389490997585022,0.042908544072085726,0.00592914291449644,0.013670101959522889
2020,Málaga,0.3808891177309205,0.22070346130609356,0.39257124521637343,0.27928904831595996,0.27148022611929545,0.22836732552280192,0.1543259125370384,0.26956369199407665,0.18940388289651364,0.14259283742430434,0.011944887476992313,-0.08787440755797682,0.05270401139289489,-0.06058291585796848,-0.09783866634459344
2020,Navarra,0.38860517895162966,0.22259054422750219,0.49418432345253266,0.43941195667661204,0.3007218790743793,0.2538885256176716,0.16361226859565234,0.3475842816357538,0.3144132231417853,0.1620929914070193,0.011673969715647502,-0.09181938003116465,0.10543444292523951,0.09958405672824747,-0.0664103431158848
2020,Ourense,0.44746662503777174,0.4706824656417776,0.3768839185024352,0.3888638419562321,0.47079208688536567,0.24428365000636235,0.33782741822039875,0.2323987979776092,0.28322783952793656,0.2519673329447018,0.0014817497539200398,0.03343093221707615,-0.05655031268077868,-0.07215174895128053,0.048830138313291145
2020,Palencia,0.36134524131141466,0.19333518458592927,0.5605051486331052,0.43549923238711885,0.22457311598926524,0.22458087315487577,0.13861659357776313,0.412074672646137,0.2714957143661194,0.11521002799740471,-0.05659996604078065,-0.1289616791601209,0.13480236834440001,0.08988671359924662,-0.14649347284053985
2020,Pontevedra,0.7674420123939864,0.6113573114356637,0.6707333334328756,0.48227718303895273,0.806702529489951,0.5918208337201478,0.4236124754988576,0.5022692927374061,0.3338277667026507,0.600342622409683,0.32463687603142294,0.07995847568771289,0.23625279388510356,-0.009494293335166626,0.3456509294298505
2020,Salamanca,0.32221928490602747,0.18550640153606499,0.4042391246975426,0.28315756300926104,0.2558556000371734,0.22066622214552245,0.14251545923514544,0.29291196224106325,0.18942854486371852,0.14647191344912383,-0.06056541047022051,-0.09573232795834592,0.027368682785828415,-0.041013254876292836,-0.07419316499930408
2020,Santa Cruz de Tenerife,0.4315327036019906,0.3731232016260204,0.42391169456687616,0.4745052838509694,0.44712591698784104,0.3103500200362718,0.283645491726377,0.325899587691719,0.38099379007434303,0.3219727319197844,0.17013916614941765,0.09953371545083195,0.15050312278296,0.16595239218463484,0.1857098450845245
2020,Segovia,0.2675264194932572,0.19330519266876067,0.3769765371459283,0.3613375049541753,0.20900040015081228,0.17773980630345784,0.14253378824998195,0.2851689102494384,0.24022462230910893,0.13474370218233964,-0.1269992781285548,-0.11523623384781198,-0.01959562904820079,0.03318912233877579,-0.09767126937626137
2020,Sevilla,0.34181726023279346,0.2246046229059674,0.3945324792256522,0.27541141224278126,0.18943408436806355,0.21485016098550336,0.16210515648180693,0.27736860648192885,0.19335117657531292,0.0956573575095852,-0.03517860413383791,-0.09960594287153884,0.050765289543988124,-0.07423381944306848,-0.18364174895557187
2020,Soria,0.2363315827430555,0.21680245800445452,0.3222587180316919,0.5097526523449685,0.22071380688286085,0.14644424492926564,0.1464382083226146,0.22850496210011226,0.3613377800578566,0.1112922311882582,-0.11337575666310859,-0.09571088622459767,-0.04487036240594012,0.1386817906866822,-0.12111081258668352
2020,Tarragona,0.3496777209911549,0.36133565076906476,0.33775714882738717,0.38872829788555396,0.27553590565660985,0.224600002579239,0.2597312342286078,0.22856698776025278,0.2831637478228308,0.16992179433291896,0.009766917337959693,-0.013734425676182894,-0.005877389366138747,0.02542037525881338,-0.04493825739013042
2020,Teruel,0.23239365516510527,0.18552355081985958,0.341815242762105,0.3924810805486339,0.19724147293195218,0.1464985704856666,0.134715557292594,0.24020447313987153,0.27149144737201586,0.11130271036062114,-0.11134182297099367,-0.11914238284995109,-0.021515480911842064,0.048852287411291495,-0.15229683196411192
2020,Toledo,0.25975434654064894,0.1738099344475427,0.27144473646992984,0.21286551345219168,0.23040180527589965,0.16600860683159024,0.12694228647199848,0.19725210126900072,0.14255647875571428,0.14445153120459578,-0.08205598253467529,-0.13086235254051973,-0.05665108887561012,-0.11915275051156007,-0.0898761085820303
2020,Valencia,0.25198048410859236,0.361352239124102,0.2714035895147758,0.3496154542025836,0.2694896213217568,0.15816832992681495,0.26758056696525984,0.18163583649312237,0.25196944925591674,0.16212526561399807,-0.0820304063594092,-0.005848196109660673,-0.06646297426242845,-0.0019941592915787803,-0.05860457660016635
2020,Valladolid,0.318350298728146,0.18552542444403514,0.5136720239738373,0.3339657230704498,0.2050657117976808,0.2128712740474471,0.1347084097861408,0.39460392744760964,0.2148210305132085,0.12100431039103997,-0.0820771028066616,-0.12895028492609498,0.10547745168543395,0.019502262740589825,-0.13675908004795523
2020,Zamora,0.3770210116702563,0.1894161727843373,0.39650093250126295,0.25978865966945114,0.220743509829236,0.23248952001345338,0.1347353797610494,0.27532030129191765,0.16991427829988406,0.11913259040117265,-0.03512322059078567,-0.11331404729703828,0.013690388570233823,-0.05856028846265547,-0.14456696616740536
2020,Zaragoza,0.3397345525326114,0.2284829794873479,0.5020122649383737,0.38086897608973497,0.2519657559368981,0.22852730488094278,0.17379272062787207,0.376974233350188,0.27539357499646505,0.14258635323745233,-0.027362943369496927,-0.0839950123980977,0.1230789484501426,0.05272491831510816,-0.08985677542484584
2020,Álava,0.2988581229158394,0.23633965305372368,0.43567193057460685,0.5643830004649549,0.2676142736150004,0.17386723978001337,0.16594754017185323,0.29875313183044944,0.3945268859015096,0.13870696677958472,-0.08397009737500918,-0.09776166802732361,0.029234631178104212,0.216652252223299,-0.09567929805853438
2020,Ávila,0.36920300213356194,0.16984960892418083,0.458893037682591,0.25194328318327447,0.22066717114509332,0.2754267763541496,0.13474360144564718,0.3651306159908176,0.1660154280730113,0.14449725526268956,-0.02735151123843464,-0.11326788192663229,0.07432622317666075,-0.056633641034059386,-0.07417799636860224
2021,A Coruña,0.6737980637500944,0.7246805569503632,0.5646239873255556,0.38467009411183156,0.6229742689237395,0.47076496872083134,0.5214211436169267,0.38461616300148227,0.2538199150473421,0.38652281963107815,0.24771226388851394,0.19726424246741273,0.10533284477446667,-0.06655490963019658,0.1524670442254004
2021,Albacete,0.1933420482193949,0.18554539596684047,0.24413706940303487,0.22849277055227477,0.17381431887801393,0.11911483564180336,0.13864537125152218,0.17381684932508099,0.160043326537253,0.10346462838532211,-0.14456118430701637,-0.11914489918125068,-0.09772586669003921,-0.09182768322700098,-0.1524171865976204
2021,Alicante,0.26761897170732524,0.3143762280571023,0.33009456822100497,0.36512006019819643,0.2911120659589438,0.181726270102804,0.25977026544511295,0.247940773902902,0.29493902097304425,0.19720811386751969,-0.0428070883260559,-0.005848876956904078,0.01736885742204051,0.017625696081360998,-0.027494225679364936
2021,Almería,0.2711768300394196,0.34939111517941135,0.369034047912369,0.3417090291385308,0.2714727288009374,0.18158943005540334,0.27154228134866915,0.2677095358299272,0.255916765687269,0.17783520700560626,0.005864669487568466,0.04867052339377235,0.07219845726077738,0.0370921833796638,0.011971212780643233
2021,Asturias,0.7874087450875985,0.5172932353707896,0.7050608034751286,0.4626689733945218,0.7557836356681796,0.5963412362400274,0.4164050594629226,0.5214121602716685,0.318258671602187,0.5100473326572496,0.3181773386488438,0.07991352779763608,0.2609415991264369,0.0280258758076971,0.2616524471002999
2021,Badajoz,0.41206909737029784,0.212879638581371,0.30659140779036964,0.2363155622924853,0.3534945167214541,0.22071908348355868,0.13865527710477016,0.1816606130129095,0.15427251826872046,0.1777383458372093,0.011665500819868975,-0.10745772362312458,-0.07617740819437796,-0.08791407032685046,-0.05082551276770626
2021,Barcelona,0.31061022125421983,0.23237623539136693,0.5643548904129716,0.29877549871679815,0.26762682129594034,0.16993793054165565,0.1621604613363594,0.39455643659754597,0.2011445687950319,0.14259544453670278,-0.06444212279326171,-0.10352959456624691,0.15412838006905813,-0.03712237009323217,-0.0977451759683882
2021,Bizkaia,0.7254791431792559,0.5822689706987229,0.5443483358331858,0.49862885339699775,0.7674312357087214,0.5161652027658382,0.4258111939514859,0.42413184035439533,0.37430072711032675,0.538535099525395,0.30014858841010406,0.10683356327062046,0.17645003494060094,0.05296156318663231,0.27110024238765346
2021,Burgos,0.2597262848851701,0.24411080250745631,0.388702384511396,0.5488400334148087,0.20897546304949047,0.13864049325004985,0.1659803798991517,0.28318084331187715,0.38864013146440135,0.1113010321104149,-0.08986847689533309,-0.05861995145019262,0.01947620496821748,0.17574503233927077,-0.1523674263255428
2021,Cantabria,0.8301236725932396,0.5378480051014123,0.7325764783728099,0.4862788664801569,0.7515276906414803,0.7008452248470567,0.36533317136989013,0.600667561574993,0.32204503502572956,0.5174147257399047,0.4192557443313558,0.07607942226049583,0.33383129219177554,0.037238961224568184,0.26364060092420427
2021,Castellón,0.30275828915187875,0.3339877926212271,0.3965058994286153,0.39254056652458674,0.33767433662758534,0.17371236131076273,0.22459614803959213,0.2558351987975784,0.259805096880387,0.1971156775419019,-0.08414491959885259,-0.060546332382814844,0.005834546715029292,-0.013720798879155362,-0.04884671414330496
2021,Ciudad Real,0.22457386539745186,0.17770635057584466,0.2636801726500416,0.19726374495132384,0.17383301916599683,0.12299978213180107,0.12692047768537962,0.16991395399171794,0.13475114356967832,0.09957614576149376,-0.11334720075003243,-0.1289317308438666,-0.08009680121874982,-0.123057396501665,-0.15235594322769258
2021,Cuenca,0.19718339304820282,0.20505452125000437,0.24802427753327486,0.26365198195273465,0.16989002011369125,0.12105055044378998,0.1542766260992086,0.16991664021430058,0.17772114311601833,0.09174074742459348,-0.13871657575986676,-0.0918050950139623,-0.09766487586075089,-0.04493962283677368,-0.16796795122085945
2021,Cáceres,0.4003608080738658,0.4316740945041074,0.23625424337369863,0.2714706244936535,0.40046189775108576,0.21679533095578213,0.31048411526574093,0.15430495705361205,0.20117660988454228,0.21677992807152485,-0.011710092245782245,0.01956018715433269,-0.12896731455509178,-0.07224023522766175,-0.027269999521342545
2021,Cádiz,0.26360637549602783,0.19723174732783408,0.4941481654386203,0.25979792911851673,0.22455395516875204,0.13864422205573865,0.1425437469332135,0.32606746647964563,0.17766812818808733,0.10738774711963259,-0.12885820051184774,-0.11337391854000055,0.06643696287343233,-0.05077589647936486,-0.1914261098278732
2021,Córdoba,0.3301097602644291,0.24804320309713238,0.4433076065781873,0.283184167576096,0.28327041795890984,0.18161118773665902,0.1816067112839211,0.29490732581588713,0.1972758344680166,0.15821591418687453,-0.05076849864701785,-0.08007117950689142,0.042931188791152326,-0.06057552215952846,-0.08208948004546669
2021,Gipuzkoa,,0.5712394326170177,0.5897827012157136,0.5286652078774616,0.8236107271219243,,0.4523384012553263,0.4392033545717347,0.42375478126205984,0.4128628577289979,,0.11877962085308064,0.1721331791566635,0.10709129302335178,0.28284854563691075
2021,Girona,0.46682041161242904,0.25588898604627064,0.5839665641047503,0.30667277363451406,0.3262919730347107,0.35626070180646824,0.1816121689693589,0.41789090357357866,0.20507353633960082,0.1776929261497133,0.111339699027014,-0.08013557918419119,0.17771144220810456,-0.05662560994847762,-0.04884102155614216
2021,Granada,0.21674196483432656,0.2597781733634492,0.3379268212793227,0.27145094589546725,0.20892663970489117,0.12298728550636603,0.20113834720788562,0.2480843209295993,0.18944121134573308,0.1152113022604196,-0.09770432475862037,-0.04104556069081916,0.02153431637751716,-0.052755411692952066,-0.09772812340480633
2021,Guadalajara,0.25918623160083776,0.20114902624399433,0.30271112946924167,0.36130400474938457,0.18942316205975684,0.1453048709895174,0.14252805915914252,0.2089793805564663,0.23828441838481143,0.09956423547051761,-0.1134338499049624,-0.09181979338319668,-0.05661107958513205,0.04486984184208378,-0.18556477007229336
2021,Huelva,0.361344086607745,0.2285237260553012,0.48629745117725554,0.3144385752588008,0.248100921165445,0.1933313206152213,0.16597141391982181,0.34185949608885335,0.23243895591258212,0.1425723671409564,-0.05671777177526129,-0.08397121345404568,0.08984650963254394,-0.029296942223570006,-0.11918035707517917
2021,Huesca,0.3417492759374323,0.24022794426276475,0.5839753796083577,0.3105177073988711,0.23042367596513538,0.23237855211353003,0.1737947391006198,0.42773630675992735,0.20895576778060157,0.1269253601117815,0.0019209451345710785,-0.09770490753648459,0.17776572452663655,-0.003962867602404978,-0.1367289275257765
2021,Illes Balears,0.33390406246538784,0.18949370706427282,0.45126629295909215,0.24016801611470734,0.2363407784373098,0.1952247553980847,0.13084319275754067,0.3145360516973405,0.15430771650597863,0.1347663016376973,-0.03312356279353615,-0.16600399228221788,0.06459313142665085,-0.1347421363603896,-0.12699968037996834
2021,Jaén,0.33397261894011643,0.2793051197313675,0.3769327038375412,0.2949357337790844,0.3457049188416351,0.18948191468821918,0.20117190009729752,0.271479165097684,0.2012028874092378,0.20120009612194595,-0.004004097952067813,-0.07230304820336844,0.017586203443215466,-0.07618583081151135,-0.021447302373404496
2021,La Rioja,0.2871138301135542,0.2793167538473819,0.3769050893547405,0.40428307460082047,0.22853006593037506,0.14648375173263303,0.193327429245251,0.25972011888757524,0.27154391203228945,0.12303292431415726,-0.0840553217698265,-0.05667531313403082,0.021484318186800102,0.06634925277966222,-0.12111455273703521
2021,Las Palmas,0.4712964922747386,0.25516344902016636,0.34637782890316554,0.2125836766958197,0.41796478112586577,0.3338285053239044,0.16207720615858592,0.26774361190897733,0.1343194581227293,0.3046811766205906,0.24843820861172983,0.00012383655015515288,0.15089674196377828,-0.01722258018280282,0.1942958410355573
2021,León,0.23243283251195268,0.32616915365889554,0.2597333486160577,0.3066101766359809,0.24417113471162602,0.11910299757905543,0.22258431219344765,0.1581805703684668,0.20897498216010513,0.1073940469555882,-0.142576613551096,-0.027326650104784068,-0.10554883542455612,-0.04298714833097709,-0.19136288455950662
2021,Lleida,0.43169413162302706,0.2636650727212124,0.6698944869245512,0.32227387212104147,0.2597253972262156,0.29487111129136157,0.18945802964667022,0.5018926869474576,0.21291057959215126,0.14256120009785886,0.052760333757993834,-0.07619433356816321,0.2480228348123585,0.0038685339007866804,-0.12892019448877146
2021,Lugo,0.7828348034087925,0.6231688826444798,0.6389537291674239,0.43161543911875816,0.720236492950477,0.6132126309585596,0.462841092719386,0.44727294480840685,0.28519520782472685,0.4903534707587915,0.35012008480860846,0.13095915013604545,0.19936127531387052,-0.005919862464089138,0.22439517063396122
2021,Madrid,0.25983357434308724,0.17767817606182137,0.34565309396187177,0.24410748101390847,0.2402500990184456,0.15036809651489513,0.13083126654686186,0.24415451580474654,0.16206721684618508,0.1269280177874442,-0.09974731038465337,-0.11917047479460059,-0.025343072595032823,-0.04882158238450832,-0.12111771807089829
2021,Murcia,0.2285045585406048,0.31444520720142305,0.33394034684443014,0.3066231069961426,0.23244073611690175,0.1522491358914213,0.2617208193009915,0.252012111731747,0.23635926290477943,0.15035919125000874,-0.04304926047623284,-0.001954071961438633,0.03317448673012809,-0.009793143721905864,-0.06645036782144303
2021,Málaga,0.3301044978120875,0.2167978580977817,0.4198700505162174,0.25197445270949576,0.24415111920802182,0.1738479145854834,0.15039727120277693,0.2695876900454504,0.1699007196371258,0.12690513514835003,-0.04296188186566769,-0.08007548432805008,0.03707665515040166,-0.07226991435062845,-0.11131526669586514
2021,Navarra,0.29097925859715906,0.22849190161009184,0.5136770638378345,0.3965117729948165,0.2128645771498572,0.18560115183174106,0.1620962493175324,0.38083806955827815,0.2597181568225862,0.13476833393857096,-0.035147198461069215,-0.10553718198093319,0.13669559282685986,0.05856160050944915,-0.12110114119930034
2021,Ourense,0.4672387860495418,0.5018225344544415,0.41637203458017535,0.5058451282391014,0.486196287906829,0.2837132998883375,0.3651333436304945,0.25588349021764273,0.3690960595831513,0.2561073053667713,0.02547915851740003,0.09184386897531051,-0.03671088959658985,0.05656104552100938,-0.07415831800018917
2021,Palencia,0.271500044067225,0.2128698576557584,0.392593701810604,0.3730380671856996,0.24804288123888768,0.1542614257551113,0.15035473827947943,0.2754210044468657,0.2519335664521563,0.1308116385053417,-0.10552369836890141,-0.11333993142379507,-0.003885249744286985,0.027349487876400565,-0.14456040262408576
2021,Pontevedra,0.7756190381504425,0.6739466753912352,0.6269554975858449,0.4432611812153329,0.7636328110428161,0.6038149851089871,0.48236866878339496,0.4389076599757817,0.3025572143534512,0.5490314134248683,0.3304682579374482,0.1345365651218269,0.16645752218631413,-0.04492225385911458,0.2558903109161133
2021,Salamanca,0.2636903076404697,0.18942745124796995,0.3065520978060801,0.298829141843173,0.2324085860986107,0.15817068634904674,0.1386467798685952,0.21676785824536637,0.21289966556811446,0.1269168968165881,-0.056656745050706024,-0.12114234112692344,-0.06841200229967886,-0.0019927459830234857,-0.17582143168747613
2021,Santa Cruz de Tenerife,0.5492881359068815,0.3731356791139596,0.46306928159620075,0.43166825487437244,0.4856479176077974,0.40824284494285273,0.28320571616967183,0.3727394657362413,0.3261298334192776,0.353296197943617,0.25578819423259797,0.1033926302880375,0.2088605075679681,0.1349263922881154,0.1902553728693718
2021,Segovia,0.2361918733792839,0.20116659564544156,0.33402055943389064,0.3574034859681215,0.20113507379430362,0.13488117438871067,0.15219134817896549,0.24809373155371,0.25581599920276193,0.12301503730293975,-0.07241518211465041,-0.09765680521167668,-0.05067982436007999,0.027357432609613465,-0.1836140885953079
2021,Sevilla,0.28316759733946545,0.22850475859039004,0.4590108890216799,0.26365453934356603,0.2089326004901922,0.14647152660524446,0.16212229319207455,0.298817765228694,0.18555955644827876,0.10345566661423779,-0.08200335106183824,-0.09771062257127154,0.05078179827951441,-0.07227821400075914,-0.16801234197426682
2021,Soria,0.3067474582295457,0.2285029645267577,0.3457073133624788,0.5253997835436575,0.18553497951980516,0.18184273445172883,0.15427283599504807,0.24413892087172023,0.33203316959838214,0.09959888029760056,-0.04492150545916084,-0.07229162607935238,-0.027417173502181792,0.1445333775849144,-0.17381416375466352
2021,Tarragona,0.2441702475416784,0.35340327587094317,0.2910092018490146,0.3222276805312754,0.2558371311724422,0.15043796531953918,0.2519832064851399,0.19729005783023335,0.21681963995600126,0.15030573915453577,-0.05073398083942894,-0.017626650851868726,-0.041015765606299624,-0.02151924448462586,-0.07233007786539866
2021,Teruel,0.22854096911616423,0.19725578561776788,0.33403371685359123,0.3378621838166037,0.17377801690033873,0.15034906785373936,0.14646691041349763,0.24023167550708707,0.22849225744572996,0.10350501676146732,-0.1054922180054962,-0.10352988619234973,-0.0332318382507533,-0.0020140781909491123,-0.18165410504635726
2021,Toledo,0.2948805781525051,0.1777472654938323,0.27930631494700475,0.20116718990360372,0.1815998699233717,0.16775452620011466,0.12690117668301512,0.1972260361054125,0.1386369743740091,0.09954022555813026,-0.050814521270925214,-0.1464821001190249,-0.06836254350094605,-0.12305476099879441,-0.1523621154432203
2021,Valencia,0.24598022086834784,0.3535158077636861,0.2636586971967089,0.36907592719637156,0.2245461138381104,0.154338124322536,0.25974140435701626,0.1738536630856423,0.2675612431757957,0.1347182329844586,-0.08214147576566058,-0.005889980300718171,-0.08008078897592064,0.0019201304196326582,-0.09759721223374339
2021,Valladolid,0.24798214610998953,0.193329512249845,0.34571321108181186,0.29879710788047076,0.20893296080649684,0.13869092670524907,0.14436256616962492,0.25190979739338243,0.2050686581088085,0.11911006527504728,-0.11324365929218493,-0.11332126488351138,-0.03511286052543874,0.003889123027943152,-0.16803433309703608
2021,Zamora,0.28321745282725136,0.19722020028112638,0.34178982155839444,0.31837067942599073,0.26755876775740606,0.16373496960931613,0.14253424638152243,0.23243726716709215,0.22458824604079458,0.1386955980083761,-0.068369135309263,-0.10549529043706235,-0.04107058229648797,0.003912072988833807,-0.14454463732141298
2021,Zaragoza,0.3456607667961221,0.23629644711823386,0.45899318311667847,0.3534712847760463,0.2089509545950418,0.16272567452739642,0.17561231348251335,0.3535065862255555,0.24417389840619722,0.13230215047071095,-0.011759601875309623,-0.0761857065672313,0.08395802986689534,0.019539378251964886,-0.1367731156454313
2021,Álava,0.2909000334524086,0.3027763425562069,0.45502624105199907,0.7052050380470523,0.22474832636563144,0.1346977050064425,0.18945981440227408,0.32229932647945025,0.5019218849299248,0.10349947064212427,-0.09963504572751258,-0.04292402272497709,0.07418132521664725,0.33006334840055995,-0.16017028138170375
2021,Ávila,0.3182567339446028,0.17775603471238227,0.3455505366595311,0.26364611728216186,0.23244803708086526,0.20892282769893725,0.1366079045057636,0.2636589883106383,0.1816206761109463,0.15424485178735367,-0.017621363992392905,-0.12117199145974958,-0.02936196942125723,-0.03712402128981209,-0.13666953383448338
2022,A Coruña,0.7482332233867899,0.7049725205429828,0.5760090000541983,0.4511943012800904,0.5644745427274422,0.5487796272816072,0.5019471770729813,0.41203024955732886,0.30257664589439126,0.31825674804096477,0.28721778878735893,0.1778410369563963,0.14686264606590854,-0.019710387883192158,0.0762429036698611
2022,Albacete,0.2011570652564758,0.18163544444593932,0.23632299551927413,0.23240995587328797,0.16989676593068417,0.12303287765919624,0.1366066550556027,0.15817549771803058,0.16991091815554457,0.10345040832664686,-0.15233827176024667,-0.08786196202805838,-0.09768227842658257,-0.048836377880395444,-0.16016324306634463
2022,Alicante,0.29878561084122485,0.33392083664467626,0.3613631462735001,0.33008507209247406,0.32223127317305683,0.2011776678531494,0.2713940973371608,0.28711029690296674,0.26758833577707997,0.22463299567737108,-0.02750261427791134,-0.0019738319103525157,0.03718415204980195,0.00200400355979805,-0.0039055032420358686
2022,Almería,0.27929184566557586,0.32234360742406054,0.3534378744361587,0.33790642482208155,0.3065883623452304,0.1815556467921438,0.25198844362598893,0.25603497811118775,0.26752431400814813,0.19730830055901818,0.017621285511110585,0.04486226817508367,0.07614112941176833,0.05666678269976065,0.02752571917846733
2022,Asturias,0.7989216228187543,0.6895044124381774,0.5845802501228834,0.49417748235191566,0.6936114129650384,0.6077564163685407,0.5177894397068242,0.3639603652405886,0.345723002951867,0.4356313053717173,0.3552269223435913,0.19131558697297277,0.11558963563101546,0.05290913232639654,0.2089655508704113
2022,Badajoz,0.3183529983938463,0.19724302386807596,0.3144750140824177,0.23631535104801907,0.24411727456391363,0.1855626373705876,0.13863594225475143,0.1934230995971557,0.15818945319536956,0.1308188556578575,-0.050777308271041086,-0.09181567915897532,-0.05858245690963115,-0.06836964436477377,-0.13676385938458696
2022,Barcelona,0.25192144786521836,0.20905061392138785,0.4511452337957992,0.341832936119062,0.26367982525007033,0.15421583607457945,0.1503641159691464,0.3162488285537089,0.24018400116612873,0.14651450508020747,-0.08787571969371011,-0.1152420959436319,0.056494384238678134,0.021499268488811195,-0.08986068166940402
2022,Bizkaia,0.8684322938914993,0.6149050522203399,0.5440047253396338,0.5256646284761435,0.8766749001442465,0.7001144601297216,0.4395457165735467,0.35359033321875344,0.40061455466643137,0.7119166013531393,0.43011296577305674,0.09923988166998966,0.12543769309989697,0.06830763237254765,0.4013019790222233
2022,Burgos,0.2207001653197388,0.21286666808067378,0.4706781274213928,0.5761642146324066,0.20114568826272455,0.12303130784524546,0.16000041526399755,0.3339861914113737,0.4238374351065258,0.11128338421759976,-0.13867335284873822,-0.04298731985623019,0.058565322588997784,0.1913910125595285,-0.16015624849809526
2022,Cantabria,0.8455551286484773,0.5375187253540178,0.6076911596475421,0.5096719407715719,0.8300142589073577,0.6618126039525581,0.36962318307210784,0.4080362241425499,0.36914140945350515,0.6149976895877645,0.40266911019723406,0.04885870979840428,0.1631324429985619,0.0760343720924498,0.3963023575748292
2022,Castellón,0.2791711562059254,0.32613886351579235,0.3418764192255094,0.34954395190192433,0.3415999678562698,0.15822274389536917,0.21679250661873653,0.22082282661327549,0.24414361904360138,0.19720263139675037,-0.11138695877145283,-0.06455626765228854,-0.05286284121826907,-0.021497917072570663,-0.0606219457648696
2022,Ciudad Real,0.21680052441635536,0.185530539860634,0.2754001317366859,0.22852146909908508,0.1737988591537257,0.1308390495563813,0.1347129402712608,0.18550663519596838,0.16211052802446002,0.10738287937906445,-0.12695281843763437,-0.09179245248117665,-0.050868924319190885,-0.07618760878932591,-0.1523369499727077
2022,Cuenca,0.20893960448739723,0.19722464783697172,0.26363317876066417,0.2675705303390138,0.16597352918691313,0.1269444450461819,0.14646855057705596,0.17580923131827395,0.1933405534287776,0.09566012399560697,-0.1445625348700053,-0.07226393561686992,-0.07425700223364824,-0.017584808692446104,-0.16795306535936547
2022,Cáceres,0.33402143900340775,0.21282571462855993,0.2636156323664577,0.25585138441609545,0.28312925420908713,0.20115633455751225,0.15818659180011335,0.18160470811622262,0.18560314242131068,0.16208751199917204,-0.0664656254078675,-0.09578298696525062,-0.09780474224723,-0.08008922843417748,-0.12111699368966992
2022,Cádiz,0.24409722180909085,0.21679405471706747,0.5177144833618015,0.2832269845493663,0.18554631847540734,0.14250075388391203,0.16208268317401522,0.36138462152324197,0.20113755420256346,0.08392195059515224,-0.13678947836901062,-0.05665930613020998,0.12105199928672469,-0.011743286792074707,-0.2460550423047963
2022,Córdoba,0.3457258876095313,0.25194864457754407,0.4961690481674222,0.2832154295941244,0.24020540833908693,0.21289282171345228,0.18947994609155902,0.33201358119959895,0.2089419856667436,0.13867035414611623,-0.03516926045945381,-0.048816556342536656,0.09771394602726272,-0.025394446234256265,-0.12895748981168884
2022,Gipuzkoa,0.8427716165163435,0.580483138005262,0.6034073632419439,0.5134092269192878,0.8605212225651352,0.6457432746239863,0.42910512297208486,0.38480370722148793,0.385954069351376,0.7122599569084975,0.3901028277634962,0.13073350198304048,0.13809282589190142,0.08392469531236739,0.38867469408899546
2022,Girona,0.35742369859235146,0.22850475607651846,0.6465016568534828,0.3965565410498634,0.2988136133125376,0.20897502478717628,0.16990033002169183,0.48057645859878323,0.28326261520974083,0.16790088718116924,-0.021527285114955864,-0.07224099010408731,0.24812035560808277,0.05276244587891994,-0.06054527030547371
2022,Granada,0.2050948327970993,0.25193512082901126,0.2557939974102108,0.2909888265185682,0.18156153790859583,0.12690327045992408,0.19726522792528856,0.16800998762858535,0.22462816029232172,0.10738119038794429,-0.11130173628201864,-0.017582598041977354,-0.05271946629495739,0.0038655019661207276,-0.13668569602341693
2022,Guadalajara,0.2206812904502976,0.17771499550790007,0.36137926553678806,0.4571036124565258,0.18941785208613646,0.12298138457222878,0.13473734098169168,0.2520037583764849,0.3261919053810543,0.1074211095863344,-0.14650950553864645,-0.052743769687564154,-0.019489088342644807,0.09762955155496016,-0.16605562360769618
2022,Huelva,0.32620686998427273,0.21674585115393177,0.4042993041428722,0.3144151763932553,0.18940503854523214,0.21676276528216804,0.1621515368133326,0.28704045142621004,0.23244419702562324,0.1073454943740128,-0.05076706826769889,-0.08396372549737365,0.021412701369008705,-0.029287871645573053,-0.17774317806212087
2022,Huesca,0.23629674412370397,0.23239695554766626,0.46083796366866026,0.33007291143944273,0.20896024325789533,0.15040686226232333,0.16785840885609302,0.31639920344752454,0.2324118913028256,0.12302914539499758,-0.09573093858266049,-0.09180933497295368,0.05855593853101901,0.0371173633950373,-0.13673972796362405
2022,Illes Balears,0.37692466644987044,0.17385266619952724,0.4316356436235928,0.23629142832859767,0.3613516425829838,0.23637173149610177,0.12694996562830432,0.28310057335202204,0.16213497324637946,0.22251242266721274,-0.009795960148095213,-0.1504801211289421,0.037109758832180983,-0.11130774245482022,0.029258226410279253
2022,Jaén,0.3573793684520974,0.2636677693677011,0.37108012089228526,0.29880037714429153,0.333956941813579,0.22463730654636457,0.19728281674978757,0.24410750114085325,0.22264434440141767,0.19728138554425093,-0.009778221600007814,-0.044907736420209274,0.0038843153107553396,-0.037125442712806454,-0.029339680291399987
2022,La Rioja,0.25583701535772113,0.24801965992713307,0.34579001500607,0.4394628193655573,0.25190816197807014,0.13478571197211123,0.1816192057758868,0.23634297029160006,0.3241430013646338,0.1445217595755801,-0.10548676798789272,-0.025396846540889462,0.0038633461174216997,0.103517405196086,-0.082116355747969
2022,Las Palmas,0.39325436585929574,0.28743107974641574,0.3539490320739474,0.31421789123610644,0.16576655777727972,0.26412867123898326,0.16974556670675411,0.28751409978712644,0.22465386082014552,0.08007823093457897,0.166792180966711,0.001735657545306668,0.15466433599040344,0.056770607817374294,-0.0954132048099727
2022,León,0.22460024235787335,0.24802122477397565,0.2870991994770065,0.3222486033413022,0.2441425689905022,0.11912011290981554,0.1698721549976981,0.18163391566473852,0.2168171413710078,0.1269150490694907,-0.1445742417028296,-0.0507868697713493,-0.07431662139329699,-0.037118554721633536,-0.13867568451858522
2022,Lleida,0.24025247907729583,0.28718302341572066,0.3534781723689856,0.2909949931891147,0.2128433655694311,0.15427093110566567,0.20894568899109273,0.24020028456435844,0.21286049265115747,0.12691282474857915,-0.1074251991899082,-0.06449663082850181,-0.03712112767097119,0.017583253179714004,-0.1367310837963925
2022,Lugo,0.7987684055240281,0.6386481302289105,0.5292642879581483,0.4510994377918341,0.6310948319532356,0.6230831902570532,0.4590683831077675,0.365172053204201,0.3066144026295198,0.3884997503360607,0.36148184135395406,0.12911811929857833,0.11595430484942362,-0.0018674117913799356,0.1755790672886997
2022,Madrid,0.279285663604998,0.16993088765387573,0.4120898323698986,0.3613345570601435,0.20898678589931158,0.1660149882521799,0.13474164549073167,0.2928451169466161,0.2597161448839966,0.12301754536875839,-0.09568014800096855,-0.07618220244652245,0.03321521316769583,0.04094917524451271,-0.1288618812231731
2022,Murcia,0.24022354629390272,0.2831657584843862,0.3496242989753464,0.2870724656536381,0.24415177356069648,0.15427926131353098,0.22460770019730913,0.27148057341269716,0.2245869064549422,0.15817053790655808,-0.05080751415062751,-0.017648069240293635,0.05075606125709402,-0.0019215438739177363,-0.06643541075355965
2022,Málaga,0.2909939690875745,0.236320166174765,0.3710862737334837,0.306622052489505,0.19721936875832485,0.17378822609372796,0.17382621145265242,0.2460479056920949,0.22071587189176595,0.10345102138867693,-0.07226761857305528,-0.04101820588631358,0.009699969883594369,-0.0059183965331594075,-0.16021952236384499
2022,Navarra,0.2910053480667774,0.21290542960280587,0.4023889816201696,0.4667883895757829,0.22066635757797134,0.17772922767388244,0.16206118553959498,0.30071699648103817,0.3417870865671313,0.1386563748286336,-0.058622402837537654,-0.05863135184556156,0.06058759228727517,0.12891985364053257,-0.11333496196959328
2022,Ourense,0.4862750188831026,0.39636504818696805,0.3845958457463964,0.5524871027236834,0.3539780624966944,0.27952184535197616,0.263756332403336,0.26377428753052407,0.4003432326118202,0.16972428879889084,-0.0214208654163577,-0.04096137110550332,-0.05291732841193206,0.07441452828841959,-0.15238020763770932
2022,Palencia,0.2519624709179415,0.18941926251511484,0.5214991981655333,0.498056773212945,0.2246135583455832,0.15427095057695447,0.1425266038496984,0.36921328850968416,0.3457211425680307,0.12103272286977654,-0.12695658266411525,-0.080090546793739,0.08991271700043367,0.11331074857778886,-0.14455218312215218
2022,Pontevedra,0.7836105970640815,0.6040706031571461,0.5508094944693774,0.4860691611698905,0.6619557729062734,0.5950918048516554,0.4235701052621793,0.3843960696760395,0.3381324569613867,0.40958326294928704,0.3178683608769212,0.08403430365703624,0.09617735685996086,-0.0057998323237442246,0.17241624440008635
2022,Salamanca,0.2363056062886439,0.18159790694647387,0.4121525521820586,0.47853889302169655,0.22461044181857123,0.1503719658751967,0.13863239047999187,0.2948830622457429,0.3417922542197741,0.12696052782564055,-0.13084406429975382,-0.08401619469461892,0.021534643938104836,0.09757585840821299,-0.11329194676900038
2022,Santa Cruz de Tenerife,0.482686406416154,0.41627022313095313,0.4706776189281514,0.4546862790642143,0.3183812902834838,0.3222173511184516,0.3336534985894153,0.38479317259471324,0.36116868141503455,0.17341809968358338,0.19345022454674932,0.15428520208820487,0.1854874156826058,0.13465887187803796,-0.016255735157371377
2022,Segovia,0.21289906016388638,0.18551711893660744,0.4238588593594529,0.5019514999200683,0.1894593744168857,0.13475588022180077,0.14437611501067824,0.3144413418617646,0.3730782163643022,0.12426575523742356,-0.16215742666248661,-0.06637070937718582,0.011903531884865426,0.1132619331186738,-0.1680271720967846
2022,Sevilla,0.279299591119695,0.22848986678046176,0.4277630986197579,0.30073538622363044,0.1894341480310524,0.1699132530550779,0.1678995019978199,0.2832265740970529,0.21482384449241892,0.09564127870751013,-0.08981717053299101,-0.07617504269193423,0.03517887902982279,-0.027388535711175,-0.191469878628736
2022,Soria,0.20897030492606153,0.18942975318891622,0.3965079040215411,0.5019510699251842,0.18161048758421694,0.1230629849363517,0.13664480421877706,0.2831938293251412,0.3613691755822662,0.10349309317314019,-0.14450874607476366,-0.050722233571395305,0.003876704420228066,0.10543737240448568,-0.16209075775223714
2022,Tarragona,0.23241592133859543,0.34567515839334834,0.28709822580500455,0.3456927827251303,0.25379176155371913,0.15038903982046567,0.24412447575850402,0.20112530891296987,0.24805870417193773,0.1543345206718187,-0.07230282041101091,-0.03329505689065152,-0.04504685610034469,0.001965036472363535,-0.08201078084380989
2022,Teruel,0.21683034944798335,0.18555108861841463,0.31054850169149234,0.3105512355588473,0.19334385779417684,0.13085191429747886,0.13472978861814144,0.22068101047203081,0.2284999312749836,0.11519387389142058,-0.13867160590349117,-0.10350457724773571,-0.04490271864441424,-0.0019914205437262912,-0.15820827500683698
2022,Toledo,0.2206939062260192,0.17774314901367286,0.3007004182479992,0.2597557343194269,0.1855245476696073,0.14257046069535548,0.13473593022482186,0.21483521911407122,0.1855462478033201,0.11519843611321752,-0.1211433994706003,-0.10350758945095476,-0.04299343844978648,-0.05860994352201481,-0.14453463207518652
2022,Valencia,0.21678022210853296,0.3457265510314365,0.2675889250511749,0.3066242023500689,0.23246194257550482,0.1347262704684551,0.2520019497007057,0.1816139825784391,0.22456534470291953,0.13477300345392032,-0.1134198430935717,-0.017519427201986744,-0.07234154730143454,-0.021462736300539163,-0.11336204019182501
2022,Valladolid,0.2207005911289714,0.18161112502960197,0.49027053525844494,0.45506749909318156,0.20114669210195646,0.1386286174337829,0.14254845304536695,0.36526754431537006,0.32225877258594204,0.0997121195523338,-0.15041757473959588,-0.08006566646337768,0.08203240428949163,0.08982494631310256,-0.15236006605993918
2022,Zamora,0.2675637755873242,0.17379749188471355,0.4081985066583157,0.30664271348268096,0.22457656602895862,0.1621273011795952,0.13082377708947426,0.28322673473496374,0.20897745808771537,0.12304531653701846,-0.10546878586531809,-0.10547149620548815,0.027303141319068344,-0.03515282014114625,-0.1289302415329024
2022,Zaragoza,0.2363380715525427,0.24023913142091796,0.45508651873052086,0.38086605211652574,0.20505985519655354,0.15040581354316773,0.18549770328456758,0.3398391658307534,0.283188962639775,0.1308549267911085,-0.10551073549160078,-0.03714767143074559,0.07419243191615864,0.04886174474484819,-0.12897621375253063
2022,Álava,0.2480110823761497,0.25191254747800085,0.4549188064004714,0.6348279707001113,0.23244133451181712,0.12303708624754522,0.1738013969284298,0.3065818561249351,0.4902321358154102,0.11529029150153183,-0.11913499469117723,-0.05071232590715954,0.04505483443746281,0.2832038652722085,-0.15825381837598454
2022,Ávila,0.26758301285995506,0.17378211990556916,0.43950983355782103,0.45897587906092957,0.23235307683739934,0.18549945417570537,0.13864224988146437,0.3418123427895944,0.33009097941935917,0.14645008485854752,-0.10544779471104272,-0.0918090249364074,0.04488751921210444,0.07222090726626258,-0.12884854627516987
2023,A Coruña,0.6387200941347229,0.7519108582420387,0.5682230312559018,0.42775082781760715,0.7169293338611146,0.41974301153173016,0.5763498325210359,0.3870249484091687,0.2754702581720143,0.48045371361547967,0.1695602715327456,0.2616098815231276,0.11318539046119531,-0.06656432465913174,0.26955616871703875
2023,Albacete,0.18548059217175458,0.2089849410462024,0.24025410366466285,0.23631795901996394,0.16598690130830698,0.11518805450573853,0.1542811467653893,0.16993871035463567,0.16600181165980485,0.10346594627185522,-0.1601886639867877,-0.12892867761354773,-0.09766791862514072,-0.11328754846287756,-0.16799159304707645
2023,Alicante,0.3027399092193322,0.3653164848395848,0.31830831700395534,0.37691363987309606,0.3494700623759378,0.2127413893537691,0.2948750408353944,0.2519317590193299,0.3026285442343566,0.2519580375410408,-0.035165967029843204,0.009631246108263795,0.009825896526088607,0.017545184421367186,-0.003949619612743916
2023,Almería,0.2675634102081128,0.341847167386964,0.33000536198053076,0.3730075057169404,0.3340046454773517,0.18154247135920973,0.2636344201908962,0.2521007025939492,0.28320445846348563,0.2207019919162558,0.0018196028629953918,0.0370690110856941,0.06050532482278101,0.05267261601816845,0.056782233459758635
2023,Asturias,0.8065609351968593,0.6466914844531709,0.6188679176827743,0.4002277730323672,0.7130548761268928,0.6232782042009474,0.43550501885736115,0.4623771859737121,0.2481871677702123,0.47861583831650534,0.3715212884319564,0.09715004525161708,0.18322249856405345,-0.07413072466801653,0.21465708204502684
2023,Badajoz,0.3691375961230076,0.20114664816188396,0.30663832191612933,0.21286605529235353,0.21680795214542398,0.2167693262258455,0.1287490062733618,0.18944790468558673,0.13865677774497076,0.11130796803067239,-0.017599538858653098,-0.13675939395768014,-0.07227073198865054,-0.13087523168369686,-0.1523654913614881
2023,Barcelona,0.2441747029793772,0.2910367217921215,0.46673636629607324,0.3457162443658822,0.21683782541452828,0.14255321021095543,0.18947274274965595,0.33790552929190626,0.2284853418608658,0.12300613109001474,-0.09964210185808252,-0.0996433326703925,0.08008864755761193,-0.033195775389651565,-0.13675273265660698
2023,Bizkaia,0.8347495771065947,0.74049264941227,0.49052374552614475,0.5573700656869579,0.849652975983413,0.6768543837181129,0.5874952076566402,0.338177560627326,0.4388940525557027,0.665789058991757,0.3498617060168794,0.25403624382207574,0.08089938703581685,0.1143679753203772,0.39325812007478944
2023,Burgos,0.23243675660454435,0.2519222816074636,0.39255996434849866,0.3340026220139877,0.216803488317865,0.13866613285091328,0.17382639350531368,0.27930671314424366,0.2129085089059727,0.10738788563066766,-0.12108032638099282,-0.10549534421749102,0.0038443824131736636,-0.06058144711485908,-0.14454191870769342
2023,Cantabria,0.8223862522470939,0.6192457460620172,0.5845034898127809,0.45515411806022105,0.8729021606300333,0.6664676297711988,0.42759942170351994,0.4085439308504538,0.29899280356195657,0.6857119297999542,0.3652695829254848,0.10373643227300666,0.1287681145564665,-0.0020610833561746657,0.42579942939921506
2023,Castellón,0.3652317075029108,0.3730149211475006,0.36918439903438904,0.36524194482385003,0.3885125685881715,0.21678309991017522,0.248124931839423,0.24016696151513553,0.2518745464279726,0.2208368170849252,-0.045014765840987056,-0.04100935452123594,-0.029296504079293618,-0.03725315786762785,-0.052916476417412824
2023,Ciudad Real,0.20114529683393145,0.1972478181762551,0.23632737864032455,0.22069929268606228,0.1835053439710342,0.12301509047208024,0.13866724041818607,0.1543092511827804,0.15430392210521676,0.10346957768704561,-0.1425736673531189,-0.13671681972365932,-0.09771471907998322,-0.12891463887212673,-0.14452341321877837
2023,Cuenca,0.18552290618849465,0.21678868111477947,0.26364815486998194,0.2324182680381004,0.16989069539799256,0.11128302904487082,0.1582022905564795,0.18163820187016047,0.1582172743035301,0.09565722056082603,-0.16210972410969798,-0.11913616537947821,-0.08207768759027437,-0.11915021468605445,-0.16208492325526463
2023,Cáceres,0.3652941085214285,0.26368154914699493,0.25193861758457264,0.27537252388962197,0.33008801391579373,0.23627148682830784,0.1893767226515347,0.17375238809442334,0.19722898785402607,0.1816478056395493,-0.02140655157609918,-0.11334899192967098,-0.1055390098555328,-0.09956589105562698,-0.08201099460135233
2023,Cádiz,0.2636276276516232,0.21283097759142752,0.4668085071627714,0.25581497849967905,0.1816215022193823,0.1425276110449542,0.14638877101271688,0.3182970271122246,0.18166748626167029,0.09567323199696104,-0.1367593616675642,-0.13862783771441847,0.06631136081207334,-0.09181079005711705,-0.2070865624308311
2023,Córdoba,0.3848361932074,0.25195163759750633,0.41989955619531605,0.2714976897134759,0.2636873113483084,0.24025307389603698,0.1816329845209178,0.2910094110294766,0.19728343773069296,0.15033757657881988,-0.003833037696647086,-0.10354742712285234,0.027355803235332092,-0.09964112820985571,-0.09958666645579699
2023,Gipuzkoa,0.8299178620479107,0.6503174214846146,0.7411864241420297,0.48912353379061246,0.5539293261237255,0.6930871153433036,0.5220334372633055,0.6105145300423889,0.36691279315616565,0.2983185544606986,0.3569442114677889,0.1594182389722793,0.302559234712126,0.058215243201838345,0.13843464581725304
2023,Girona,0.5584118989491161,0.3066118155482121,0.6385928952429568,0.3691079035392412,0.4550803778619139,0.35540000493096513,0.2090163885186084,0.4628805066201491,0.24416516558780965,0.25966996401356085,0.13862505807986053,-0.0957142471256719,0.23242695655129486,-0.009791842898171926,0.044899361516149275
2023,Granada,0.205051825186891,0.2675409341788781,0.3027252670555186,0.3105710640356427,0.19338146748036,0.13084320310056408,0.19727352836802065,0.21683199978684817,0.22275750930870636,0.11520077738211894,-0.10550531070381645,-0.056679592083220195,-0.013662802996434478,-0.04301806642240061,-0.10561174861263145
2023,Guadalajara,0.22066834327510562,0.20508369437665572,0.3144121302648168,0.27148260881748526,0.21289586990539,0.12693370453581326,0.13867153335623014,0.2168097031731217,0.17774114724582057,0.11130112616335296,-0.15036831531314812,-0.13480856699187138,-0.05275379949951977,-0.09961270766679177,-0.14455066274718215
2023,Huelva,0.3496803378317093,0.255862522827969,0.41599087747449026,0.2832311334658063,0.20112580643735326,0.21667746145748115,0.1817357060580368,0.2909779498373585,0.20114719784244803,0.1190751332319827,-0.056643627561779465,-0.10737174618250697,0.025404553454616573,-0.08794149949368654,-0.17388748252488517
2023,Huesca,0.32227479200656106,0.3027160969677324,0.4902277200019289,0.2871137448533952,0.22461870280395732,0.1933708451530744,0.21678636484988223,0.35352862070387087,0.1816279040212701,0.12696775666786636,-0.052717245186555635,-0.08401039114413741,0.08985170262654434,-0.07418972448634839,-0.15245666128817237
2023,Illes Balears,0.43158052040996436,0.19722580896476127,0.42765543560851993,0.22854505741180134,0.4199879132100121,0.27542024901640444,0.13477747592298644,0.28707266141348275,0.15434438268863065,0.2519994256549058,0.04099191377005517,-0.16992605308535647,0.04484303871526749,-0.15824328414348932,0.029274644786753203
2023,Jaén,0.3652058870929312,0.2753727516516394,0.34964357551137504,0.29885372048246084,0.3320558919576023,0.23246369004735118,0.1894432502035709,0.24411075055244963,0.20115618171060273,0.1933403240894255,0.013638051230082585,-0.08790465689023888,-0.011727416518981999,-0.09570323204773105,0.0039101870608443355
2023,La Rioja,0.2558286663851339,0.2832248458904224,0.3652562941603384,0.3144498474177907,0.21295077412331045,0.14646115534012594,0.20121562276921093,0.24803899739809718,0.20117114105039124,0.1073419067412447,-0.1055996599318017,-0.06441008909267343,0.011645878883698758,-0.044910669529847236,-0.12894982059288515
2023,Las Palmas,0.3761688889785198,0.311228435591324,0.30269922178267566,0.24807624815743642,0.41990576722600853,0.24862381202389885,0.20586347701223884,0.213446073136401,0.1599898893006716,0.28719703935568747,0.14811704094638373,0.04483086290984933,0.08437838016907918,-0.025470241777957127,0.18938932843652484
2023,León,0.2675871875244136,0.3339310570159672,0.26757253015694793,0.4199134383813078,0.2538447896773951,0.1347534681913913,0.22462370330742562,0.1660020213308455,0.28325680975104556,0.11316236936391433,-0.1445966896325081,-0.035253706114604814,-0.097705867464298,0.011793833587038777,-0.1758210592815315
2023,Lleida,0.3691449434434986,0.34959504849810996,0.5605470623665388,0.3690794237387477,0.2402263364021293,0.22851098785762863,0.2519792767317646,0.416005900212547,0.2519433864076158,0.14645089602561873,-0.02931251821793803,-0.0566327629650452,0.1445611995144518,-0.011796930660755035,-0.13680467506061314
2023,Lugo,0.7828945668752463,0.6973372557146327,0.6112416090168469,0.4862079202686902,0.603611556023892,0.5997127689222901,0.5253616035907485,0.42396196245379775,0.3379258158488916,0.3775103824500299,0.3458139695673257,0.20110294642525772,0.15975892212256523,-0.005951436511321704,0.13645201336043625
2023,Madrid,0.2285105005331673,0.19729151604168793,0.3261369689326022,0.2519350864997679,0.21672827352130486,0.13863040249570815,0.1386192417674039,0.22848133536326537,0.1660327919379768,0.1191147504898974,-0.13091614687573447,-0.14649324600925218,-0.03710031920188793,-0.11526128599710944,-0.13678153297424842
2023,Murcia,0.22068224737727513,0.3184338767625137,0.28709149767299685,0.3457043012133231,0.2753878329900514,0.14645713543239483,0.25581001030351136,0.2245660579790223,0.275418892816368,0.18553344654430987,-0.08208166412567672,-0.009772930221327204,0.0019211278178958514,0.013596835390313476,-0.035120399165344034
2023,Málaga,0.3379349390533158,0.22067056168922874,0.3613166278354571,0.23241667556681375,0.24026921930171544,0.19720429838951264,0.15040863244652727,0.2441799662849059,0.15819601754334467,0.13085787675464083,-0.03313191235783459,-0.11329134020232756,0.0019414749645416483,-0.11519917703477767,-0.10546432916606335
2023,Navarra,0.2987959195161391,0.2519550689465658,0.45119075525780716,0.2636613835631134,0.2596781407324525,0.18947405574641635,0.185492193646366,0.3301254889611477,0.18942869051387237,0.13868876410340694,-0.06636317207368261,-0.1035552174281578,0.07415572876221001,-0.058670588336669896,-0.11334495877466544
2023,Ourense,0.4901211231441168,0.5097915384253989,0.36126784175126175,0.6190052203526932,0.45101313331973925,0.28710544307492153,0.34553860058366975,0.2481094054187426,0.4590434709162657,0.2323300148140851,0.04089690661333923,0.07222627789233728,-0.07201859209261427,0.15981982552019017,-0.04270624205425445
2023,Palencia,0.26364221482537475,0.2245824694340081,0.41996507143266787,0.2949338812094926,0.22858967121599644,0.16211241506146695,0.1581967656440436,0.2949820415918317,0.18946399202389527,0.11523291751121198,-0.1152410854867211,-0.13675278512804948,0.005899476547960281,-0.11323874572931591,-0.1895105607608282
2023,Pontevedra,0.693260485335601,0.6742109220742663,0.587661117805092,0.46267259428616025,0.7829447359359555,0.4788196245119477,0.49419908996115547,0.40847079426014854,0.326158571416044,0.568259217502492,0.22090643860290848,0.16217782962362334,0.1234524895058634,-0.02981758580783562,0.33028497603639384
2023,Salamanca,0.25200098360680073,0.22068802564973705,0.2949179968857147,0.29488097711831046,0.2871039235068481,0.15827790060389588,0.16208829023226884,0.20113710105118987,0.2070087535640048,0.16602569807566192,-0.12697870382706053,-0.12693018955065444,-0.08396903869908305,-0.09177925111040171,-0.04298324570862357
2023,Santa Cruz de Tenerife,0.5020539992884694,0.4625619291007402,0.4432018857244061,0.40022547457337704,0.5212685757022267,0.33773806308510157,0.3810408186306984,0.3378423495568851,0.31421555925946737,0.373061685446175,0.21677225965020838,0.18561758131809697,0.17389064943329,0.10732032663848512,0.23236076518641502
2023,Segovia,0.2245881711334794,0.22072116023446053,0.2988953140533525,0.3261456269512728,0.21679880365863946,0.14256954364442448,0.1600678184485298,0.21684216408796184,0.24024648114480746,0.1386695144743813,-0.14647006959148692,-0.12892899212943948,-0.08986322494692676,-0.05861660318589792,-0.12112503225315169
2023,Sevilla,0.31836209059810133,0.2285213358011465,0.3925529288662424,0.25192088023673054,0.19909107721090005,0.18941737878361287,0.16208384341983992,0.2636588074880675,0.1777479258181194,0.10734808073972305,-0.05079540937057815,-0.11913508863085197,0.011696162222028355,-0.1133025486805267,-0.1680363775856482
2023,Soria,0.2129078108573448,0.24801622015898095,0.30664824946870906,0.2949443441101472,0.20897324136062215,0.12303807661044235,0.16209436122238477,0.2089867723911009,0.19722946163648777,0.11521187908869786,-0.14652981156290087,-0.11526525940495097,-0.06643631382458724,-0.07614487772670056,-0.14457560093738958
2023,Tarragona,0.2285279922189988,0.49418520278531575,0.2870856281680226,0.2871938389470562,0.24793154515748508,0.14252386887485774,0.32213265807587876,0.19734295285594952,0.20114715139565736,0.1464427969462597,-0.07225350245154644,0.04884365812560704,-0.044966996154936274,-0.056626569710475465,-0.11338641200154649
2023,Teruel,0.24022711977644787,0.25583729585271603,0.31447844947543063,0.2754595213909733,0.1972594544016644,0.14644776543697915,0.18162524068306665,0.22461330755385525,0.1932824736165375,0.11520455842202101,-0.11913610940834317,-0.09568911122718043,-0.04880121265756804,-0.08001469925941052,-0.15428488366462453
2023,Toledo,0.19334600564298862,0.20896661780139647,0.2558690836787837,0.2324048313956831,0.18158283386514268,0.12301523246180197,0.15037432912123236,0.18164588283010102,0.16209011963473502,0.10735859008344503,-0.1543197069337269,-0.13867412569889861,-0.09183013859273016,-0.12303892803026975,-0.15237066474509753
2023,Valencia,0.24021261479490294,0.41604276494179965,0.23628608517438995,0.3534490565274578,0.2480816590938296,0.15032968090953608,0.29876936943893184,0.16207264051392398,0.2597430503857688,0.15037731744165175,-0.0957034900267561,0.00971011832267077,-0.09780250635800719,-0.025426799445849104,-0.10738640775064652
2023,Valladolid,0.21286113135340642,0.21289300360711708,0.3339080362033217,0.26758574219609255,0.2304704018742463,0.13865267294454198,0.15819096796754725,0.24414106403858135,0.18360529802928754,0.1365884924684394,-0.14647003091762023,-0.12892194047576225,-0.0430585693166872,-0.12104497328089725,-0.08205440372943706
2023,Zamora,0.28712897076421345,0.21286025361338684,0.35736192441420983,0.25978233269812695,0.2558425770380172,0.1777322948282706,0.15427472682065896,0.24806098971784835,0.1738335837185206,0.13664530446772727,-0.0898595787101799,-0.12898190975987975,-0.019498623882263255,-0.12116580048563057,-0.11323798096301431
2023,Zaragoza,0.2714983652793273,0.3027340476558489,0.38869361297556837,0.30661642674965434,0.22069372096222134,0.17377701611896706,0.22460034058364045,0.2910335339283168,0.20896035119205758,0.13080152857837823,-0.08202968294479077,-0.06445099753660481,0.01755841171403087,-0.050794172583259384,-0.12114593053224952
2023,Álava,0.2754400279988004,0.2792966368186639,0.5410979232473637,0.4201515852356842,0.20110342787311533,0.16211058831319503,0.19722576308851086,0.3847674892802746,0.23640731941717105,0.11125675895517732,-0.0996516370935186,-0.09772116038468744,0.11115766150269893,0.009770410568197725,-0.12682073549818598
2023,Ávila,0.26369655407026227,0.2050724367125025,0.3495806629144638,0.3183461563482884,0.2753809408615503,0.18162366221939216,0.1542670702402475,0.2754284022437674,0.24413004159416035,0.18556222578752476,-0.09964655710474736,-0.1446402693532184,-0.03509898325936101,-0.05866135828910749,-0.04298927382303949
